[
  {
    "file": ".gitignore",
    "docs_file": "./docs/.gitignore_docs.md",
    "kw_file": "./docs/.gitignore_kw.md",
    "size": 464,
    "status": "success",
    "timestamp": "2025-11-15T20:37:31.327829Z"
  },
  {
    "file": ".npmrc",
    "docs_file": "./docs/.npmrc_docs.md",
    "kw_file": "./docs/.npmrc_kw.md",
    "size": 26,
    "status": "success",
    "timestamp": "2025-11-15T20:37:31.328430Z"
  },
  {
    "file": "CONTRIBUTING.md",
    "docs_file": "./docs/CONTRIBUTING.md_docs.md",
    "kw_file": "./docs/CONTRIBUTING.md_kw.md",
    "size": 1428,
    "status": "success",
    "timestamp": "2025-11-15T20:37:31.329461Z"
  },
  {
    "file": "LICENSE.md",
    "docs_file": "./docs/LICENSE.md_docs.md",
    "kw_file": "./docs/LICENSE.md_kw.md",
    "size": 1059,
    "status": "success",
    "timestamp": "2025-11-15T20:37:31.330405Z"
  },
  {
    "file": "README.md",
    "docs_file": "./docs/README.md_docs.md",
    "kw_file": "./docs/README.md_kw.md",
    "size": 6457,
    "status": "success",
    "timestamp": "2025-11-15T20:37:31.332826Z"
  },
  {
    "file": "SECURITY.md",
    "docs_file": "./docs/SECURITY.md_docs.md",
    "kw_file": "./docs/SECURITY.md_kw.md",
    "size": 1059,
    "status": "success",
    "timestamp": "2025-11-15T20:37:31.333633Z"
  },
  {
    "file": "biome.json",
    "docs_file": "./docs/biome.json_docs.md",
    "kw_file": "./docs/biome.json_kw.md",
    "size": 2506,
    "status": "success",
    "timestamp": "2025-11-15T20:37:31.334550Z"
  },
  {
    "file": "package.json",
    "docs_file": "./docs/package.json_docs.md",
    "kw_file": "./docs/package.json_kw.md",
    "size": 1254,
    "status": "success",
    "timestamp": "2025-11-15T20:37:31.335270Z"
  },
  {
    "file": "pnpm-lock.yaml",
    "docs_file": "./docs/pnpm-lock.yaml_docs.md",
    "kw_file": "./docs/pnpm-lock.yaml_kw.md",
    "size": 627903,
    "status": "success",
    "timestamp": "2025-11-15T20:37:31.436209Z"
  },
  {
    "file": "pnpm-workspace.yaml",
    "docs_file": "./docs/pnpm-workspace.yaml_docs.md",
    "kw_file": "./docs/pnpm-workspace.yaml_kw.md",
    "size": 107,
    "status": "success",
    "timestamp": "2025-11-15T20:37:31.437314Z"
  },
  {
    "file": "renovate.json",
    "docs_file": "./docs/renovate.json_docs.md",
    "kw_file": "./docs/renovate.json_kw.md",
    "size": 164,
    "status": "success",
    "timestamp": "2025-11-15T20:37:31.437910Z"
  },
  {
    "file": "scan_repo.py",
    "docs_file": "./docs/scan_repo.py_docs.md",
    "kw_file": "./docs/scan_repo.py_kw.md",
    "size": 5201,
    "status": "success",
    "timestamp": "2025-11-15T20:37:31.439848Z"
  },
  {
    "file": "tsconfig.json",
    "docs_file": "./docs/tsconfig.json_docs.md",
    "kw_file": "./docs/tsconfig.json_kw.md",
    "size": 122,
    "status": "success",
    "timestamp": "2025-11-15T20:37:31.440378Z"
  },
  {
    "file": "turbo.json",
    "docs_file": "./docs/turbo.json_docs.md",
    "kw_file": "./docs/turbo.json_kw.md",
    "size": 1320,
    "status": "success",
    "timestamp": "2025-11-15T20:37:31.441103Z"
  },
  {
    "file": "vitest.config.ts",
    "docs_file": "./docs/vitest.config.ts_docs.md",
    "kw_file": "./docs/vitest.config.ts_kw.md",
    "size": 179,
    "status": "success",
    "timestamp": "2025-11-15T20:37:31.442068Z"
  },
  {
    "file": "scripts/check-dependency-versions.ts",
    "docs_file": "./docs/scripts/check-dependency-versions.ts_docs.md",
    "kw_file": "./docs/scripts/check-dependency-versions.ts_kw.md",
    "size": 1117,
    "status": "success",
    "timestamp": "2025-11-15T20:37:31.443249Z"
  },
  {
    "file": "scripts/pull-request-title-check.ts",
    "docs_file": "./docs/scripts/pull-request-title-check.ts_docs.md",
    "kw_file": "./docs/scripts/pull-request-title-check.ts_kw.md",
    "size": 782,
    "status": "success",
    "timestamp": "2025-11-15T20:37:31.444122Z"
  },
  {
    "file": "packages/text/CHANGELOG.md",
    "docs_file": "./docs/packages/text/CHANGELOG.md_docs.md",
    "kw_file": "./docs/packages/text/CHANGELOG.md_kw.md",
    "size": 1432,
    "status": "success",
    "timestamp": "2025-11-15T20:37:31.445398Z"
  },
  {
    "file": "packages/text/license.md",
    "docs_file": "./docs/packages/text/license.md_docs.md",
    "kw_file": "./docs/packages/text/license.md_kw.md",
    "size": 1059,
    "status": "success",
    "timestamp": "2025-11-15T20:37:31.446328Z"
  },
  {
    "file": "packages/text/package.json",
    "docs_file": "./docs/packages/text/package.json_docs.md",
    "kw_file": "./docs/packages/text/package.json_kw.md",
    "size": 1266,
    "status": "success",
    "timestamp": "2025-11-15T20:37:31.447297Z"
  },
  {
    "file": "packages/text/readme.md",
    "docs_file": "./docs/packages/text/readme.md_docs.md",
    "kw_file": "./docs/packages/text/readme.md_kw.md",
    "size": 2745,
    "status": "success",
    "timestamp": "2025-11-15T20:37:31.448531Z"
  },
  {
    "file": "packages/text/tsconfig.json",
    "docs_file": "./docs/packages/text/tsconfig.json_docs.md",
    "kw_file": "./docs/packages/text/tsconfig.json_kw.md",
    "size": 115,
    "status": "success",
    "timestamp": "2025-11-15T20:37:31.449221Z"
  },
  {
    "file": "packages/text/src/index.ts",
    "docs_file": "./docs/packages/text/src/index.ts_docs.md",
    "kw_file": "./docs/packages/text/src/index.ts_kw.md",
    "size": 24,
    "status": "success",
    "timestamp": "2025-11-15T20:37:31.449927Z"
  },
  {
    "file": "packages/text/src/text.spec.tsx",
    "docs_file": "./docs/packages/text/src/text.spec.tsx_docs.md",
    "kw_file": "./docs/packages/text/src/text.spec.tsx_kw.md",
    "size": 885,
    "status": "success",
    "timestamp": "2025-11-15T20:37:31.450954Z"
  },
  {
    "file": "packages/text/src/text.tsx",
    "docs_file": "./docs/packages/text/src/text.tsx_docs.md",
    "kw_file": "./docs/packages/text/src/text.tsx_kw.md",
    "size": 1277,
    "status": "success",
    "timestamp": "2025-11-15T20:37:31.451926Z"
  },
  {
    "file": "packages/text/src/utils/compute-margins.spec.ts",
    "docs_file": "./docs/packages/text/src/utils/compute-margins.spec.ts_docs.md",
    "kw_file": "./docs/packages/text/src/utils/compute-margins.spec.ts_kw.md",
    "size": 1454,
    "status": "success",
    "timestamp": "2025-11-15T20:37:31.452914Z"
  },
  {
    "file": "packages/text/src/utils/compute-margins.ts",
    "docs_file": "./docs/packages/text/src/utils/compute-margins.ts_docs.md",
    "kw_file": "./docs/packages/text/src/utils/compute-margins.ts_kw.md",
    "size": 2414,
    "status": "success",
    "timestamp": "2025-11-15T20:37:31.454237Z"
  },
  {
    "file": "packages/text/src/__snapshots__/text.spec.tsx.snap",
    "docs_file": "./docs/packages/text/src/__snapshots__/text.spec.tsx.snap_docs.md",
    "kw_file": "./docs/packages/text/src/__snapshots__/text.spec.tsx.snap_kw.md",
    "size": 1298,
    "status": "success",
    "timestamp": "2025-11-15T20:37:31.455388Z"
  },
  {
    "file": "packages/img/CHANGELOG.md",
    "docs_file": "./docs/packages/img/CHANGELOG.md_docs.md",
    "kw_file": "./docs/packages/img/CHANGELOG.md_kw.md",
    "size": 756,
    "status": "success",
    "timestamp": "2025-11-15T20:37:31.456237Z"
  },
  {
    "file": "packages/img/license.md",
    "docs_file": "./docs/packages/img/license.md_docs.md",
    "kw_file": "./docs/packages/img/license.md_kw.md",
    "size": 1059,
    "status": "success",
    "timestamp": "2025-11-15T20:37:31.457207Z"
  },
  {
    "file": "packages/img/package.json",
    "docs_file": "./docs/packages/img/package.json_docs.md",
    "kw_file": "./docs/packages/img/package.json_kw.md",
    "size": 1254,
    "status": "success",
    "timestamp": "2025-11-15T20:37:31.458139Z"
  },
  {
    "file": "packages/img/readme.md",
    "docs_file": "./docs/packages/img/readme.md_docs.md",
    "kw_file": "./docs/packages/img/readme.md_kw.md",
    "size": 3172,
    "status": "success",
    "timestamp": "2025-11-15T20:37:31.459666Z"
  },
  {
    "file": "packages/img/tsconfig.json",
    "docs_file": "./docs/packages/img/tsconfig.json_docs.md",
    "kw_file": "./docs/packages/img/tsconfig.json_kw.md",
    "size": 115,
    "status": "success",
    "timestamp": "2025-11-15T20:37:31.460396Z"
  },
  {
    "file": "packages/img/src/img.spec.tsx",
    "docs_file": "./docs/packages/img/src/img.spec.tsx_docs.md",
    "kw_file": "./docs/packages/img/src/img.spec.tsx_kw.md",
    "size": 812,
    "status": "success",
    "timestamp": "2025-11-15T20:37:31.461564Z"
  },
  {
    "file": "packages/img/src/img.tsx",
    "docs_file": "./docs/packages/img/src/img.tsx_docs.md",
    "kw_file": "./docs/packages/img/src/img.tsx_kw.md",
    "size": 536,
    "status": "success",
    "timestamp": "2025-11-15T20:37:31.462517Z"
  },
  {
    "file": "packages/img/src/index.ts",
    "docs_file": "./docs/packages/img/src/index.ts_docs.md",
    "kw_file": "./docs/packages/img/src/index.ts_kw.md",
    "size": 23,
    "status": "success",
    "timestamp": "2025-11-15T20:37:31.463378Z"
  },
  {
    "file": "packages/img/src/__snapshots__/img.spec.tsx.snap",
    "docs_file": "./docs/packages/img/src/__snapshots__/img.spec.tsx.snap_docs.md",
    "kw_file": "./docs/packages/img/src/__snapshots__/img.spec.tsx.snap_kw.md",
    "size": 428,
    "status": "success",
    "timestamp": "2025-11-15T20:37:31.464345Z"
  },
  {
    "file": "packages/render/CHANGELOG.md",
    "docs_file": "./docs/packages/render/CHANGELOG.md_docs.md",
    "kw_file": "./docs/packages/render/CHANGELOG.md_kw.md",
    "size": 6025,
    "status": "success",
    "timestamp": "2025-11-15T20:37:31.466518Z"
  },
  {
    "file": "packages/render/license.md",
    "docs_file": "./docs/packages/render/license.md_docs.md",
    "kw_file": "./docs/packages/render/license.md_kw.md",
    "size": 1059,
    "status": "success",
    "timestamp": "2025-11-15T20:37:31.467491Z"
  },
  {
    "file": "packages/render/package.json",
    "docs_file": "./docs/packages/render/package.json_docs.md",
    "kw_file": "./docs/packages/render/package.json_kw.md",
    "size": 3467,
    "status": "success",
    "timestamp": "2025-11-15T20:37:31.468744Z"
  },
  {
    "file": "packages/render/readme.md",
    "docs_file": "./docs/packages/render/readme.md_docs.md",
    "kw_file": "./docs/packages/render/readme.md_kw.md",
    "size": 812,
    "status": "success",
    "timestamp": "2025-11-15T20:37:31.469646Z"
  },
  {
    "file": "packages/render/tsconfig.json",
    "docs_file": "./docs/packages/render/tsconfig.json_docs.md",
    "kw_file": "./docs/packages/render/tsconfig.json_kw.md",
    "size": 115,
    "status": "success",
    "timestamp": "2025-11-15T20:37:31.470310Z"
  },
  {
    "file": "packages/render/tsdown.config.ts",
    "docs_file": "./docs/packages/render/tsdown.config.ts_docs.md",
    "kw_file": "./docs/packages/render/tsdown.config.ts_kw.md",
    "size": 425,
    "status": "success",
    "timestamp": "2025-11-15T20:37:31.471052Z"
  },
  {
    "file": "packages/render/src/react-internals.d.ts",
    "docs_file": "./docs/packages/render/src/react-internals.d.ts_docs.md",
    "kw_file": "./docs/packages/render/src/react-internals.d.ts_kw.md",
    "size": 161,
    "status": "success",
    "timestamp": "2025-11-15T20:37:31.471886Z"
  },
  {
    "file": "packages/render/src/edge/import-react-dom.tsx",
    "docs_file": "./docs/packages/render/src/edge/import-react-dom.tsx_docs.md",
    "kw_file": "./docs/packages/render/src/edge/import-react-dom.tsx_kw.md",
    "size": 495,
    "status": "success",
    "timestamp": "2025-11-15T20:37:31.472816Z"
  },
  {
    "file": "packages/render/src/edge/index.ts",
    "docs_file": "./docs/packages/render/src/edge/index.ts_docs.md",
    "kw_file": "./docs/packages/render/src/edge/index.ts_kw.md",
    "size": 148,
    "status": "success",
    "timestamp": "2025-11-15T20:37:31.473684Z"
  },
  {
    "file": "packages/render/src/edge/render.spec.tsx",
    "docs_file": "./docs/packages/render/src/edge/render.spec.tsx_docs.md",
    "kw_file": "./docs/packages/render/src/edge/render.spec.tsx_kw.md",
    "size": 5689,
    "status": "success",
    "timestamp": "2025-11-15T20:37:31.475829Z"
  },
  {
    "file": "packages/render/src/edge/render.tsx",
    "docs_file": "./docs/packages/render/src/edge/render.tsx_docs.md",
    "kw_file": "./docs/packages/render/src/edge/render.tsx_kw.md",
    "size": 1301,
    "status": "success",
    "timestamp": "2025-11-15T20:37:31.477035Z"
  },
  {
    "file": "packages/render/src/edge/__snapshots__/render.spec.tsx.snap",
    "docs_file": "./docs/packages/render/src/edge/__snapshots__/render.spec.tsx.snap_docs.md",
    "kw_file": "./docs/packages/render/src/edge/__snapshots__/render.spec.tsx.snap_kw.md",
    "size": 2351,
    "status": "success",
    "timestamp": "2025-11-15T20:37:31.478074Z"
  },
  {
    "file": "packages/render/src/browser/index.ts",
    "docs_file": "./docs/packages/render/src/browser/index.ts_docs.md",
    "kw_file": "./docs/packages/render/src/browser/index.ts_kw.md",
    "size": 148,
    "status": "success",
    "timestamp": "2025-11-15T20:37:31.478946Z"
  },
  {
    "file": "packages/render/src/browser/render-web.spec.tsx",
    "docs_file": "./docs/packages/render/src/browser/render-web.spec.tsx_docs.md",
    "kw_file": "./docs/packages/render/src/browser/render-web.spec.tsx_kw.md",
    "size": 7525,
    "status": "success",
    "timestamp": "2025-11-15T20:37:31.481584Z"
  },
  {
    "file": "packages/render/src/browser/render.tsx",
    "docs_file": "./docs/packages/render/src/browser/render.tsx_docs.md",
    "kw_file": "./docs/packages/render/src/browser/render.tsx_kw.md",
    "size": 1202,
    "status": "success",
    "timestamp": "2025-11-15T20:37:31.482816Z"
  },
  {
    "file": "packages/render/src/browser/__snapshots__/render-web.spec.tsx.snap",
    "docs_file": "./docs/packages/render/src/browser/__snapshots__/render-web.spec.tsx.snap_docs.md",
    "kw_file": "./docs/packages/render/src/browser/__snapshots__/render-web.spec.tsx.snap_kw.md",
    "size": 32300,
    "status": "success",
    "timestamp": "2025-11-15T20:37:31.491373Z"
  },
  {
    "file": "packages/render/src/shared/options.ts",
    "docs_file": "./docs/packages/render/src/shared/options.ts_docs.md",
    "kw_file": "./docs/packages/render/src/shared/options.ts_kw.md",
    "size": 712,
    "status": "success",
    "timestamp": "2025-11-15T20:37:31.492466Z"
  },
  {
    "file": "packages/render/src/shared/read-stream.browser.ts",
    "docs_file": "./docs/packages/render/src/shared/read-stream.browser.ts_docs.md",
    "kw_file": "./docs/packages/render/src/shared/read-stream.browser.ts_kw.md",
    "size": 801,
    "status": "success",
    "timestamp": "2025-11-15T20:37:31.493573Z"
  },
  {
    "file": "packages/render/src/shared/utils/pretty.spec.ts",
    "docs_file": "./docs/packages/render/src/shared/utils/pretty.spec.ts_docs.md",
    "kw_file": "./docs/packages/render/src/shared/utils/pretty.spec.ts_kw.md",
    "size": 658,
    "status": "success",
    "timestamp": "2025-11-15T20:37:31.494709Z"
  },
  {
    "file": "packages/render/src/shared/utils/pretty.ts",
    "docs_file": "./docs/packages/render/src/shared/utils/pretty.ts_docs.md",
    "kw_file": "./docs/packages/render/src/shared/utils/pretty.ts_kw.md",
    "size": 2515,
    "status": "success",
    "timestamp": "2025-11-15T20:37:31.496261Z"
  },
  {
    "file": "packages/render/src/shared/utils/to-plain-text.ts",
    "docs_file": "./docs/packages/render/src/shared/utils/to-plain-text.ts_docs.md",
    "kw_file": "./docs/packages/render/src/shared/utils/to-plain-text.ts_kw.md",
    "size": 534,
    "status": "success",
    "timestamp": "2025-11-15T20:37:31.497508Z"
  },
  {
    "file": "packages/render/src/shared/utils/__snapshots__/pretty.spec.ts.snap",
    "docs_file": "./docs/packages/render/src/shared/utils/__snapshots__/pretty.spec.ts.snap_docs.md",
    "kw_file": "./docs/packages/render/src/shared/utils/__snapshots__/pretty.spec.ts.snap_kw.md",
    "size": 9332,
    "status": "success",
    "timestamp": "2025-11-15T20:37:31.500367Z"
  },
  {
    "file": "packages/render/src/shared/utils/testing/preview.tsx",
    "docs_file": "./docs/packages/render/src/shared/utils/testing/preview.tsx_docs.md",
    "kw_file": "./docs/packages/render/src/shared/utils/testing/preview.tsx_kw.md",
    "size": 184,
    "status": "success",
    "timestamp": "2025-11-15T20:37:31.501461Z"
  },
  {
    "file": "packages/render/src/shared/utils/testing/stripe-email.html",
    "docs_file": "./docs/packages/render/src/shared/utils/testing/stripe-email.html_docs.md",
    "kw_file": "./docs/packages/render/src/shared/utils/testing/stripe-email.html_kw.md",
    "size": 6326,
    "status": "success",
    "timestamp": "2025-11-15T20:37:31.504076Z"
  },
  {
    "file": "packages/render/src/shared/utils/testing/template.tsx",
    "docs_file": "./docs/packages/render/src/shared/utils/testing/template.tsx_docs.md",
    "kw_file": "./docs/packages/render/src/shared/utils/testing/template.tsx_kw.md",
    "size": 338,
    "status": "success",
    "timestamp": "2025-11-15T20:37:31.505233Z"
  },
  {
    "file": "packages/render/src/node/index.ts",
    "docs_file": "./docs/packages/render/src/node/index.ts_docs.md",
    "kw_file": "./docs/packages/render/src/node/index.ts_kw.md",
    "size": 148,
    "status": "success",
    "timestamp": "2025-11-15T20:37:31.506129Z"
  },
  {
    "file": "packages/render/src/node/read-stream.spec.ts",
    "docs_file": "./docs/packages/render/src/node/read-stream.spec.ts_docs.md",
    "kw_file": "./docs/packages/render/src/node/read-stream.spec.ts_kw.md",
    "size": 6374,
    "status": "success",
    "timestamp": "2025-11-15T20:37:31.508413Z"
  },
  {
    "file": "packages/render/src/node/read-stream.ts",
    "docs_file": "./docs/packages/render/src/node/read-stream.ts_docs.md",
    "kw_file": "./docs/packages/render/src/node/read-stream.ts_kw.md",
    "size": 1521,
    "status": "success",
    "timestamp": "2025-11-15T20:37:31.509601Z"
  },
  {
    "file": "packages/render/src/node/render-edge.spec.tsx",
    "docs_file": "./docs/packages/render/src/node/render-edge.spec.tsx_docs.md",
    "kw_file": "./docs/packages/render/src/node/render-edge.spec.tsx_kw.md",
    "size": 7655,
    "status": "success",
    "timestamp": "2025-11-15T20:37:31.512212Z"
  },
  {
    "file": "packages/render/src/node/render-node.spec.tsx",
    "docs_file": "./docs/packages/render/src/node/render-node.spec.tsx_docs.md",
    "kw_file": "./docs/packages/render/src/node/render-node.spec.tsx_kw.md",
    "size": 7056,
    "status": "success",
    "timestamp": "2025-11-15T20:37:31.514678Z"
  },
  {
    "file": "packages/render/src/node/render.tsx",
    "docs_file": "./docs/packages/render/src/node/render.tsx_docs.md",
    "kw_file": "./docs/packages/render/src/node/render.tsx_kw.md",
    "size": 1604,
    "status": "success",
    "timestamp": "2025-11-15T20:37:31.516000Z"
  },
  {
    "file": "packages/render/src/node/__snapshots__/render-async-edge.spec.tsx.snap",
    "docs_file": "./docs/packages/render/src/node/__snapshots__/render-async-edge.spec.tsx.snap_docs.md",
    "kw_file": "./docs/packages/render/src/node/__snapshots__/render-async-edge.spec.tsx.snap_kw.md",
    "size": 2374,
    "status": "success",
    "timestamp": "2025-11-15T20:37:31.517180Z"
  },
  {
    "file": "packages/render/src/node/__snapshots__/render-async-node.spec.tsx.snap",
    "docs_file": "./docs/packages/render/src/node/__snapshots__/render-async-node.spec.tsx.snap_docs.md",
    "kw_file": "./docs/packages/render/src/node/__snapshots__/render-async-node.spec.tsx.snap_kw.md",
    "size": 3940,
    "status": "success",
    "timestamp": "2025-11-15T20:37:31.518852Z"
  },
  {
    "file": "packages/render/src/node/__snapshots__/render-edge.spec.tsx.snap",
    "docs_file": "./docs/packages/render/src/node/__snapshots__/render-edge.spec.tsx.snap_docs.md",
    "kw_file": "./docs/packages/render/src/node/__snapshots__/render-edge.spec.tsx.snap_kw.md",
    "size": 30517,
    "status": "success",
    "timestamp": "2025-11-15T20:37:31.526538Z"
  },
  {
    "file": "packages/render/src/node/__snapshots__/render-node.spec.tsx.snap",
    "docs_file": "./docs/packages/render/src/node/__snapshots__/render-node.spec.tsx.snap_docs.md",
    "kw_file": "./docs/packages/render/src/node/__snapshots__/render-node.spec.tsx.snap_kw.md",
    "size": 31343,
    "status": "success",
    "timestamp": "2025-11-15T20:37:31.534803Z"
  },
  {
    "file": "packages/body/CHANGELOG.md",
    "docs_file": "./docs/packages/body/CHANGELOG.md_docs.md",
    "kw_file": "./docs/packages/body/CHANGELOG.md_kw.md",
    "size": 1123,
    "status": "success",
    "timestamp": "2025-11-15T20:37:31.535879Z"
  },
  {
    "file": "packages/body/license.md",
    "docs_file": "./docs/packages/body/license.md_docs.md",
    "kw_file": "./docs/packages/body/license.md_kw.md",
    "size": 1059,
    "status": "success",
    "timestamp": "2025-11-15T20:37:31.536844Z"
  },
  {
    "file": "packages/body/package.json",
    "docs_file": "./docs/packages/body/package.json_docs.md",
    "kw_file": "./docs/packages/body/package.json_kw.md",
    "size": 1042,
    "status": "success",
    "timestamp": "2025-11-15T20:37:31.537753Z"
  },
  {
    "file": "packages/body/readme.md",
    "docs_file": "./docs/packages/body/readme.md_docs.md",
    "kw_file": "./docs/packages/body/readme.md_kw.md",
    "size": 3191,
    "status": "success",
    "timestamp": "2025-11-15T20:37:31.539103Z"
  },
  {
    "file": "packages/body/tsconfig.json",
    "docs_file": "./docs/packages/body/tsconfig.json_docs.md",
    "kw_file": "./docs/packages/body/tsconfig.json_kw.md",
    "size": 115,
    "status": "success",
    "timestamp": "2025-11-15T20:37:31.539862Z"
  },
  {
    "file": "packages/body/src/body.spec.tsx",
    "docs_file": "./docs/packages/body/src/body.spec.tsx_docs.md",
    "kw_file": "./docs/packages/body/src/body.spec.tsx_kw.md",
    "size": 1245,
    "status": "success",
    "timestamp": "2025-11-15T20:37:31.541118Z"
  },
  {
    "file": "packages/body/src/body.tsx",
    "docs_file": "./docs/packages/body/src/body.tsx_docs.md",
    "kw_file": "./docs/packages/body/src/body.tsx_kw.md",
    "size": 1587,
    "status": "success",
    "timestamp": "2025-11-15T20:37:31.542456Z"
  },
  {
    "file": "packages/body/src/index.ts",
    "docs_file": "./docs/packages/body/src/index.ts_docs.md",
    "kw_file": "./docs/packages/body/src/index.ts_kw.md",
    "size": 24,
    "status": "success",
    "timestamp": "2025-11-15T20:37:31.543383Z"
  },
  {
    "file": "packages/body/src/margin-properties.ts",
    "docs_file": "./docs/packages/body/src/margin-properties.ts_docs.md",
    "kw_file": "./docs/packages/body/src/margin-properties.ts_kw.md",
    "size": 267,
    "status": "success",
    "timestamp": "2025-11-15T20:37:31.544237Z"
  },
  {
    "file": "packages/body/src/__snapshots__/body.spec.tsx.snap",
    "docs_file": "./docs/packages/body/src/__snapshots__/body.spec.tsx.snap_docs.md",
    "kw_file": "./docs/packages/body/src/__snapshots__/body.spec.tsx.snap_kw.md",
    "size": 5766,
    "status": "success",
    "timestamp": "2025-11-15T20:37:31.546282Z"
  },
  {
    "file": "packages/code-block/CHANGELOG.md",
    "docs_file": "./docs/packages/code-block/CHANGELOG.md_docs.md",
    "kw_file": "./docs/packages/code-block/CHANGELOG.md_kw.md",
    "size": 1701,
    "status": "success",
    "timestamp": "2025-11-15T20:37:31.547457Z"
  },
  {
    "file": "packages/code-block/license.md",
    "docs_file": "./docs/packages/code-block/license.md_docs.md",
    "kw_file": "./docs/packages/code-block/license.md_kw.md",
    "size": 1059,
    "status": "success",
    "timestamp": "2025-11-15T20:37:31.548436Z"
  },
  {
    "file": "packages/code-block/package.json",
    "docs_file": "./docs/packages/code-block/package.json_docs.md",
    "kw_file": "./docs/packages/code-block/package.json_kw.md",
    "size": 1337,
    "status": "success",
    "timestamp": "2025-11-15T20:37:31.549424Z"
  },
  {
    "file": "packages/code-block/readme.md",
    "docs_file": "./docs/packages/code-block/readme.md_docs.md",
    "kw_file": "./docs/packages/code-block/readme.md_kw.md",
    "size": 5252,
    "status": "success",
    "timestamp": "2025-11-15T20:37:31.551442Z"
  },
  {
    "file": "packages/code-block/tsconfig.json",
    "docs_file": "./docs/packages/code-block/tsconfig.json_docs.md",
    "kw_file": "./docs/packages/code-block/tsconfig.json_kw.md",
    "size": 115,
    "status": "success",
    "timestamp": "2025-11-15T20:37:31.552133Z"
  },
  {
    "file": "packages/code-block/src/code-block.tsx",
    "docs_file": "./docs/packages/code-block/src/code-block.tsx_docs.md",
    "kw_file": "./docs/packages/code-block/src/code-block.tsx_kw.md",
    "size": 3383,
    "status": "success",
    "timestamp": "2025-11-15T20:37:31.553532Z"
  },
  {
    "file": "packages/code-block/src/index.ts",
    "docs_file": "./docs/packages/code-block/src/index.ts_docs.md",
    "kw_file": "./docs/packages/code-block/src/index.ts_kw.md",
    "size": 95,
    "status": "success",
    "timestamp": "2025-11-15T20:37:31.554340Z"
  },
  {
    "file": "packages/code-block/src/languages-available.ts",
    "docs_file": "./docs/packages/code-block/src/languages-available.ts_docs.md",
    "kw_file": "./docs/packages/code-block/src/languages-available.ts_kw.md",
    "size": 5115,
    "status": "success",
    "timestamp": "2025-11-15T20:37:31.556592Z"
  },
  {
    "file": "packages/code-block/src/prism.ts",
    "docs_file": "./docs/packages/code-block/src/prism.ts_docs.md",
    "kw_file": "./docs/packages/code-block/src/prism.ts_kw.md",
    "size": 729930,
    "status": "success",
    "timestamp": "2025-11-15T20:37:31.735305Z"
  },
  {
    "file": "packages/code-block/src/themes.ts",
    "docs_file": "./docs/packages/code-block/src/themes.ts_docs.md",
    "kw_file": "./docs/packages/code-block/src/themes.ts_kw.md",
    "size": 82925,
    "status": "success",
    "timestamp": "2025-11-15T20:37:31.748586Z"
  },
  {
    "file": "packages/preview-server/.gitignore",
    "docs_file": "./docs/packages/preview-server/.gitignore_docs.md",
    "kw_file": "./docs/packages/preview-server/.gitignore_kw.md",
    "size": 71,
    "status": "success",
    "timestamp": "2025-11-15T20:37:31.749411Z"
  },
  {
    "file": "packages/preview-server/.npmignore",
    "docs_file": "./docs/packages/preview-server/.npmignore_docs.md",
    "kw_file": "./docs/packages/preview-server/.npmignore_kw.md",
    "size": 58,
    "status": "success",
    "timestamp": "2025-11-15T20:37:31.750113Z"
  },
  {
    "file": "packages/preview-server/CHANGELOG.md",
    "docs_file": "./docs/packages/preview-server/CHANGELOG.md_docs.md",
    "kw_file": "./docs/packages/preview-server/CHANGELOG.md_kw.md",
    "size": 5558,
    "status": "success",
    "timestamp": "2025-11-15T20:37:31.752206Z"
  },
  {
    "file": "packages/preview-server/index.mjs",
    "docs_file": "./docs/packages/preview-server/index.mjs_docs.md",
    "kw_file": "./docs/packages/preview-server/index.mjs_kw.md",
    "size": 490,
    "status": "success",
    "timestamp": "2025-11-15T20:37:31.753020Z"
  },
  {
    "file": "packages/preview-server/license.md",
    "docs_file": "./docs/packages/preview-server/license.md_docs.md",
    "kw_file": "./docs/packages/preview-server/license.md_kw.md",
    "size": 1059,
    "status": "success",
    "timestamp": "2025-11-15T20:37:31.753980Z"
  },
  {
    "file": "packages/preview-server/module-punycode.d.ts",
    "docs_file": "./docs/packages/preview-server/module-punycode.d.ts_docs.md",
    "kw_file": "./docs/packages/preview-server/module-punycode.d.ts_kw.md",
    "size": 70,
    "status": "success",
    "timestamp": "2025-11-15T20:37:31.754678Z"
  },
  {
    "file": "packages/preview-server/next.config.mjs",
    "docs_file": "./docs/packages/preview-server/next.config.mjs_docs.md",
    "kw_file": "./docs/packages/preview-server/next.config.mjs_kw.md",
    "size": 577,
    "status": "success",
    "timestamp": "2025-11-15T20:37:31.755485Z"
  },
  {
    "file": "packages/preview-server/package.json",
    "docs_file": "./docs/packages/preview-server/package.json_docs.md",
    "kw_file": "./docs/packages/preview-server/package.json_kw.md",
    "size": 2429,
    "status": "success",
    "timestamp": "2025-11-15T20:37:31.756991Z"
  },
  {
    "file": "packages/preview-server/postcss.config.js",
    "docs_file": "./docs/packages/preview-server/postcss.config.js_docs.md",
    "kw_file": "./docs/packages/preview-server/postcss.config.js_kw.md",
    "size": 174,
    "status": "success",
    "timestamp": "2025-11-15T20:37:31.758012Z"
  },
  {
    "file": "packages/preview-server/readme.md",
    "docs_file": "./docs/packages/preview-server/readme.md_docs.md",
    "kw_file": "./docs/packages/preview-server/readme.md_kw.md",
    "size": 982,
    "status": "success",
    "timestamp": "2025-11-15T20:37:31.759112Z"
  },
  {
    "file": "packages/preview-server/tailwind.config.ts",
    "docs_file": "./docs/packages/preview-server/tailwind.config.ts_docs.md",
    "kw_file": "./docs/packages/preview-server/tailwind.config.ts_kw.md",
    "size": 3058,
    "status": "success",
    "timestamp": "2025-11-15T20:37:31.760473Z"
  },
  {
    "file": "packages/preview-server/tsconfig.json",
    "docs_file": "./docs/packages/preview-server/tsconfig.json_docs.md",
    "kw_file": "./docs/packages/preview-server/tsconfig.json_kw.md",
    "size": 1184,
    "status": "success",
    "timestamp": "2025-11-15T20:37:31.761456Z"
  },
  {
    "file": "packages/preview-server/vitest.config.ts",
    "docs_file": "./docs/packages/preview-server/vitest.config.ts_docs.md",
    "kw_file": "./docs/packages/preview-server/vitest.config.ts_kw.md",
    "size": 249,
    "status": "success",
    "timestamp": "2025-11-15T20:37:31.762443Z"
  },
  {
    "file": "packages/preview-server/scripts/build-preview-server.mts",
    "docs_file": "./docs/packages/preview-server/scripts/build-preview-server.mts_docs.md",
    "kw_file": "./docs/packages/preview-server/scripts/build-preview-server.mts_kw.md",
    "size": 685,
    "status": "success",
    "timestamp": "2025-11-15T20:37:31.763337Z"
  },
  {
    "file": "packages/preview-server/scripts/dev.mts",
    "docs_file": "./docs/packages/preview-server/scripts/dev.mts_docs.md",
    "kw_file": "./docs/packages/preview-server/scripts/dev.mts_kw.md",
    "size": 1470,
    "status": "success",
    "timestamp": "2025-11-15T20:37:31.764502Z"
  },
  {
    "file": "packages/preview-server/scripts/fill-caniemail-data.mts",
    "docs_file": "./docs/packages/preview-server/scripts/fill-caniemail-data.mts_docs.md",
    "kw_file": "./docs/packages/preview-server/scripts/fill-caniemail-data.mts_kw.md",
    "size": 1137,
    "status": "success",
    "timestamp": "2025-11-15T20:37:31.765637Z"
  },
  {
    "file": "packages/preview-server/scripts/seed.mts",
    "docs_file": "./docs/packages/preview-server/scripts/seed.mts_docs.md",
    "kw_file": "./docs/packages/preview-server/scripts/seed.mts_kw.md",
    "size": 876,
    "status": "success",
    "timestamp": "2025-11-15T20:37:31.766791Z"
  },
  {
    "file": "packages/preview-server/scripts/utils/default-seed/feedback-request.tsx",
    "docs_file": "./docs/packages/preview-server/scripts/utils/default-seed/feedback-request.tsx_docs.md",
    "kw_file": "./docs/packages/preview-server/scripts/utils/default-seed/feedback-request.tsx_kw.md",
    "size": 2296,
    "status": "success",
    "timestamp": "2025-11-15T20:37:31.768420Z"
  },
  {
    "file": "packages/preview-server/scripts/utils/default-seed/communications/payment-overdue.tsx",
    "docs_file": "./docs/packages/preview-server/scripts/utils/default-seed/communications/payment-overdue.tsx_docs.md",
    "kw_file": "./docs/packages/preview-server/scripts/utils/default-seed/communications/payment-overdue.tsx_kw.md",
    "size": 2328,
    "status": "success",
    "timestamp": "2025-11-15T20:37:31.770034Z"
  },
  {
    "file": "packages/preview-server/scripts/utils/default-seed/communications/team-invite.tsx",
    "docs_file": "./docs/packages/preview-server/scripts/utils/default-seed/communications/team-invite.tsx_docs.md",
    "kw_file": "./docs/packages/preview-server/scripts/utils/default-seed/communications/team-invite.tsx_kw.md",
    "size": 2125,
    "status": "success",
    "timestamp": "2025-11-15T20:37:31.771509Z"
  },
  {
    "file": "packages/preview-server/scripts/utils/default-seed/communications/webhooks-failed.tsx",
    "docs_file": "./docs/packages/preview-server/scripts/utils/default-seed/communications/webhooks-failed.tsx_docs.md",
    "kw_file": "./docs/packages/preview-server/scripts/utils/default-seed/communications/webhooks-failed.tsx_kw.md",
    "size": 2309,
    "status": "success",
    "timestamp": "2025-11-15T20:37:31.773071Z"
  },
  {
    "file": "packages/preview-server/scripts/utils/default-seed/auth/account-confirmation.tsx",
    "docs_file": "./docs/packages/preview-server/scripts/utils/default-seed/auth/account-confirmation.tsx_docs.md",
    "kw_file": "./docs/packages/preview-server/scripts/utils/default-seed/auth/account-confirmation.tsx_kw.md",
    "size": 1946,
    "status": "success",
    "timestamp": "2025-11-15T20:37:31.774454Z"
  },
  {
    "file": "packages/preview-server/scripts/utils/default-seed/auth/forgot-password.tsx",
    "docs_file": "./docs/packages/preview-server/scripts/utils/default-seed/auth/forgot-password.tsx_docs.md",
    "kw_file": "./docs/packages/preview-server/scripts/utils/default-seed/auth/forgot-password.tsx_kw.md",
    "size": 1988,
    "status": "success",
    "timestamp": "2025-11-15T20:37:31.776091Z"
  },
  {
    "file": "packages/preview-server/scripts/utils/default-seed/marketing/changelog.tsx",
    "docs_file": "./docs/packages/preview-server/scripts/utils/default-seed/marketing/changelog.tsx_docs.md",
    "kw_file": "./docs/packages/preview-server/scripts/utils/default-seed/marketing/changelog.tsx_kw.md",
    "size": 2817,
    "status": "success",
    "timestamp": "2025-11-15T20:37:31.777877Z"
  },
  {
    "file": "packages/preview-server/jsx-runtime/jsx-dev-runtime.js",
    "docs_file": "./docs/packages/preview-server/jsx-runtime/jsx-dev-runtime.js_docs.md",
    "kw_file": "./docs/packages/preview-server/jsx-runtime/jsx-dev-runtime.js_kw.md",
    "size": 718,
    "status": "success",
    "timestamp": "2025-11-15T20:37:31.779011Z"
  },
  {
    "file": "packages/preview-server/src/actions/export-single-template.ts",
    "docs_file": "./docs/packages/preview-server/src/actions/export-single-template.ts_docs.md",
    "kw_file": "./docs/packages/preview-server/src/actions/export-single-template.ts_kw.md",
    "size": 869,
    "status": "success",
    "timestamp": "2025-11-15T20:37:31.780364Z"
  },
  {
    "file": "packages/preview-server/src/actions/get-email-path-from-slug.ts",
    "docs_file": "./docs/packages/preview-server/src/actions/get-email-path-from-slug.ts_docs.md",
    "kw_file": "./docs/packages/preview-server/src/actions/get-email-path-from-slug.ts_kw.md",
    "size": 1097,
    "status": "success",
    "timestamp": "2025-11-15T20:37:31.781513Z"
  },
  {
    "file": "packages/preview-server/src/actions/get-emails-directory-metadata-action.ts",
    "docs_file": "./docs/packages/preview-server/src/actions/get-emails-directory-metadata-action.ts_docs.md",
    "kw_file": "./docs/packages/preview-server/src/actions/get-emails-directory-metadata-action.ts_kw.md",
    "size": 579,
    "status": "success",
    "timestamp": "2025-11-15T20:37:31.782513Z"
  },
  {
    "file": "packages/preview-server/src/actions/render-email-by-path.tsx",
    "docs_file": "./docs/packages/preview-server/src/actions/render-email-by-path.tsx_docs.md",
    "kw_file": "./docs/packages/preview-server/src/actions/render-email-by-path.tsx_kw.md",
    "size": 7523,
    "status": "success",
    "timestamp": "2025-11-15T20:37:31.784983Z"
  },
  {
    "file": "packages/preview-server/src/actions/safe-action.ts",
    "docs_file": "./docs/packages/preview-server/src/actions/safe-action.ts_docs.md",
    "kw_file": "./docs/packages/preview-server/src/actions/safe-action.ts_kw.md",
    "size": 420,
    "status": "success",
    "timestamp": "2025-11-15T20:37:31.786025Z"
  },
  {
    "file": "packages/preview-server/src/actions/email-validation/caniemail-data.ts",
    "docs_file": "./docs/packages/preview-server/src/actions/email-validation/caniemail-data.ts_docs.md",
    "kw_file": "./docs/packages/preview-server/src/actions/email-validation/caniemail-data.ts_kw.md",
    "size": 1549507,
    "status": "success",
    "timestamp": "2025-11-15T20:37:31.989233Z"
  },
  {
    "file": "packages/preview-server/src/actions/email-validation/check-compatibility.ts",
    "docs_file": "./docs/packages/preview-server/src/actions/email-validation/check-compatibility.ts_docs.md",
    "kw_file": "./docs/packages/preview-server/src/actions/email-validation/check-compatibility.ts_kw.md",
    "size": 10158,
    "status": "success",
    "timestamp": "2025-11-15T20:37:31.992285Z"
  },
  {
    "file": "packages/preview-server/src/actions/email-validation/check-images.spec.tsx",
    "docs_file": "./docs/packages/preview-server/src/actions/email-validation/check-images.spec.tsx_docs.md",
    "kw_file": "./docs/packages/preview-server/src/actions/email-validation/check-images.spec.tsx_kw.md",
    "size": 630,
    "status": "success",
    "timestamp": "2025-11-15T20:37:31.993425Z"
  },
  {
    "file": "packages/preview-server/src/actions/email-validation/check-images.ts",
    "docs_file": "./docs/packages/preview-server/src/actions/email-validation/check-images.ts_docs.md",
    "kw_file": "./docs/packages/preview-server/src/actions/email-validation/check-images.ts_kw.md",
    "size": 4126,
    "status": "success",
    "timestamp": "2025-11-15T20:37:31.995513Z"
  },
  {
    "file": "packages/preview-server/src/actions/email-validation/check-links.spec.tsx",
    "docs_file": "./docs/packages/preview-server/src/actions/email-validation/check-links.spec.tsx_docs.md",
    "kw_file": "./docs/packages/preview-server/src/actions/email-validation/check-links.spec.tsx_kw.md",
    "size": 2226,
    "status": "success",
    "timestamp": "2025-11-15T20:37:31.996932Z"
  },
  {
    "file": "packages/preview-server/src/actions/email-validation/check-links.ts",
    "docs_file": "./docs/packages/preview-server/src/actions/email-validation/check-links.ts_docs.md",
    "kw_file": "./docs/packages/preview-server/src/actions/email-validation/check-links.ts_kw.md",
    "size": 2889,
    "status": "success",
    "timestamp": "2025-11-15T20:37:31.998477Z"
  },
  {
    "file": "packages/preview-server/src/actions/email-validation/get-code-location-from-ast-element.ts",
    "docs_file": "./docs/packages/preview-server/src/actions/email-validation/get-code-location-from-ast-element.ts_docs.md",
    "kw_file": "./docs/packages/preview-server/src/actions/email-validation/get-code-location-from-ast-element.ts_kw.md",
    "size": 431,
    "status": "success",
    "timestamp": "2025-11-15T20:37:31.999550Z"
  },
  {
    "file": "packages/preview-server/src/actions/email-validation/quick-fetch.ts",
    "docs_file": "./docs/packages/preview-server/src/actions/email-validation/quick-fetch.ts_docs.md",
    "kw_file": "./docs/packages/preview-server/src/actions/email-validation/quick-fetch.ts_kw.md",
    "size": 401,
    "status": "success",
    "timestamp": "2025-11-15T20:37:32.000879Z"
  },
  {
    "file": "packages/preview-server/src/actions/email-validation/__snapshots__/check-images.spec.tsx.snap",
    "docs_file": "./docs/packages/preview-server/src/actions/email-validation/__snapshots__/check-images.spec.tsx.snap_docs.md",
    "kw_file": "./docs/packages/preview-server/src/actions/email-validation/__snapshots__/check-images.spec.tsx.snap_kw.md",
    "size": 1567,
    "status": "success",
    "timestamp": "2025-11-15T20:37:32.002371Z"
  },
  {
    "file": "packages/preview-server/src/hooks/use-clamped-state.ts",
    "docs_file": "./docs/packages/preview-server/src/hooks/use-clamped-state.ts_docs.md",
    "kw_file": "./docs/packages/preview-server/src/hooks/use-clamped-state.ts_kw.md",
    "size": 667,
    "status": "success",
    "timestamp": "2025-11-15T20:37:32.003409Z"
  },
  {
    "file": "packages/preview-server/src/hooks/use-email-rendering-result.ts",
    "docs_file": "./docs/packages/preview-server/src/hooks/use-email-rendering-result.ts_docs.md",
    "kw_file": "./docs/packages/preview-server/src/hooks/use-email-rendering-result.ts_kw.md",
    "size": 1763,
    "status": "success",
    "timestamp": "2025-11-15T20:37:32.004640Z"
  },
  {
    "file": "packages/preview-server/src/hooks/use-fragment-identifier.ts",
    "docs_file": "./docs/packages/preview-server/src/hooks/use-fragment-identifier.ts_docs.md",
    "kw_file": "./docs/packages/preview-server/src/hooks/use-fragment-identifier.ts_kw.md",
    "size": 441,
    "status": "success",
    "timestamp": "2025-11-15T20:37:32.005705Z"
  },
  {
    "file": "packages/preview-server/src/hooks/use-hot-reload.ts",
    "docs_file": "./docs/packages/preview-server/src/hooks/use-hot-reload.ts_docs.md",
    "kw_file": "./docs/packages/preview-server/src/hooks/use-hot-reload.ts_kw.md",
    "size": 791,
    "status": "success",
    "timestamp": "2025-11-15T20:37:32.006827Z"
  },
  {
    "file": "packages/preview-server/src/hooks/use-rendering-metadata.ts",
    "docs_file": "./docs/packages/preview-server/src/hooks/use-rendering-metadata.ts_docs.md",
    "kw_file": "./docs/packages/preview-server/src/hooks/use-rendering-metadata.ts_kw.md",
    "size": 1169,
    "status": "success",
    "timestamp": "2025-11-15T20:37:32.007924Z"
  },
  {
    "file": "packages/preview-server/src/utils/cn.ts",
    "docs_file": "./docs/packages/preview-server/src/utils/cn.ts_docs.md",
    "kw_file": "./docs/packages/preview-server/src/utils/cn.ts_kw.md",
    "size": 173,
    "status": "success",
    "timestamp": "2025-11-15T20:37:32.008807Z"
  },
  {
    "file": "packages/preview-server/src/utils/constants.ts",
    "docs_file": "./docs/packages/preview-server/src/utils/constants.ts_docs.md",
    "kw_file": "./docs/packages/preview-server/src/utils/constants.ts_kw.md",
    "size": 159,
    "status": "success",
    "timestamp": "2025-11-15T20:37:32.009731Z"
  },
  {
    "file": "packages/preview-server/src/utils/contains-email-template.spec.ts",
    "docs_file": "./docs/packages/preview-server/src/utils/contains-email-template.spec.ts_docs.md",
    "kw_file": "./docs/packages/preview-server/src/utils/contains-email-template.spec.ts_kw.md",
    "size": 4079,
    "status": "success",
    "timestamp": "2025-11-15T20:37:32.011390Z"
  },
  {
    "file": "packages/preview-server/src/utils/contains-email-template.ts",
    "docs_file": "./docs/packages/preview-server/src/utils/contains-email-template.ts_docs.md",
    "kw_file": "./docs/packages/preview-server/src/utils/contains-email-template.ts_kw.md",
    "size": 1319,
    "status": "success",
    "timestamp": "2025-11-15T20:37:32.012529Z"
  },
  {
    "file": "packages/preview-server/src/utils/convert-stack-with-sourcemap.ts",
    "docs_file": "./docs/packages/preview-server/src/utils/convert-stack-with-sourcemap.ts_docs.md",
    "kw_file": "./docs/packages/preview-server/src/utils/convert-stack-with-sourcemap.ts_kw.md",
    "size": 2540,
    "status": "success",
    "timestamp": "2025-11-15T20:37:32.013861Z"
  },
  {
    "file": "packages/preview-server/src/utils/copy-text-to-clipboard.ts",
    "docs_file": "./docs/packages/preview-server/src/utils/copy-text-to-clipboard.ts_docs.md",
    "kw_file": "./docs/packages/preview-server/src/utils/copy-text-to-clipboard.ts_kw.md",
    "size": 176,
    "status": "success",
    "timestamp": "2025-11-15T20:37:32.014834Z"
  },
  {
    "file": "packages/preview-server/src/utils/create-jsx-runtime.ts",
    "docs_file": "./docs/packages/preview-server/src/utils/create-jsx-runtime.ts_docs.md",
    "kw_file": "./docs/packages/preview-server/src/utils/create-jsx-runtime.ts_kw.md",
    "size": 1300,
    "status": "success",
    "timestamp": "2025-11-15T20:37:32.016036Z"
  },
  {
    "file": "packages/preview-server/src/utils/get-email-component.spec.ts",
    "docs_file": "./docs/packages/preview-server/src/utils/get-email-component.spec.ts_docs.md",
    "kw_file": "./docs/packages/preview-server/src/utils/get-email-component.spec.ts_kw.md",
    "size": 1286,
    "status": "success",
    "timestamp": "2025-11-15T20:37:32.017236Z"
  },
  {
    "file": "packages/preview-server/src/utils/get-email-component.ts",
    "docs_file": "./docs/packages/preview-server/src/utils/get-email-component.ts_docs.md",
    "kw_file": "./docs/packages/preview-server/src/utils/get-email-component.ts_kw.md",
    "size": 4679,
    "status": "success",
    "timestamp": "2025-11-15T20:37:32.019174Z"
  },
  {
    "file": "packages/preview-server/src/utils/get-emails-directory-metadata.spec.ts",
    "docs_file": "./docs/packages/preview-server/src/utils/get-emails-directory-metadata.spec.ts_docs.md",
    "kw_file": "./docs/packages/preview-server/src/utils/get-emails-directory-metadata.spec.ts_kw.md",
    "size": 2554,
    "status": "success",
    "timestamp": "2025-11-15T20:37:32.020668Z"
  },
  {
    "file": "packages/preview-server/src/utils/get-emails-directory-metadata.ts",
    "docs_file": "./docs/packages/preview-server/src/utils/get-emails-directory-metadata.ts_docs.md",
    "kw_file": "./docs/packages/preview-server/src/utils/get-emails-directory-metadata.ts_kw.md",
    "size": 3951,
    "status": "success",
    "timestamp": "2025-11-15T20:37:32.022335Z"
  },
  {
    "file": "packages/preview-server/src/utils/get-line-and-column-from-offset.spec.ts",
    "docs_file": "./docs/packages/preview-server/src/utils/get-line-and-column-from-offset.spec.ts_docs.md",
    "kw_file": "./docs/packages/preview-server/src/utils/get-line-and-column-from-offset.spec.ts_kw.md",
    "size": 483,
    "status": "success",
    "timestamp": "2025-11-15T20:37:32.023364Z"
  },
  {
    "file": "packages/preview-server/src/utils/get-line-and-column-from-offset.ts",
    "docs_file": "./docs/packages/preview-server/src/utils/get-line-and-column-from-offset.ts_docs.md",
    "kw_file": "./docs/packages/preview-server/src/utils/get-line-and-column-from-offset.ts_kw.md",
    "size": 339,
    "status": "success",
    "timestamp": "2025-11-15T20:37:32.024330Z"
  },
  {
    "file": "packages/preview-server/src/utils/index.ts",
    "docs_file": "./docs/packages/preview-server/src/utils/index.ts_docs.md",
    "kw_file": "./docs/packages/preview-server/src/utils/index.ts_kw.md",
    "size": 183,
    "status": "success",
    "timestamp": "2025-11-15T20:37:32.025219Z"
  },
  {
    "file": "packages/preview-server/src/utils/js-email-detection.spec.ts",
    "docs_file": "./docs/packages/preview-server/src/utils/js-email-detection.spec.ts_docs.md",
    "kw_file": "./docs/packages/preview-server/src/utils/js-email-detection.spec.ts_kw.md",
    "size": 923,
    "status": "success",
    "timestamp": "2025-11-15T20:37:32.026344Z"
  },
  {
    "file": "packages/preview-server/src/utils/language-map.ts",
    "docs_file": "./docs/packages/preview-server/src/utils/language-map.ts_docs.md",
    "kw_file": "./docs/packages/preview-server/src/utils/language-map.ts_kw.md",
    "size": 112,
    "status": "success",
    "timestamp": "2025-11-15T20:37:32.027219Z"
  },
  {
    "file": "packages/preview-server/src/utils/linting.ts",
    "docs_file": "./docs/packages/preview-server/src/utils/linting.ts_docs.md",
    "kw_file": "./docs/packages/preview-server/src/utils/linting.ts_kw.md",
    "size": 1479,
    "status": "success",
    "timestamp": "2025-11-15T20:37:32.028361Z"
  },
  {
    "file": "packages/preview-server/src/utils/load-stream.ts",
    "docs_file": "./docs/packages/preview-server/src/utils/load-stream.ts_docs.md",
    "kw_file": "./docs/packages/preview-server/src/utils/load-stream.ts_kw.md",
    "size": 294,
    "status": "success",
    "timestamp": "2025-11-15T20:37:32.029232Z"
  },
  {
    "file": "packages/preview-server/src/utils/register-spinner-autostopping.ts",
    "docs_file": "./docs/packages/preview-server/src/utils/register-spinner-autostopping.ts_docs.md",
    "kw_file": "./docs/packages/preview-server/src/utils/register-spinner-autostopping.ts_kw.md",
    "size": 553,
    "status": "success",
    "timestamp": "2025-11-15T20:37:32.030194Z"
  },
  {
    "file": "packages/preview-server/src/utils/result.ts",
    "docs_file": "./docs/packages/preview-server/src/utils/result.ts_docs.md",
    "kw_file": "./docs/packages/preview-server/src/utils/result.ts_kw.md",
    "size": 1353,
    "status": "success",
    "timestamp": "2025-11-15T20:37:32.031329Z"
  },
  {
    "file": "packages/preview-server/src/utils/run-bundled-code.ts",
    "docs_file": "./docs/packages/preview-server/src/utils/run-bundled-code.ts_docs.md",
    "kw_file": "./docs/packages/preview-server/src/utils/run-bundled-code.ts_kw.md",
    "size": 2474,
    "status": "success",
    "timestamp": "2025-11-15T20:37:32.032895Z"
  },
  {
    "file": "packages/preview-server/src/utils/sanitize.ts",
    "docs_file": "./docs/packages/preview-server/src/utils/sanitize.ts_docs.md",
    "kw_file": "./docs/packages/preview-server/src/utils/sanitize.ts_kw.md",
    "size": 167,
    "status": "success",
    "timestamp": "2025-11-15T20:37:32.033993Z"
  },
  {
    "file": "packages/preview-server/src/utils/sleep.ts",
    "docs_file": "./docs/packages/preview-server/src/utils/sleep.ts_docs.md",
    "kw_file": "./docs/packages/preview-server/src/utils/sleep.ts_kw.md",
    "size": 98,
    "status": "success",
    "timestamp": "2025-11-15T20:37:32.034965Z"
  },
  {
    "file": "packages/preview-server/src/utils/snake-to-camel.ts",
    "docs_file": "./docs/packages/preview-server/src/utils/snake-to-camel.ts_docs.md",
    "kw_file": "./docs/packages/preview-server/src/utils/snake-to-camel.ts_kw.md",
    "size": 158,
    "status": "success",
    "timestamp": "2025-11-15T20:37:32.035842Z"
  },
  {
    "file": "packages/preview-server/src/utils/static-node-modules-for-vm.ts",
    "docs_file": "./docs/packages/preview-server/src/utils/static-node-modules-for-vm.ts_docs.md",
    "kw_file": "./docs/packages/preview-server/src/utils/static-node-modules-for-vm.ts_kw.md",
    "size": 2393,
    "status": "success",
    "timestamp": "2025-11-15T20:37:32.037404Z"
  },
  {
    "file": "packages/preview-server/src/utils/style-text.ts",
    "docs_file": "./docs/packages/preview-server/src/utils/style-text.ts_docs.md",
    "kw_file": "./docs/packages/preview-server/src/utils/style-text.ts_kw.md",
    "size": 395,
    "status": "success",
    "timestamp": "2025-11-15T20:37:32.038410Z"
  },
  {
    "file": "packages/preview-server/src/utils/unreachable.ts",
    "docs_file": "./docs/packages/preview-server/src/utils/unreachable.ts_docs.md",
    "kw_file": "./docs/packages/preview-server/src/utils/unreachable.ts_kw.md",
    "size": 259,
    "status": "success",
    "timestamp": "2025-11-15T20:37:32.039462Z"
  },
  {
    "file": "packages/preview-server/src/utils/caniemail/all-css-properties.ts",
    "docs_file": "./docs/packages/preview-server/src/utils/caniemail/all-css-properties.ts_docs.md",
    "kw_file": "./docs/packages/preview-server/src/utils/caniemail/all-css-properties.ts_kw.md",
    "size": 7344,
    "status": "success",
    "timestamp": "2025-11-15T20:37:32.042289Z"
  },
  {
    "file": "packages/preview-server/src/utils/caniemail/get-compatibility-stats-for-entry.ts",
    "docs_file": "./docs/packages/preview-server/src/utils/caniemail/get-compatibility-stats-for-entry.ts_docs.md",
    "kw_file": "./docs/packages/preview-server/src/utils/caniemail/get-compatibility-stats-for-entry.ts_kw.md",
    "size": 3599,
    "status": "success",
    "timestamp": "2025-11-15T20:37:32.043924Z"
  },
  {
    "file": "packages/preview-server/src/utils/caniemail/get-css-functions.ts",
    "docs_file": "./docs/packages/preview-server/src/utils/caniemail/get-css-functions.ts_docs.md",
    "kw_file": "./docs/packages/preview-server/src/utils/caniemail/get-css-functions.ts_kw.md",
    "size": 696,
    "status": "success",
    "timestamp": "2025-11-15T20:37:32.044998Z"
  },
  {
    "file": "packages/preview-server/src/utils/caniemail/get-css-property-names.ts",
    "docs_file": "./docs/packages/preview-server/src/utils/caniemail/get-css-property-names.ts_docs.md",
    "kw_file": "./docs/packages/preview-server/src/utils/caniemail/get-css-property-names.ts_kw.md",
    "size": 847,
    "status": "success",
    "timestamp": "2025-11-15T20:37:32.046121Z"
  },
  {
    "file": "packages/preview-server/src/utils/caniemail/get-css-property-with-value.ts",
    "docs_file": "./docs/packages/preview-server/src/utils/caniemail/get-css-property-with-value.ts_docs.md",
    "kw_file": "./docs/packages/preview-server/src/utils/caniemail/get-css-property-with-value.ts_kw.md",
    "size": 383,
    "status": "success",
    "timestamp": "2025-11-15T20:37:32.047188Z"
  },
  {
    "file": "packages/preview-server/src/utils/caniemail/get-css-unit.ts",
    "docs_file": "./docs/packages/preview-server/src/utils/caniemail/get-css-unit.ts_docs.md",
    "kw_file": "./docs/packages/preview-server/src/utils/caniemail/get-css-unit.ts_kw.md",
    "size": 125,
    "status": "success",
    "timestamp": "2025-11-15T20:37:32.048152Z"
  },
  {
    "file": "packages/preview-server/src/utils/caniemail/get-element-attributes.ts",
    "docs_file": "./docs/packages/preview-server/src/utils/caniemail/get-element-attributes.ts_docs.md",
    "kw_file": "./docs/packages/preview-server/src/utils/caniemail/get-element-attributes.ts_kw.md",
    "size": 158,
    "status": "success",
    "timestamp": "2025-11-15T20:37:32.049112Z"
  },
  {
    "file": "packages/preview-server/src/utils/caniemail/get-element-names.ts",
    "docs_file": "./docs/packages/preview-server/src/utils/caniemail/get-element-names.ts_docs.md",
    "kw_file": "./docs/packages/preview-server/src/utils/caniemail/get-element-names.ts_kw.md",
    "size": 586,
    "status": "success",
    "timestamp": "2025-11-15T20:37:32.050109Z"
  },
  {
    "file": "packages/preview-server/src/utils/caniemail/ast/get-object-variables.spec.ts",
    "docs_file": "./docs/packages/preview-server/src/utils/caniemail/ast/get-object-variables.spec.ts_docs.md",
    "kw_file": "./docs/packages/preview-server/src/utils/caniemail/ast/get-object-variables.spec.ts_kw.md",
    "size": 483,
    "status": "success",
    "timestamp": "2025-11-15T20:37:32.051294Z"
  },
  {
    "file": "packages/preview-server/src/utils/caniemail/ast/get-object-variables.ts",
    "docs_file": "./docs/packages/preview-server/src/utils/caniemail/ast/get-object-variables.ts_docs.md",
    "kw_file": "./docs/packages/preview-server/src/utils/caniemail/ast/get-object-variables.ts_kw.md",
    "size": 1612,
    "status": "success",
    "timestamp": "2025-11-15T20:37:32.052764Z"
  },
  {
    "file": "packages/preview-server/src/utils/caniemail/ast/get-used-style-properties.spec.ts",
    "docs_file": "./docs/packages/preview-server/src/utils/caniemail/ast/get-used-style-properties.spec.ts_docs.md",
    "kw_file": "./docs/packages/preview-server/src/utils/caniemail/ast/get-used-style-properties.spec.ts_kw.md",
    "size": 3198,
    "status": "success",
    "timestamp": "2025-11-15T20:37:32.054274Z"
  },
  {
    "file": "packages/preview-server/src/utils/caniemail/ast/get-used-style-properties.ts",
    "docs_file": "./docs/packages/preview-server/src/utils/caniemail/ast/get-used-style-properties.ts_docs.md",
    "kw_file": "./docs/packages/preview-server/src/utils/caniemail/ast/get-used-style-properties.ts_kw.md",
    "size": 4382,
    "status": "success",
    "timestamp": "2025-11-15T20:37:32.056052Z"
  },
  {
    "file": "packages/preview-server/src/utils/caniemail/ast/__snapshots__/get-object-variables.spec.ts.snap",
    "docs_file": "./docs/packages/preview-server/src/utils/caniemail/ast/__snapshots__/get-object-variables.spec.ts.snap_docs.md",
    "kw_file": "./docs/packages/preview-server/src/utils/caniemail/ast/__snapshots__/get-object-variables.spec.ts.snap_kw.md",
    "size": 1652,
    "status": "success",
    "timestamp": "2025-11-15T20:37:32.057269Z"
  },
  {
    "file": "packages/preview-server/src/utils/caniemail/tailwind/get-tailwind-config.spec.ts",
    "docs_file": "./docs/packages/preview-server/src/utils/caniemail/tailwind/get-tailwind-config.spec.ts_docs.md",
    "kw_file": "./docs/packages/preview-server/src/utils/caniemail/tailwind/get-tailwind-config.spec.ts_kw.md",
    "size": 844,
    "status": "success",
    "timestamp": "2025-11-15T20:37:32.058464Z"
  },
  {
    "file": "packages/preview-server/src/utils/caniemail/tailwind/get-tailwind-config.ts",
    "docs_file": "./docs/packages/preview-server/src/utils/caniemail/tailwind/get-tailwind-config.ts_docs.md",
    "kw_file": "./docs/packages/preview-server/src/utils/caniemail/tailwind/get-tailwind-config.ts_kw.md",
    "size": 4555,
    "status": "success",
    "timestamp": "2025-11-15T20:37:32.060425Z"
  },
  {
    "file": "packages/preview-server/src/utils/caniemail/tailwind/get-tailwind-metadata.spec.ts",
    "docs_file": "./docs/packages/preview-server/src/utils/caniemail/tailwind/get-tailwind-metadata.spec.ts_docs.md",
    "kw_file": "./docs/packages/preview-server/src/utils/caniemail/tailwind/get-tailwind-metadata.spec.ts_kw.md",
    "size": 813,
    "status": "success",
    "timestamp": "2025-11-15T20:37:32.061593Z"
  },
  {
    "file": "packages/preview-server/src/utils/caniemail/tailwind/get-tailwind-metadata.ts",
    "docs_file": "./docs/packages/preview-server/src/utils/caniemail/tailwind/get-tailwind-metadata.ts_docs.md",
    "kw_file": "./docs/packages/preview-server/src/utils/caniemail/tailwind/get-tailwind-metadata.ts_kw.md",
    "size": 1048,
    "status": "success",
    "timestamp": "2025-11-15T20:37:32.062840Z"
  },
  {
    "file": "packages/preview-server/src/utils/caniemail/tailwind/tests/dummy-email-template.tsx",
    "docs_file": "./docs/packages/preview-server/src/utils/caniemail/tailwind/tests/dummy-email-template.tsx_docs.md",
    "kw_file": "./docs/packages/preview-server/src/utils/caniemail/tailwind/tests/dummy-email-template.tsx_kw.md",
    "size": 258,
    "status": "success",
    "timestamp": "2025-11-15T20:37:32.063881Z"
  },
  {
    "file": "packages/preview-server/src/utils/caniemail/tailwind/tests/tailwind.config.ts",
    "docs_file": "./docs/packages/preview-server/src/utils/caniemail/tailwind/tests/tailwind.config.ts_docs.md",
    "kw_file": "./docs/packages/preview-server/src/utils/caniemail/tailwind/tests/tailwind.config.ts_kw.md",
    "size": 171,
    "status": "success",
    "timestamp": "2025-11-15T20:37:32.064930Z"
  },
  {
    "file": "packages/preview-server/src/utils/types/as.ts",
    "docs_file": "./docs/packages/preview-server/src/utils/types/as.ts_docs.md",
    "kw_file": "./docs/packages/preview-server/src/utils/types/as.ts_kw.md",
    "size": 630,
    "status": "success",
    "timestamp": "2025-11-15T20:37:32.065884Z"
  },
  {
    "file": "packages/preview-server/src/utils/types/email-template.ts",
    "docs_file": "./docs/packages/preview-server/src/utils/types/email-template.ts_docs.md",
    "kw_file": "./docs/packages/preview-server/src/utils/types/email-template.ts_kw.md",
    "size": 267,
    "status": "success",
    "timestamp": "2025-11-15T20:37:32.066895Z"
  },
  {
    "file": "packages/preview-server/src/utils/types/error-object.ts",
    "docs_file": "./docs/packages/preview-server/src/utils/types/error-object.ts_docs.md",
    "kw_file": "./docs/packages/preview-server/src/utils/types/error-object.ts_kw.md",
    "size": 272,
    "status": "success",
    "timestamp": "2025-11-15T20:37:32.067838Z"
  },
  {
    "file": "packages/preview-server/src/utils/types/hot-reload-change.ts",
    "docs_file": "./docs/packages/preview-server/src/utils/types/hot-reload-change.ts_docs.md",
    "kw_file": "./docs/packages/preview-server/src/utils/types/hot-reload-change.ts_kw.md",
    "size": 194,
    "status": "success",
    "timestamp": "2025-11-15T20:37:32.068773Z"
  },
  {
    "file": "packages/preview-server/src/utils/__snapshots__/get-email-component.spec.ts.snap",
    "docs_file": "./docs/packages/preview-server/src/utils/__snapshots__/get-email-component.spec.ts.snap_docs.md",
    "kw_file": "./docs/packages/preview-server/src/utils/__snapshots__/get-email-component.spec.ts.snap_kw.md",
    "size": 12888,
    "status": "success",
    "timestamp": "2025-11-15T20:37:32.071716Z"
  },
  {
    "file": "packages/preview-server/src/utils/esbuild/escape-string-for-regex.ts",
    "docs_file": "./docs/packages/preview-server/src/utils/esbuild/escape-string-for-regex.ts_docs.md",
    "kw_file": "./docs/packages/preview-server/src/utils/esbuild/escape-string-for-regex.ts_kw.md",
    "size": 136,
    "status": "success",
    "timestamp": "2025-11-15T20:37:32.072720Z"
  },
  {
    "file": "packages/preview-server/src/utils/esbuild/renderring-utilities-exporter.ts",
    "docs_file": "./docs/packages/preview-server/src/utils/esbuild/renderring-utilities-exporter.ts_docs.md",
    "kw_file": "./docs/packages/preview-server/src/utils/esbuild/renderring-utilities-exporter.ts_kw.md",
    "size": 2370,
    "status": "success",
    "timestamp": "2025-11-15T20:37:32.074494Z"
  },
  {
    "file": "packages/preview-server/src/utils/testing/js-email-export-default.js",
    "docs_file": "./docs/packages/preview-server/src/utils/testing/js-email-export-default.js_docs.md",
    "kw_file": "./docs/packages/preview-server/src/utils/testing/js-email-export-default.js_kw.md",
    "size": 362,
    "status": "success",
    "timestamp": "2025-11-15T20:37:32.075512Z"
  },
  {
    "file": "packages/preview-server/src/utils/testing/js-email-test.js",
    "docs_file": "./docs/packages/preview-server/src/utils/testing/js-email-test.js_docs.md",
    "kw_file": "./docs/packages/preview-server/src/utils/testing/js-email-test.js_kw.md",
    "size": 385,
    "status": "success",
    "timestamp": "2025-11-15T20:37:32.076546Z"
  },
  {
    "file": "packages/preview-server/src/utils/testing/mdx-email-test.js",
    "docs_file": "./docs/packages/preview-server/src/utils/testing/mdx-email-test.js_docs.md",
    "kw_file": "./docs/packages/preview-server/src/utils/testing/mdx-email-test.js_kw.md",
    "size": 2546,
    "status": "success",
    "timestamp": "2025-11-15T20:37:32.078011Z"
  },
  {
    "file": "packages/preview-server/src/utils/testing/request-response-email.tsx",
    "docs_file": "./docs/packages/preview-server/src/utils/testing/request-response-email.tsx_docs.md",
    "kw_file": "./docs/packages/preview-server/src/utils/testing/request-response-email.tsx_kw.md",
    "size": 149,
    "status": "success",
    "timestamp": "2025-11-15T20:37:32.079000Z"
  },
  {
    "file": "packages/preview-server/src/utils/testing/vercel-invite-user.tsx",
    "docs_file": "./docs/packages/preview-server/src/utils/testing/vercel-invite-user.tsx_docs.md",
    "kw_file": "./docs/packages/preview-server/src/utils/testing/vercel-invite-user.tsx_kw.md",
    "size": 5099,
    "status": "success",
    "timestamp": "2025-11-15T20:37:32.081102Z"
  },
  {
    "file": "packages/preview-server/src/app/env.ts",
    "docs_file": "./docs/packages/preview-server/src/app/env.ts_docs.md",
    "kw_file": "./docs/packages/preview-server/src/app/env.ts_kw.md",
    "size": 610,
    "status": "success",
    "timestamp": "2025-11-15T20:37:32.082100Z"
  },
  {
    "file": "packages/preview-server/src/app/fonts.ts",
    "docs_file": "./docs/packages/preview-server/src/app/fonts.ts_docs.md",
    "kw_file": "./docs/packages/preview-server/src/app/fonts.ts_kw.md",
    "size": 765,
    "status": "success",
    "timestamp": "2025-11-15T20:37:32.083228Z"
  },
  {
    "file": "packages/preview-server/src/app/globals.css",
    "docs_file": "./docs/packages/preview-server/src/app/globals.css_docs.md",
    "kw_file": "./docs/packages/preview-server/src/app/globals.css_kw.md",
    "size": 185,
    "status": "success",
    "timestamp": "2025-11-15T20:37:32.084181Z"
  },
  {
    "file": "packages/preview-server/src/app/layout.tsx",
    "docs_file": "./docs/packages/preview-server/src/app/layout.tsx_docs.md",
    "kw_file": "./docs/packages/preview-server/src/app/layout.tsx_kw.md",
    "size": 1293,
    "status": "success",
    "timestamp": "2025-11-15T20:37:32.085411Z"
  },
  {
    "file": "packages/preview-server/src/app/page.tsx",
    "docs_file": "./docs/packages/preview-server/src/app/page.tsx_docs.md",
    "kw_file": "./docs/packages/preview-server/src/app/page.tsx_kw.md",
    "size": 1537,
    "status": "success",
    "timestamp": "2025-11-15T20:37:32.086745Z"
  },
  {
    "file": "packages/preview-server/src/app/preview/[...slug]/email-frame.tsx",
    "docs_file": "./docs/packages/preview-server/src/app/preview/[...slug]/email-frame.tsx_docs.md",
    "kw_file": "./docs/packages/preview-server/src/app/preview/[...slug]/email-frame.tsx_kw.md",
    "size": 9429,
    "status": "success",
    "timestamp": "2025-11-15T20:37:32.090152Z"
  },
  {
    "file": "packages/preview-server/src/app/preview/[...slug]/error-overlay.tsx",
    "docs_file": "./docs/packages/preview-server/src/app/preview/[...slug]/error-overlay.tsx_docs.md",
    "kw_file": "./docs/packages/preview-server/src/app/preview/[...slug]/error-overlay.tsx_kw.md",
    "size": 1853,
    "status": "success",
    "timestamp": "2025-11-15T20:37:32.091720Z"
  },
  {
    "file": "packages/preview-server/src/app/preview/[...slug]/page.tsx",
    "docs_file": "./docs/packages/preview-server/src/app/preview/[...slug]/page.tsx_docs.md",
    "kw_file": "./docs/packages/preview-server/src/app/preview/[...slug]/page.tsx_kw.md",
    "size": 5101,
    "status": "success",
    "timestamp": "2025-11-15T20:37:32.094432Z"
  },
  {
    "file": "packages/preview-server/src/app/preview/[...slug]/preview.tsx",
    "docs_file": "./docs/packages/preview-server/src/app/preview/[...slug]/preview.tsx_docs.md",
    "kw_file": "./docs/packages/preview-server/src/app/preview/[...slug]/preview.tsx_kw.md",
    "size": 8309,
    "status": "success",
    "timestamp": "2025-11-15T20:37:32.097279Z"
  },
  {
    "file": "packages/preview-server/src/contexts/emails.tsx",
    "docs_file": "./docs/packages/preview-server/src/contexts/emails.tsx_docs.md",
    "kw_file": "./docs/packages/preview-server/src/contexts/emails.tsx_kw.md",
    "size": 1728,
    "status": "success",
    "timestamp": "2025-11-15T20:37:32.098640Z"
  },
  {
    "file": "packages/preview-server/src/contexts/preview.tsx",
    "docs_file": "./docs/packages/preview-server/src/contexts/preview.tsx_docs.md",
    "kw_file": "./docs/packages/preview-server/src/contexts/preview.tsx_kw.md",
    "size": 2251,
    "status": "success",
    "timestamp": "2025-11-15T20:37:32.100057Z"
  },
  {
    "file": "packages/preview-server/src/contexts/toolbar.tsx",
    "docs_file": "./docs/packages/preview-server/src/contexts/toolbar.tsx_docs.md",
    "kw_file": "./docs/packages/preview-server/src/contexts/toolbar.tsx_kw.md",
    "size": 772,
    "status": "success",
    "timestamp": "2025-11-15T20:37:32.101105Z"
  },
  {
    "file": "packages/preview-server/src/animated-icons-data/help.json",
    "docs_file": "./docs/packages/preview-server/src/animated-icons-data/help.json_docs.md",
    "kw_file": "./docs/packages/preview-server/src/animated-icons-data/help.json_kw.md",
    "size": 36300,
    "status": "success",
    "timestamp": "2025-11-15T20:37:32.104128Z"
  },
  {
    "file": "packages/preview-server/src/animated-icons-data/link.json",
    "docs_file": "./docs/packages/preview-server/src/animated-icons-data/link.json_docs.md",
    "kw_file": "./docs/packages/preview-server/src/animated-icons-data/link.json_kw.md",
    "size": 46309,
    "status": "success",
    "timestamp": "2025-11-15T20:37:32.107551Z"
  },
  {
    "file": "packages/preview-server/src/animated-icons-data/load.json",
    "docs_file": "./docs/packages/preview-server/src/animated-icons-data/load.json_docs.md",
    "kw_file": "./docs/packages/preview-server/src/animated-icons-data/load.json_kw.md",
    "size": 13453,
    "status": "success",
    "timestamp": "2025-11-15T20:37:32.110121Z"
  },
  {
    "file": "packages/preview-server/src/animated-icons-data/mail.json",
    "docs_file": "./docs/packages/preview-server/src/animated-icons-data/mail.json_docs.md",
    "kw_file": "./docs/packages/preview-server/src/animated-icons-data/mail.json_kw.md",
    "size": 47054,
    "status": "success",
    "timestamp": "2025-11-15T20:37:32.113425Z"
  },
  {
    "file": "packages/preview-server/src/components/button.tsx",
    "docs_file": "./docs/packages/preview-server/src/components/button.tsx_docs.md",
    "kw_file": "./docs/packages/preview-server/src/components/button.tsx_kw.md",
    "size": 2587,
    "status": "success",
    "timestamp": "2025-11-15T20:37:32.115000Z"
  },
  {
    "file": "packages/preview-server/src/components/code-container.tsx",
    "docs_file": "./docs/packages/preview-server/src/components/code-container.tsx_docs.md",
    "kw_file": "./docs/packages/preview-server/src/components/code-container.tsx_kw.md",
    "size": 5117,
    "status": "success",
    "timestamp": "2025-11-15T20:37:32.117056Z"
  },
  {
    "file": "packages/preview-server/src/components/code-snippet.tsx",
    "docs_file": "./docs/packages/preview-server/src/components/code-snippet.tsx_docs.md",
    "kw_file": "./docs/packages/preview-server/src/components/code-snippet.tsx_kw.md",
    "size": 223,
    "status": "success",
    "timestamp": "2025-11-15T20:37:32.118169Z"
  },
  {
    "file": "packages/preview-server/src/components/code.tsx",
    "docs_file": "./docs/packages/preview-server/src/components/code.tsx_docs.md",
    "kw_file": "./docs/packages/preview-server/src/components/code.tsx_kw.md",
    "size": 6088,
    "status": "success",
    "timestamp": "2025-11-15T20:37:32.120309Z"
  },
  {
    "file": "packages/preview-server/src/components/heading.tsx",
    "docs_file": "./docs/packages/preview-server/src/components/heading.tsx_docs.md",
    "kw_file": "./docs/packages/preview-server/src/components/heading.tsx_kw.md",
    "size": 2418,
    "status": "success",
    "timestamp": "2025-11-15T20:37:32.121747Z"
  },
  {
    "file": "packages/preview-server/src/components/index.ts",
    "docs_file": "./docs/packages/preview-server/src/components/index.ts_docs.md",
    "kw_file": "./docs/packages/preview-server/src/components/index.ts_kw.md",
    "size": 178,
    "status": "success",
    "timestamp": "2025-11-15T20:37:32.122782Z"
  },
  {
    "file": "packages/preview-server/src/components/logo.tsx",
    "docs_file": "./docs/packages/preview-server/src/components/logo.tsx_docs.md",
    "kw_file": "./docs/packages/preview-server/src/components/logo.tsx_kw.md",
    "size": 11993,
    "status": "success",
    "timestamp": "2025-11-15T20:37:32.124665Z"
  },
  {
    "file": "packages/preview-server/src/components/resizable-wrapper.tsx",
    "docs_file": "./docs/packages/preview-server/src/components/resizable-wrapper.tsx_docs.md",
    "kw_file": "./docs/packages/preview-server/src/components/resizable-wrapper.tsx_kw.md",
    "size": 8525,
    "status": "success",
    "timestamp": "2025-11-15T20:37:32.127157Z"
  },
  {
    "file": "packages/preview-server/src/components/send.tsx",
    "docs_file": "./docs/packages/preview-server/src/components/send.tsx_docs.md",
    "kw_file": "./docs/packages/preview-server/src/components/send.tsx_kw.md",
    "size": 4907,
    "status": "success",
    "timestamp": "2025-11-15T20:37:32.129152Z"
  },
  {
    "file": "packages/preview-server/src/components/shell.tsx",
    "docs_file": "./docs/packages/preview-server/src/components/shell.tsx_docs.md",
    "kw_file": "./docs/packages/preview-server/src/components/shell.tsx_kw.md",
    "size": 3090,
    "status": "success",
    "timestamp": "2025-11-15T20:37:32.130704Z"
  },
  {
    "file": "packages/preview-server/src/components/text.tsx",
    "docs_file": "./docs/packages/preview-server/src/components/text.tsx_docs.md",
    "kw_file": "./docs/packages/preview-server/src/components/text.tsx_kw.md",
    "size": 2336,
    "status": "success",
    "timestamp": "2025-11-15T20:37:32.132155Z"
  },
  {
    "file": "packages/preview-server/src/components/toolbar.tsx",
    "docs_file": "./docs/packages/preview-server/src/components/toolbar.tsx_docs.md",
    "kw_file": "./docs/packages/preview-server/src/components/toolbar.tsx_kw.md",
    "size": 14851,
    "status": "success",
    "timestamp": "2025-11-15T20:37:32.135799Z"
  },
  {
    "file": "packages/preview-server/src/components/tooltip-content.tsx",
    "docs_file": "./docs/packages/preview-server/src/components/tooltip-content.tsx_docs.md",
    "kw_file": "./docs/packages/preview-server/src/components/tooltip-content.tsx_kw.md",
    "size": 898,
    "status": "success",
    "timestamp": "2025-11-15T20:37:32.136956Z"
  },
  {
    "file": "packages/preview-server/src/components/tooltip.tsx",
    "docs_file": "./docs/packages/preview-server/src/components/tooltip.tsx_docs.md",
    "kw_file": "./docs/packages/preview-server/src/components/tooltip.tsx_kw.md",
    "size": 647,
    "status": "success",
    "timestamp": "2025-11-15T20:37:32.138021Z"
  },
  {
    "file": "packages/preview-server/src/components/topbar.tsx",
    "docs_file": "./docs/packages/preview-server/src/components/topbar.tsx_docs.md",
    "kw_file": "./docs/packages/preview-server/src/components/topbar.tsx_kw.md",
    "size": 1780,
    "status": "success",
    "timestamp": "2025-11-15T20:37:32.139390Z"
  },
  {
    "file": "packages/preview-server/src/components/icons/icon-arrow-down.tsx",
    "docs_file": "./docs/packages/preview-server/src/components/icons/icon-arrow-down.tsx_docs.md",
    "kw_file": "./docs/packages/preview-server/src/components/icons/icon-arrow-down.tsx_kw.md",
    "size": 486,
    "status": "success",
    "timestamp": "2025-11-15T20:37:32.140506Z"
  },
  {
    "file": "packages/preview-server/src/components/icons/icon-base.tsx",
    "docs_file": "./docs/packages/preview-server/src/components/icons/icon-base.tsx_docs.md",
    "kw_file": "./docs/packages/preview-server/src/components/icons/icon-base.tsx_kw.md",
    "size": 593,
    "status": "success",
    "timestamp": "2025-11-15T20:37:32.141654Z"
  },
  {
    "file": "packages/preview-server/src/components/icons/icon-bug.tsx",
    "docs_file": "./docs/packages/preview-server/src/components/icons/icon-bug.tsx_docs.md",
    "kw_file": "./docs/packages/preview-server/src/components/icons/icon-bug.tsx_kw.md",
    "size": 730,
    "status": "success",
    "timestamp": "2025-11-15T20:37:32.142820Z"
  },
  {
    "file": "packages/preview-server/src/components/icons/icon-button.tsx",
    "docs_file": "./docs/packages/preview-server/src/components/icons/icon-button.tsx_docs.md",
    "kw_file": "./docs/packages/preview-server/src/components/icons/icon-button.tsx_kw.md",
    "size": 631,
    "status": "success",
    "timestamp": "2025-11-15T20:37:32.144029Z"
  },
  {
    "file": "packages/preview-server/src/components/icons/icon-check.tsx",
    "docs_file": "./docs/packages/preview-server/src/components/icons/icon-check.tsx_docs.md",
    "kw_file": "./docs/packages/preview-server/src/components/icons/icon-check.tsx_kw.md",
    "size": 538,
    "status": "success",
    "timestamp": "2025-11-15T20:37:32.145119Z"
  },
  {
    "file": "packages/preview-server/src/components/icons/icon-clipboard.tsx",
    "docs_file": "./docs/packages/preview-server/src/components/icons/icon-clipboard.tsx_docs.md",
    "kw_file": "./docs/packages/preview-server/src/components/icons/icon-clipboard.tsx_kw.md",
    "size": 1336,
    "status": "success",
    "timestamp": "2025-11-15T20:37:32.146282Z"
  },
  {
    "file": "packages/preview-server/src/components/icons/icon-cloud-alert.tsx",
    "docs_file": "./docs/packages/preview-server/src/components/icons/icon-cloud-alert.tsx_docs.md",
    "kw_file": "./docs/packages/preview-server/src/components/icons/icon-cloud-alert.tsx_kw.md",
    "size": 456,
    "status": "success",
    "timestamp": "2025-11-15T20:37:32.147457Z"
  },
  {
    "file": "packages/preview-server/src/components/icons/icon-cloud-check.tsx",
    "docs_file": "./docs/packages/preview-server/src/components/icons/icon-cloud-check.tsx_docs.md",
    "kw_file": "./docs/packages/preview-server/src/components/icons/icon-cloud-check.tsx_kw.md",
    "size": 448,
    "status": "success",
    "timestamp": "2025-11-15T20:37:32.148522Z"
  },
  {
    "file": "packages/preview-server/src/components/icons/icon-download.tsx",
    "docs_file": "./docs/packages/preview-server/src/components/icons/icon-download.tsx_docs.md",
    "kw_file": "./docs/packages/preview-server/src/components/icons/icon-download.tsx_kw.md",
    "size": 607,
    "status": "success",
    "timestamp": "2025-11-15T20:37:32.149648Z"
  },
  {
    "file": "packages/preview-server/src/components/icons/icon-email.tsx",
    "docs_file": "./docs/packages/preview-server/src/components/icons/icon-email.tsx_docs.md",
    "kw_file": "./docs/packages/preview-server/src/components/icons/icon-email.tsx_kw.md",
    "size": 554,
    "status": "success",
    "timestamp": "2025-11-15T20:37:32.150729Z"
  },
  {
    "file": "packages/preview-server/src/components/icons/icon-file.tsx",
    "docs_file": "./docs/packages/preview-server/src/components/icons/icon-file.tsx_docs.md",
    "kw_file": "./docs/packages/preview-server/src/components/icons/icon-file.tsx_kw.md",
    "size": 909,
    "status": "success",
    "timestamp": "2025-11-15T20:37:32.151821Z"
  },
  {
    "file": "packages/preview-server/src/components/icons/icon-folder-open.tsx",
    "docs_file": "./docs/packages/preview-server/src/components/icons/icon-folder-open.tsx_docs.md",
    "kw_file": "./docs/packages/preview-server/src/components/icons/icon-folder-open.tsx_kw.md",
    "size": 1437,
    "status": "success",
    "timestamp": "2025-11-15T20:37:32.152967Z"
  },
  {
    "file": "packages/preview-server/src/components/icons/icon-folder.tsx",
    "docs_file": "./docs/packages/preview-server/src/components/icons/icon-folder.tsx_docs.md",
    "kw_file": "./docs/packages/preview-server/src/components/icons/icon-folder.tsx_kw.md",
    "size": 950,
    "status": "success",
    "timestamp": "2025-11-15T20:37:32.154119Z"
  },
  {
    "file": "packages/preview-server/src/components/icons/icon-hide-sidebar.tsx",
    "docs_file": "./docs/packages/preview-server/src/components/icons/icon-hide-sidebar.tsx_docs.md",
    "kw_file": "./docs/packages/preview-server/src/components/icons/icon-hide-sidebar.tsx_kw.md",
    "size": 1240,
    "status": "success",
    "timestamp": "2025-11-15T20:37:32.155284Z"
  },
  {
    "file": "packages/preview-server/src/components/icons/icon-image.tsx",
    "docs_file": "./docs/packages/preview-server/src/components/icons/icon-image.tsx_docs.md",
    "kw_file": "./docs/packages/preview-server/src/components/icons/icon-image.tsx_kw.md",
    "size": 576,
    "status": "success",
    "timestamp": "2025-11-15T20:37:32.156371Z"
  },
  {
    "file": "packages/preview-server/src/components/icons/icon-info.tsx",
    "docs_file": "./docs/packages/preview-server/src/components/icons/icon-info.tsx_docs.md",
    "kw_file": "./docs/packages/preview-server/src/components/icons/icon-info.tsx_kw.md",
    "size": 1157,
    "status": "success",
    "timestamp": "2025-11-15T20:37:32.157518Z"
  },
  {
    "file": "packages/preview-server/src/components/icons/icon-link.tsx",
    "docs_file": "./docs/packages/preview-server/src/components/icons/icon-link.tsx_docs.md",
    "kw_file": "./docs/packages/preview-server/src/components/icons/icon-link.tsx_kw.md",
    "size": 798,
    "status": "success",
    "timestamp": "2025-11-15T20:37:32.158687Z"
  },
  {
    "file": "packages/preview-server/src/components/icons/icon-loader.tsx",
    "docs_file": "./docs/packages/preview-server/src/components/icons/icon-loader.tsx_docs.md",
    "kw_file": "./docs/packages/preview-server/src/components/icons/icon-loader.tsx_kw.md",
    "size": 369,
    "status": "success",
    "timestamp": "2025-11-15T20:37:32.159786Z"
  },
  {
    "file": "packages/preview-server/src/components/icons/icon-monitor.tsx",
    "docs_file": "./docs/packages/preview-server/src/components/icons/icon-monitor.tsx_docs.md",
    "kw_file": "./docs/packages/preview-server/src/components/icons/icon-monitor.tsx_kw.md",
    "size": 775,
    "status": "success",
    "timestamp": "2025-11-15T20:37:32.160895Z"
  },
  {
    "file": "packages/preview-server/src/components/icons/icon-moon.tsx",
    "docs_file": "./docs/packages/preview-server/src/components/icons/icon-moon.tsx_docs.md",
    "kw_file": "./docs/packages/preview-server/src/components/icons/icon-moon.tsx_kw.md",
    "size": 464,
    "status": "success",
    "timestamp": "2025-11-15T20:37:32.162043Z"
  },
  {
    "file": "packages/preview-server/src/components/icons/icon-phone.tsx",
    "docs_file": "./docs/packages/preview-server/src/components/icons/icon-phone.tsx_docs.md",
    "kw_file": "./docs/packages/preview-server/src/components/icons/icon-phone.tsx_kw.md",
    "size": 857,
    "status": "success",
    "timestamp": "2025-11-15T20:37:32.163115Z"
  },
  {
    "file": "packages/preview-server/src/components/icons/icon-reload.tsx",
    "docs_file": "./docs/packages/preview-server/src/components/icons/icon-reload.tsx_docs.md",
    "kw_file": "./docs/packages/preview-server/src/components/icons/icon-reload.tsx_kw.md",
    "size": 1250,
    "status": "success",
    "timestamp": "2025-11-15T20:37:32.164230Z"
  },
  {
    "file": "packages/preview-server/src/components/icons/icon-source.tsx",
    "docs_file": "./docs/packages/preview-server/src/components/icons/icon-source.tsx_docs.md",
    "kw_file": "./docs/packages/preview-server/src/components/icons/icon-source.tsx_kw.md",
    "size": 569,
    "status": "success",
    "timestamp": "2025-11-15T20:37:32.165311Z"
  },
  {
    "file": "packages/preview-server/src/components/icons/icon-stamp.tsx",
    "docs_file": "./docs/packages/preview-server/src/components/icons/icon-stamp.tsx_docs.md",
    "kw_file": "./docs/packages/preview-server/src/components/icons/icon-stamp.tsx_kw.md",
    "size": 764,
    "status": "success",
    "timestamp": "2025-11-15T20:37:32.166462Z"
  },
  {
    "file": "packages/preview-server/src/components/icons/icon-sun.tsx",
    "docs_file": "./docs/packages/preview-server/src/components/icons/icon-sun.tsx_docs.md",
    "kw_file": "./docs/packages/preview-server/src/components/icons/icon-sun.tsx_kw.md",
    "size": 1576,
    "status": "success",
    "timestamp": "2025-11-15T20:37:32.167670Z"
  },
  {
    "file": "packages/preview-server/src/components/icons/icon-warning.tsx",
    "docs_file": "./docs/packages/preview-server/src/components/icons/icon-warning.tsx_docs.md",
    "kw_file": "./docs/packages/preview-server/src/components/icons/icon-warning.tsx_kw.md",
    "size": 1266,
    "status": "success",
    "timestamp": "2025-11-15T20:37:32.168988Z"
  },
  {
    "file": "packages/preview-server/src/components/toolbar/checking-results.tsx",
    "docs_file": "./docs/packages/preview-server/src/components/toolbar/checking-results.tsx_docs.md",
    "kw_file": "./docs/packages/preview-server/src/components/toolbar/checking-results.tsx_kw.md",
    "size": 4159,
    "status": "success",
    "timestamp": "2025-11-15T20:37:32.170882Z"
  },
  {
    "file": "packages/preview-server/src/components/toolbar/code-preview-line-link.tsx",
    "docs_file": "./docs/packages/preview-server/src/components/toolbar/code-preview-line-link.tsx_docs.md",
    "kw_file": "./docs/packages/preview-server/src/components/toolbar/code-preview-line-link.tsx_kw.md",
    "size": 865,
    "status": "success",
    "timestamp": "2025-11-15T20:37:32.172251Z"
  },
  {
    "file": "packages/preview-server/src/components/toolbar/compatibility.tsx",
    "docs_file": "./docs/packages/preview-server/src/components/toolbar/compatibility.tsx_docs.md",
    "kw_file": "./docs/packages/preview-server/src/components/toolbar/compatibility.tsx_kw.md",
    "size": 3406,
    "status": "success",
    "timestamp": "2025-11-15T20:37:32.174248Z"
  },
  {
    "file": "packages/preview-server/src/components/toolbar/linter.tsx",
    "docs_file": "./docs/packages/preview-server/src/components/toolbar/linter.tsx_docs.md",
    "kw_file": "./docs/packages/preview-server/src/components/toolbar/linter.tsx_kw.md",
    "size": 8795,
    "status": "success",
    "timestamp": "2025-11-15T20:37:32.177068Z"
  },
  {
    "file": "packages/preview-server/src/components/toolbar/resend.tsx",
    "docs_file": "./docs/packages/preview-server/src/components/toolbar/resend.tsx_docs.md",
    "kw_file": "./docs/packages/preview-server/src/components/toolbar/resend.tsx_kw.md",
    "size": 7535,
    "status": "success",
    "timestamp": "2025-11-15T20:37:32.179918Z"
  },
  {
    "file": "packages/preview-server/src/components/toolbar/results-table.tsx",
    "docs_file": "./docs/packages/preview-server/src/components/toolbar/results-table.tsx_docs.md",
    "kw_file": "./docs/packages/preview-server/src/components/toolbar/results-table.tsx_kw.md",
    "size": 0,
    "status": "success",
    "timestamp": "2025-11-15T20:37:32.180863Z"
  },
  {
    "file": "packages/preview-server/src/components/toolbar/results.tsx",
    "docs_file": "./docs/packages/preview-server/src/components/toolbar/results.tsx_docs.md",
    "kw_file": "./docs/packages/preview-server/src/components/toolbar/results.tsx_kw.md",
    "size": 898,
    "status": "success",
    "timestamp": "2025-11-15T20:37:32.181963Z"
  },
  {
    "file": "packages/preview-server/src/components/toolbar/spam-assassin.tsx",
    "docs_file": "./docs/packages/preview-server/src/components/toolbar/spam-assassin.tsx_docs.md",
    "kw_file": "./docs/packages/preview-server/src/components/toolbar/spam-assassin.tsx_kw.md",
    "size": 4884,
    "status": "success",
    "timestamp": "2025-11-15T20:37:32.183838Z"
  },
  {
    "file": "packages/preview-server/src/components/toolbar/toolbar-button.tsx",
    "docs_file": "./docs/packages/preview-server/src/components/toolbar/toolbar-button.tsx_docs.md",
    "kw_file": "./docs/packages/preview-server/src/components/toolbar/toolbar-button.tsx_kw.md",
    "size": 1502,
    "status": "success",
    "timestamp": "2025-11-15T20:37:32.185073Z"
  },
  {
    "file": "packages/preview-server/src/components/toolbar/use-cached-state.ts",
    "docs_file": "./docs/packages/preview-server/src/components/toolbar/use-cached-state.ts_docs.md",
    "kw_file": "./docs/packages/preview-server/src/components/toolbar/use-cached-state.ts_kw.md",
    "size": 888,
    "status": "success",
    "timestamp": "2025-11-15T20:37:32.186129Z"
  },
  {
    "file": "packages/preview-server/src/components/sidebar/file-tree-directory-children.tsx",
    "docs_file": "./docs/packages/preview-server/src/components/sidebar/file-tree-directory-children.tsx_docs.md",
    "kw_file": "./docs/packages/preview-server/src/components/sidebar/file-tree-directory-children.tsx_kw.md",
    "size": 6007,
    "status": "success",
    "timestamp": "2025-11-15T20:37:32.188028Z"
  },
  {
    "file": "packages/preview-server/src/components/sidebar/file-tree-directory.tsx",
    "docs_file": "./docs/packages/preview-server/src/components/sidebar/file-tree-directory.tsx_docs.md",
    "kw_file": "./docs/packages/preview-server/src/components/sidebar/file-tree-directory.tsx_kw.md",
    "size": 2862,
    "status": "success",
    "timestamp": "2025-11-15T20:37:32.189558Z"
  },
  {
    "file": "packages/preview-server/src/components/sidebar/file-tree.tsx",
    "docs_file": "./docs/packages/preview-server/src/components/sidebar/file-tree.tsx_docs.md",
    "kw_file": "./docs/packages/preview-server/src/components/sidebar/file-tree.tsx_kw.md",
    "size": 984,
    "status": "success",
    "timestamp": "2025-11-15T20:37:32.190730Z"
  },
  {
    "file": "packages/preview-server/src/components/sidebar/index.ts",
    "docs_file": "./docs/packages/preview-server/src/components/sidebar/index.ts_docs.md",
    "kw_file": "./docs/packages/preview-server/src/components/sidebar/index.ts_kw.md",
    "size": 27,
    "status": "success",
    "timestamp": "2025-11-15T20:37:32.191792Z"
  },
  {
    "file": "packages/preview-server/src/components/sidebar/sidebar.tsx",
    "docs_file": "./docs/packages/preview-server/src/components/sidebar/sidebar.tsx_docs.md",
    "kw_file": "./docs/packages/preview-server/src/components/sidebar/sidebar.tsx_kw.md",
    "size": 1198,
    "status": "success",
    "timestamp": "2025-11-15T20:37:32.193115Z"
  },
  {
    "file": "packages/preview-server/src/components/topbar/active-view-toggle-group.tsx",
    "docs_file": "./docs/packages/preview-server/src/components/topbar/active-view-toggle-group.tsx_docs.md",
    "kw_file": "./docs/packages/preview-server/src/components/topbar/active-view-toggle-group.tsx_kw.md",
    "size": 2989,
    "status": "success",
    "timestamp": "2025-11-15T20:37:32.194725Z"
  },
  {
    "file": "packages/preview-server/src/components/topbar/emulated-dark-mode-toggle.tsx",
    "docs_file": "./docs/packages/preview-server/src/components/topbar/emulated-dark-mode-toggle.tsx_docs.md",
    "kw_file": "./docs/packages/preview-server/src/components/topbar/emulated-dark-mode-toggle.tsx_kw.md",
    "size": 1877,
    "status": "success",
    "timestamp": "2025-11-15T20:37:32.196211Z"
  },
  {
    "file": "packages/preview-server/src/components/topbar/view-size-controls.tsx",
    "docs_file": "./docs/packages/preview-server/src/components/topbar/view-size-controls.tsx_docs.md",
    "kw_file": "./docs/packages/preview-server/src/components/topbar/view-size-controls.tsx_kw.md",
    "size": 6306,
    "status": "success",
    "timestamp": "2025-11-15T20:37:32.198408Z"
  },
  {
    "file": "packages/preview-server/emails/.gitkeep",
    "docs_file": "./docs/packages/preview-server/emails/.gitkeep_docs.md",
    "kw_file": "./docs/packages/preview-server/emails/.gitkeep_kw.md",
    "size": 0,
    "status": "success",
    "timestamp": "2025-11-15T20:37:32.199380Z"
  },
  {
    "file": "packages/row/CHANGELOG.md",
    "docs_file": "./docs/packages/row/CHANGELOG.md_docs.md",
    "kw_file": "./docs/packages/row/CHANGELOG.md_kw.md",
    "size": 933,
    "status": "success",
    "timestamp": "2025-11-15T20:37:32.200678Z"
  },
  {
    "file": "packages/row/license.md",
    "docs_file": "./docs/packages/row/license.md_docs.md",
    "kw_file": "./docs/packages/row/license.md_kw.md",
    "size": 1059,
    "status": "success",
    "timestamp": "2025-11-15T20:37:32.201846Z"
  },
  {
    "file": "packages/row/package.json",
    "docs_file": "./docs/packages/row/package.json_docs.md",
    "kw_file": "./docs/packages/row/package.json_kw.md",
    "size": 1245,
    "status": "success",
    "timestamp": "2025-11-15T20:37:32.202891Z"
  },
  {
    "file": "packages/row/readme.md",
    "docs_file": "./docs/packages/row/readme.md_docs.md",
    "kw_file": "./docs/packages/row/readme.md_kw.md",
    "size": 3028,
    "status": "success",
    "timestamp": "2025-11-15T20:37:32.204391Z"
  },
  {
    "file": "packages/row/tsconfig.json",
    "docs_file": "./docs/packages/row/tsconfig.json_docs.md",
    "kw_file": "./docs/packages/row/tsconfig.json_kw.md",
    "size": 115,
    "status": "success",
    "timestamp": "2025-11-15T20:37:32.205124Z"
  },
  {
    "file": "packages/row/src/index.ts",
    "docs_file": "./docs/packages/row/src/index.ts_docs.md",
    "kw_file": "./docs/packages/row/src/index.ts_kw.md",
    "size": 23,
    "status": "success",
    "timestamp": "2025-11-15T20:37:32.205890Z"
  },
  {
    "file": "packages/row/src/row.spec.tsx",
    "docs_file": "./docs/packages/row/src/row.spec.tsx_docs.md",
    "kw_file": "./docs/packages/row/src/row.spec.tsx_kw.md",
    "size": 813,
    "status": "success",
    "timestamp": "2025-11-15T20:37:32.206960Z"
  },
  {
    "file": "packages/row/src/row.tsx",
    "docs_file": "./docs/packages/row/src/row.tsx_docs.md",
    "kw_file": "./docs/packages/row/src/row.tsx_kw.md",
    "size": 663,
    "status": "success",
    "timestamp": "2025-11-15T20:37:32.207838Z"
  },
  {
    "file": "packages/row/src/__snapshots__/row.spec.tsx.snap",
    "docs_file": "./docs/packages/row/src/__snapshots__/row.spec.tsx.snap_docs.md",
    "kw_file": "./docs/packages/row/src/__snapshots__/row.spec.tsx.snap_kw.md",
    "size": 426,
    "status": "success",
    "timestamp": "2025-11-15T20:37:32.208750Z"
  },
  {
    "file": "packages/tsconfig/base.json",
    "docs_file": "./docs/packages/tsconfig/base.json_docs.md",
    "kw_file": "./docs/packages/tsconfig/base.json_kw.md",
    "size": 551,
    "status": "success",
    "timestamp": "2025-11-15T20:37:32.209531Z"
  },
  {
    "file": "packages/tsconfig/nextjs.json",
    "docs_file": "./docs/packages/tsconfig/nextjs.json_docs.md",
    "kw_file": "./docs/packages/tsconfig/nextjs.json_kw.md",
    "size": 531,
    "status": "success",
    "timestamp": "2025-11-15T20:37:32.210315Z"
  },
  {
    "file": "packages/tsconfig/package.json",
    "docs_file": "./docs/packages/tsconfig/package.json_docs.md",
    "kw_file": "./docs/packages/tsconfig/package.json_kw.md",
    "size": 135,
    "status": "success",
    "timestamp": "2025-11-15T20:37:32.210994Z"
  },
  {
    "file": "packages/tsconfig/react-library.json",
    "docs_file": "./docs/packages/tsconfig/react-library.json_docs.md",
    "kw_file": "./docs/packages/tsconfig/react-library.json_kw.md",
    "size": 290,
    "status": "success",
    "timestamp": "2025-11-15T20:37:32.211824Z"
  },
  {
    "file": "packages/button/CHANGELOG.md",
    "docs_file": "./docs/packages/button/CHANGELOG.md_docs.md",
    "kw_file": "./docs/packages/button/CHANGELOG.md_kw.md",
    "size": 1568,
    "status": "success",
    "timestamp": "2025-11-15T20:37:32.212862Z"
  },
  {
    "file": "packages/button/license.md",
    "docs_file": "./docs/packages/button/license.md_docs.md",
    "kw_file": "./docs/packages/button/license.md_kw.md",
    "size": 1059,
    "status": "success",
    "timestamp": "2025-11-15T20:37:32.213924Z"
  },
  {
    "file": "packages/button/package.json",
    "docs_file": "./docs/packages/button/package.json_docs.md",
    "kw_file": "./docs/packages/button/package.json_kw.md",
    "size": 1272,
    "status": "success",
    "timestamp": "2025-11-15T20:37:32.215129Z"
  },
  {
    "file": "packages/button/readme.md",
    "docs_file": "./docs/packages/button/readme.md_docs.md",
    "kw_file": "./docs/packages/button/readme.md_kw.md",
    "size": 3179,
    "status": "success",
    "timestamp": "2025-11-15T20:37:32.216632Z"
  },
  {
    "file": "packages/button/tsconfig.json",
    "docs_file": "./docs/packages/button/tsconfig.json_docs.md",
    "kw_file": "./docs/packages/button/tsconfig.json_kw.md",
    "size": 115,
    "status": "success",
    "timestamp": "2025-11-15T20:37:32.217442Z"
  },
  {
    "file": "packages/button/src/button.spec.tsx",
    "docs_file": "./docs/packages/button/src/button.spec.tsx_docs.md",
    "kw_file": "./docs/packages/button/src/button.spec.tsx_kw.md",
    "size": 1462,
    "status": "success",
    "timestamp": "2025-11-15T20:37:32.218626Z"
  },
  {
    "file": "packages/button/src/button.tsx",
    "docs_file": "./docs/packages/button/src/button.tsx_docs.md",
    "kw_file": "./docs/packages/button/src/button.tsx_kw.md",
    "size": 3304,
    "status": "success",
    "timestamp": "2025-11-15T20:37:32.220232Z"
  },
  {
    "file": "packages/button/src/index.ts",
    "docs_file": "./docs/packages/button/src/index.ts_docs.md",
    "kw_file": "./docs/packages/button/src/index.ts_kw.md",
    "size": 26,
    "status": "success",
    "timestamp": "2025-11-15T20:37:32.221089Z"
  },
  {
    "file": "packages/button/src/utils/parse-padding.ts",
    "docs_file": "./docs/packages/button/src/utils/parse-padding.ts_docs.md",
    "kw_file": "./docs/packages/button/src/utils/parse-padding.ts_kw.md",
    "size": 3324,
    "status": "success",
    "timestamp": "2025-11-15T20:37:32.222655Z"
  },
  {
    "file": "packages/button/src/utils/px-to-pt.ts",
    "docs_file": "./docs/packages/button/src/utils/px-to-pt.ts_docs.md",
    "kw_file": "./docs/packages/button/src/utils/px-to-pt.ts_kw.md",
    "size": 160,
    "status": "success",
    "timestamp": "2025-11-15T20:37:32.223636Z"
  },
  {
    "file": "packages/button/src/utils/utils.spec.ts",
    "docs_file": "./docs/packages/button/src/utils/utils.spec.ts_docs.md",
    "kw_file": "./docs/packages/button/src/utils/utils.spec.ts_kw.md",
    "size": 4048,
    "status": "success",
    "timestamp": "2025-11-15T20:37:32.225235Z"
  },
  {
    "file": "packages/button/src/__snapshots__/button.spec.tsx.snap",
    "docs_file": "./docs/packages/button/src/__snapshots__/button.spec.tsx.snap_docs.md",
    "kw_file": "./docs/packages/button/src/__snapshots__/button.spec.tsx.snap_kw.md",
    "size": 2147,
    "status": "success",
    "timestamp": "2025-11-15T20:37:32.226720Z"
  },
  {
    "file": "packages/hr/CHANGELOG.md",
    "docs_file": "./docs/packages/hr/CHANGELOG.md_docs.md",
    "kw_file": "./docs/packages/hr/CHANGELOG.md_kw.md",
    "size": 755,
    "status": "success",
    "timestamp": "2025-11-15T20:37:32.227705Z"
  },
  {
    "file": "packages/hr/license.md",
    "docs_file": "./docs/packages/hr/license.md_docs.md",
    "kw_file": "./docs/packages/hr/license.md_kw.md",
    "size": 1059,
    "status": "success",
    "timestamp": "2025-11-15T20:37:32.228774Z"
  },
  {
    "file": "packages/hr/package.json",
    "docs_file": "./docs/packages/hr/package.json_docs.md",
    "kw_file": "./docs/packages/hr/package.json_kw.md",
    "size": 1282,
    "status": "success",
    "timestamp": "2025-11-15T20:37:32.229910Z"
  },
  {
    "file": "packages/hr/readme.md",
    "docs_file": "./docs/packages/hr/readme.md_docs.md",
    "kw_file": "./docs/packages/hr/readme.md_kw.md",
    "size": 2732,
    "status": "success",
    "timestamp": "2025-11-15T20:37:32.231240Z"
  },
  {
    "file": "packages/hr/tsconfig.json",
    "docs_file": "./docs/packages/hr/tsconfig.json_docs.md",
    "kw_file": "./docs/packages/hr/tsconfig.json_kw.md",
    "size": 115,
    "status": "success",
    "timestamp": "2025-11-15T20:37:32.232059Z"
  },
  {
    "file": "packages/hr/src/hr.spec.tsx",
    "docs_file": "./docs/packages/hr/src/hr.spec.tsx_docs.md",
    "kw_file": "./docs/packages/hr/src/hr.spec.tsx_kw.md",
    "size": 616,
    "status": "success",
    "timestamp": "2025-11-15T20:37:32.233068Z"
  },
  {
    "file": "packages/hr/src/hr.tsx",
    "docs_file": "./docs/packages/hr/src/hr.tsx_docs.md",
    "kw_file": "./docs/packages/hr/src/hr.tsx_kw.md",
    "size": 407,
    "status": "success",
    "timestamp": "2025-11-15T20:37:32.233941Z"
  },
  {
    "file": "packages/hr/src/index.ts",
    "docs_file": "./docs/packages/hr/src/index.ts_docs.md",
    "kw_file": "./docs/packages/hr/src/index.ts_kw.md",
    "size": 22,
    "status": "success",
    "timestamp": "2025-11-15T20:37:32.234657Z"
  },
  {
    "file": "packages/hr/src/__snapshots__/hr.spec.tsx.snap",
    "docs_file": "./docs/packages/hr/src/__snapshots__/hr.spec.tsx.snap_docs.md",
    "kw_file": "./docs/packages/hr/src/__snapshots__/hr.spec.tsx.snap_kw.md",
    "size": 322,
    "status": "success",
    "timestamp": "2025-11-15T20:37:32.235532Z"
  },
  {
    "file": "packages/code-inline/CHANGELOG.md",
    "docs_file": "./docs/packages/code-inline/CHANGELOG.md_docs.md",
    "kw_file": "./docs/packages/code-inline/CHANGELOG.md_kw.md",
    "size": 759,
    "status": "success",
    "timestamp": "2025-11-15T20:37:32.236371Z"
  },
  {
    "file": "packages/code-inline/license.md",
    "docs_file": "./docs/packages/code-inline/license.md_docs.md",
    "kw_file": "./docs/packages/code-inline/license.md_kw.md",
    "size": 1059,
    "status": "success",
    "timestamp": "2025-11-15T20:37:32.237372Z"
  },
  {
    "file": "packages/code-inline/package.json",
    "docs_file": "./docs/packages/code-inline/package.json_docs.md",
    "kw_file": "./docs/packages/code-inline/package.json_kw.md",
    "size": 1079,
    "status": "success",
    "timestamp": "2025-11-15T20:37:32.238279Z"
  },
  {
    "file": "packages/code-inline/readme.md",
    "docs_file": "./docs/packages/code-inline/readme.md_docs.md",
    "kw_file": "./docs/packages/code-inline/readme.md_kw.md",
    "size": 2859,
    "status": "success",
    "timestamp": "2025-11-15T20:37:32.239582Z"
  },
  {
    "file": "packages/code-inline/tsconfig.json",
    "docs_file": "./docs/packages/code-inline/tsconfig.json_docs.md",
    "kw_file": "./docs/packages/code-inline/tsconfig.json_kw.md",
    "size": 115,
    "status": "success",
    "timestamp": "2025-11-15T20:37:32.240322Z"
  },
  {
    "file": "packages/code-inline/src/code-inline.tsx",
    "docs_file": "./docs/packages/code-inline/src/code-inline.tsx_docs.md",
    "kw_file": "./docs/packages/code-inline/src/code-inline.tsx_kw.md",
    "size": 1644,
    "status": "success",
    "timestamp": "2025-11-15T20:37:32.241459Z"
  },
  {
    "file": "packages/code-inline/src/index.ts",
    "docs_file": "./docs/packages/code-inline/src/index.ts_docs.md",
    "kw_file": "./docs/packages/code-inline/src/index.ts_kw.md",
    "size": 31,
    "status": "success",
    "timestamp": "2025-11-15T20:37:32.242204Z"
  },
  {
    "file": "packages/container/CHANGELOG.md",
    "docs_file": "./docs/packages/container/CHANGELOG.md_docs.md",
    "kw_file": "./docs/packages/container/CHANGELOG.md_kw.md",
    "size": 764,
    "status": "success",
    "timestamp": "2025-11-15T20:37:32.243035Z"
  },
  {
    "file": "packages/container/license.md",
    "docs_file": "./docs/packages/container/license.md_docs.md",
    "kw_file": "./docs/packages/container/license.md_kw.md",
    "size": 1059,
    "status": "success",
    "timestamp": "2025-11-15T20:37:32.243982Z"
  },
  {
    "file": "packages/container/package.json",
    "docs_file": "./docs/packages/container/package.json_docs.md",
    "kw_file": "./docs/packages/container/package.json_kw.md",
    "size": 1289,
    "status": "success",
    "timestamp": "2025-11-15T20:37:32.245052Z"
  },
  {
    "file": "packages/container/readme.md",
    "docs_file": "./docs/packages/container/readme.md_docs.md",
    "kw_file": "./docs/packages/container/readme.md_kw.md",
    "size": 970,
    "status": "success",
    "timestamp": "2025-11-15T20:37:32.246072Z"
  },
  {
    "file": "packages/container/tsconfig.json",
    "docs_file": "./docs/packages/container/tsconfig.json_docs.md",
    "kw_file": "./docs/packages/container/tsconfig.json_kw.md",
    "size": 115,
    "status": "success",
    "timestamp": "2025-11-15T20:37:32.246796Z"
  },
  {
    "file": "packages/container/src/container.spec.tsx",
    "docs_file": "./docs/packages/container/src/container.spec.tsx_docs.md",
    "kw_file": "./docs/packages/container/src/container.spec.tsx_kw.md",
    "size": 974,
    "status": "success",
    "timestamp": "2025-11-15T20:37:32.247749Z"
  },
  {
    "file": "packages/container/src/container.tsx",
    "docs_file": "./docs/packages/container/src/container.tsx_docs.md",
    "kw_file": "./docs/packages/container/src/container.tsx_kw.md",
    "size": 684,
    "status": "success",
    "timestamp": "2025-11-15T20:37:32.248691Z"
  },
  {
    "file": "packages/container/src/index.ts",
    "docs_file": "./docs/packages/container/src/index.ts_docs.md",
    "kw_file": "./docs/packages/container/src/index.ts_kw.md",
    "size": 29,
    "status": "success",
    "timestamp": "2025-11-15T20:37:32.249408Z"
  },
  {
    "file": "packages/container/src/__snapshots__/container.spec.tsx.snap",
    "docs_file": "./docs/packages/container/src/__snapshots__/container.spec.tsx.snap_docs.md",
    "kw_file": "./docs/packages/container/src/__snapshots__/container.spec.tsx.snap_kw.md",
    "size": 479,
    "status": "success",
    "timestamp": "2025-11-15T20:37:32.250361Z"
  },
  {
    "file": "packages/column/CHANGELOG.md",
    "docs_file": "./docs/packages/column/CHANGELOG.md_docs.md",
    "kw_file": "./docs/packages/column/CHANGELOG.md_kw.md",
    "size": 761,
    "status": "success",
    "timestamp": "2025-11-15T20:37:32.251308Z"
  },
  {
    "file": "packages/column/license.md",
    "docs_file": "./docs/packages/column/license.md_docs.md",
    "kw_file": "./docs/packages/column/license.md_kw.md",
    "size": 1059,
    "status": "success",
    "timestamp": "2025-11-15T20:37:32.252264Z"
  },
  {
    "file": "packages/column/package.json",
    "docs_file": "./docs/packages/column/package.json_docs.md",
    "kw_file": "./docs/packages/column/package.json_kw.md",
    "size": 1300,
    "status": "success",
    "timestamp": "2025-11-15T20:37:32.253230Z"
  },
  {
    "file": "packages/column/readme.md",
    "docs_file": "./docs/packages/column/readme.md_docs.md",
    "kw_file": "./docs/packages/column/readme.md_kw.md",
    "size": 2904,
    "status": "success",
    "timestamp": "2025-11-15T20:37:32.254497Z"
  },
  {
    "file": "packages/column/tsconfig.json",
    "docs_file": "./docs/packages/column/tsconfig.json_docs.md",
    "kw_file": "./docs/packages/column/tsconfig.json_kw.md",
    "size": 115,
    "status": "success",
    "timestamp": "2025-11-15T20:37:32.255168Z"
  },
  {
    "file": "packages/column/src/column.spec.tsx",
    "docs_file": "./docs/packages/column/src/column.spec.tsx_docs.md",
    "kw_file": "./docs/packages/column/src/column.spec.tsx_kw.md",
    "size": 837,
    "status": "success",
    "timestamp": "2025-11-15T20:37:32.256123Z"
  },
  {
    "file": "packages/column/src/column.tsx",
    "docs_file": "./docs/packages/column/src/column.tsx_docs.md",
    "kw_file": "./docs/packages/column/src/column.tsx_kw.md",
    "size": 395,
    "status": "success",
    "timestamp": "2025-11-15T20:37:32.256980Z"
  },
  {
    "file": "packages/column/src/index.ts",
    "docs_file": "./docs/packages/column/src/index.ts_docs.md",
    "kw_file": "./docs/packages/column/src/index.ts_kw.md",
    "size": 26,
    "status": "success",
    "timestamp": "2025-11-15T20:37:32.257706Z"
  },
  {
    "file": "packages/column/src/__snapshots__/column.spec.tsx.snap",
    "docs_file": "./docs/packages/column/src/__snapshots__/column.spec.tsx.snap_docs.md",
    "kw_file": "./docs/packages/column/src/__snapshots__/column.spec.tsx.snap_kw.md",
    "size": 312,
    "status": "success",
    "timestamp": "2025-11-15T20:37:32.258583Z"
  },
  {
    "file": "packages/preview/CHANGELOG.md",
    "docs_file": "./docs/packages/preview/CHANGELOG.md_docs.md",
    "kw_file": "./docs/packages/preview/CHANGELOG.md_kw.md",
    "size": 845,
    "status": "success",
    "timestamp": "2025-11-15T20:37:32.259454Z"
  },
  {
    "file": "packages/preview/license.md",
    "docs_file": "./docs/packages/preview/license.md_docs.md",
    "kw_file": "./docs/packages/preview/license.md_kw.md",
    "size": 1059,
    "status": "success",
    "timestamp": "2025-11-15T20:37:32.260414Z"
  },
  {
    "file": "packages/preview/package.json",
    "docs_file": "./docs/packages/preview/package.json_docs.md",
    "kw_file": "./docs/packages/preview/package.json_kw.md",
    "size": 1299,
    "status": "success",
    "timestamp": "2025-11-15T20:37:32.261370Z"
  },
  {
    "file": "packages/preview/readme.md",
    "docs_file": "./docs/packages/preview/readme.md_docs.md",
    "kw_file": "./docs/packages/preview/readme.md_kw.md",
    "size": 2805,
    "status": "success",
    "timestamp": "2025-11-15T20:37:32.262665Z"
  },
  {
    "file": "packages/preview/tsconfig.json",
    "docs_file": "./docs/packages/preview/tsconfig.json_docs.md",
    "kw_file": "./docs/packages/preview/tsconfig.json_kw.md",
    "size": 115,
    "status": "success",
    "timestamp": "2025-11-15T20:37:32.263509Z"
  },
  {
    "file": "packages/preview/src/index.ts",
    "docs_file": "./docs/packages/preview/src/index.ts_docs.md",
    "kw_file": "./docs/packages/preview/src/index.ts_kw.md",
    "size": 27,
    "status": "success",
    "timestamp": "2025-11-15T20:37:32.264329Z"
  },
  {
    "file": "packages/preview/src/preview.spec.tsx",
    "docs_file": "./docs/packages/preview/src/preview.spec.tsx_docs.md",
    "kw_file": "./docs/packages/preview/src/preview.spec.tsx_kw.md",
    "size": 1699,
    "status": "success",
    "timestamp": "2025-11-15T20:37:32.265626Z"
  },
  {
    "file": "packages/preview/src/preview.tsx",
    "docs_file": "./docs/packages/preview/src/preview.tsx_docs.md",
    "kw_file": "./docs/packages/preview/src/preview.tsx_kw.md",
    "size": 1086,
    "status": "success",
    "timestamp": "2025-11-15T20:37:32.266713Z"
  },
  {
    "file": "packages/preview/src/__snapshots__/preview.spec.tsx.snap",
    "docs_file": "./docs/packages/preview/src/__snapshots__/preview.spec.tsx.snap_docs.md",
    "kw_file": "./docs/packages/preview/src/__snapshots__/preview.spec.tsx.snap_kw.md",
    "size": 6560,
    "status": "success",
    "timestamp": "2025-11-15T20:37:32.268099Z"
  },
  {
    "file": "packages/font/CHANGELOG.md",
    "docs_file": "./docs/packages/font/CHANGELOG.md_docs.md",
    "kw_file": "./docs/packages/font/CHANGELOG.md_kw.md",
    "size": 752,
    "status": "success",
    "timestamp": "2025-11-15T20:37:32.269087Z"
  },
  {
    "file": "packages/font/license.md",
    "docs_file": "./docs/packages/font/license.md_docs.md",
    "kw_file": "./docs/packages/font/license.md_kw.md",
    "size": 1059,
    "status": "success",
    "timestamp": "2025-11-15T20:37:32.270234Z"
  },
  {
    "file": "packages/font/package.json",
    "docs_file": "./docs/packages/font/package.json_docs.md",
    "kw_file": "./docs/packages/font/package.json_kw.md",
    "size": 1045,
    "status": "success",
    "timestamp": "2025-11-15T20:37:32.271270Z"
  },
  {
    "file": "packages/font/readme.md",
    "docs_file": "./docs/packages/font/readme.md_docs.md",
    "kw_file": "./docs/packages/font/readme.md_kw.md",
    "size": 3145,
    "status": "success",
    "timestamp": "2025-11-15T20:37:32.272776Z"
  },
  {
    "file": "packages/font/tsconfig.json",
    "docs_file": "./docs/packages/font/tsconfig.json_docs.md",
    "kw_file": "./docs/packages/font/tsconfig.json_kw.md",
    "size": 115,
    "status": "success",
    "timestamp": "2025-11-15T20:37:32.273536Z"
  },
  {
    "file": "packages/font/src/font.spec.tsx",
    "docs_file": "./docs/packages/font/src/font.spec.tsx_docs.md",
    "kw_file": "./docs/packages/font/src/font.spec.tsx_kw.md",
    "size": 1354,
    "status": "success",
    "timestamp": "2025-11-15T20:37:32.274708Z"
  },
  {
    "file": "packages/font/src/font.tsx",
    "docs_file": "./docs/packages/font/src/font.tsx_docs.md",
    "kw_file": "./docs/packages/font/src/font.tsx_kw.md",
    "size": 1847,
    "status": "success",
    "timestamp": "2025-11-15T20:37:32.276042Z"
  },
  {
    "file": "packages/font/src/index.ts",
    "docs_file": "./docs/packages/font/src/index.ts_docs.md",
    "kw_file": "./docs/packages/font/src/index.ts_kw.md",
    "size": 24,
    "status": "success",
    "timestamp": "2025-11-15T20:37:32.276877Z"
  },
  {
    "file": "packages/font/src/__snapshots__/font.spec.tsx.snap",
    "docs_file": "./docs/packages/font/src/__snapshots__/font.spec.tsx.snap_docs.md",
    "kw_file": "./docs/packages/font/src/__snapshots__/font.spec.tsx.snap_kw.md",
    "size": 472,
    "status": "success",
    "timestamp": "2025-11-15T20:37:32.277884Z"
  },
  {
    "file": "packages/heading/CHANGELOG.md",
    "docs_file": "./docs/packages/heading/CHANGELOG.md_docs.md",
    "kw_file": "./docs/packages/heading/CHANGELOG.md_kw.md",
    "size": 762,
    "status": "success",
    "timestamp": "2025-11-15T20:37:32.278805Z"
  },
  {
    "file": "packages/heading/license.md",
    "docs_file": "./docs/packages/heading/license.md_docs.md",
    "kw_file": "./docs/packages/heading/license.md_kw.md",
    "size": 1059,
    "status": "success",
    "timestamp": "2025-11-15T20:37:32.279843Z"
  },
  {
    "file": "packages/heading/package.json",
    "docs_file": "./docs/packages/heading/package.json_docs.md",
    "kw_file": "./docs/packages/heading/package.json_kw.md",
    "size": 1255,
    "status": "success",
    "timestamp": "2025-11-15T20:37:32.281059Z"
  },
  {
    "file": "packages/heading/readme.md",
    "docs_file": "./docs/packages/heading/readme.md_docs.md",
    "kw_file": "./docs/packages/heading/readme.md_kw.md",
    "size": 2762,
    "status": "success",
    "timestamp": "2025-11-15T20:37:32.282568Z"
  },
  {
    "file": "packages/heading/tsconfig.json",
    "docs_file": "./docs/packages/heading/tsconfig.json_docs.md",
    "kw_file": "./docs/packages/heading/tsconfig.json_kw.md",
    "size": 115,
    "status": "success",
    "timestamp": "2025-11-15T20:37:32.283449Z"
  },
  {
    "file": "packages/heading/src/heading.spec.tsx",
    "docs_file": "./docs/packages/heading/src/heading.spec.tsx_docs.md",
    "kw_file": "./docs/packages/heading/src/heading.spec.tsx_kw.md",
    "size": 884,
    "status": "success",
    "timestamp": "2025-11-15T20:37:32.284556Z"
  },
  {
    "file": "packages/heading/src/heading.tsx",
    "docs_file": "./docs/packages/heading/src/heading.tsx_docs.md",
    "kw_file": "./docs/packages/heading/src/heading.tsx_kw.md",
    "size": 690,
    "status": "success",
    "timestamp": "2025-11-15T20:37:32.285705Z"
  },
  {
    "file": "packages/heading/src/index.ts",
    "docs_file": "./docs/packages/heading/src/index.ts_docs.md",
    "kw_file": "./docs/packages/heading/src/index.ts_kw.md",
    "size": 27,
    "status": "success",
    "timestamp": "2025-11-15T20:37:32.286627Z"
  },
  {
    "file": "packages/heading/src/utils/as.ts",
    "docs_file": "./docs/packages/heading/src/utils/as.ts_docs.md",
    "kw_file": "./docs/packages/heading/src/utils/as.ts_kw.md",
    "size": 630,
    "status": "success",
    "timestamp": "2025-11-15T20:37:32.287575Z"
  },
  {
    "file": "packages/heading/src/utils/spaces.ts",
    "docs_file": "./docs/packages/heading/src/utils/spaces.ts_docs.md",
    "kw_file": "./docs/packages/heading/src/utils/spaces.ts_kw.md",
    "size": 1489,
    "status": "success",
    "timestamp": "2025-11-15T20:37:32.288823Z"
  },
  {
    "file": "packages/heading/src/utils/utils.spec.ts",
    "docs_file": "./docs/packages/heading/src/utils/utils.spec.ts_docs.md",
    "kw_file": "./docs/packages/heading/src/utils/utils.spec.ts_kw.md",
    "size": 2099,
    "status": "success",
    "timestamp": "2025-11-15T20:37:32.290199Z"
  },
  {
    "file": "packages/heading/src/__snapshots__/heading.spec.tsx.snap",
    "docs_file": "./docs/packages/heading/src/__snapshots__/heading.spec.tsx.snap_docs.md",
    "kw_file": "./docs/packages/heading/src/__snapshots__/heading.spec.tsx.snap_kw.md",
    "size": 324,
    "status": "success",
    "timestamp": "2025-11-15T20:37:32.291127Z"
  },
  {
    "file": "packages/markdown/CHANGELOG.md",
    "docs_file": "./docs/packages/markdown/CHANGELOG.md_docs.md",
    "kw_file": "./docs/packages/markdown/CHANGELOG.md_kw.md",
    "size": 1549,
    "status": "success",
    "timestamp": "2025-11-15T20:37:32.292193Z"
  },
  {
    "file": "packages/markdown/license.md",
    "docs_file": "./docs/packages/markdown/license.md_docs.md",
    "kw_file": "./docs/packages/markdown/license.md_kw.md",
    "size": 1059,
    "status": "success",
    "timestamp": "2025-11-15T20:37:32.293199Z"
  },
  {
    "file": "packages/markdown/package.json",
    "docs_file": "./docs/packages/markdown/package.json_docs.md",
    "kw_file": "./docs/packages/markdown/package.json_kw.md",
    "size": 1352,
    "status": "success",
    "timestamp": "2025-11-15T20:37:32.294170Z"
  },
  {
    "file": "packages/markdown/readme.md",
    "docs_file": "./docs/packages/markdown/readme.md_docs.md",
    "kw_file": "./docs/packages/markdown/readme.md_kw.md",
    "size": 3717,
    "status": "success",
    "timestamp": "2025-11-15T20:37:32.295714Z"
  },
  {
    "file": "packages/markdown/tsconfig.json",
    "docs_file": "./docs/packages/markdown/tsconfig.json_docs.md",
    "kw_file": "./docs/packages/markdown/tsconfig.json_kw.md",
    "size": 115,
    "status": "success",
    "timestamp": "2025-11-15T20:37:32.296501Z"
  },
  {
    "file": "packages/markdown/src/index.ts",
    "docs_file": "./docs/packages/markdown/src/index.ts_docs.md",
    "kw_file": "./docs/packages/markdown/src/index.ts_kw.md",
    "size": 28,
    "status": "success",
    "timestamp": "2025-11-15T20:37:32.297478Z"
  },
  {
    "file": "packages/markdown/src/markdown.spec.tsx",
    "docs_file": "./docs/packages/markdown/src/markdown.spec.tsx_docs.md",
    "kw_file": "./docs/packages/markdown/src/markdown.spec.tsx_kw.md",
    "size": 2871,
    "status": "success",
    "timestamp": "2025-11-15T20:37:32.299196Z"
  },
  {
    "file": "packages/markdown/src/markdown.tsx",
    "docs_file": "./docs/packages/markdown/src/markdown.tsx_docs.md",
    "kw_file": "./docs/packages/markdown/src/markdown.tsx_kw.md",
    "size": 7284,
    "status": "success",
    "timestamp": "2025-11-15T20:37:32.301382Z"
  },
  {
    "file": "packages/markdown/src/styles.ts",
    "docs_file": "./docs/packages/markdown/src/styles.ts_docs.md",
    "kw_file": "./docs/packages/markdown/src/styles.ts_kw.md",
    "size": 2453,
    "status": "success",
    "timestamp": "2025-11-15T20:37:32.302913Z"
  },
  {
    "file": "packages/markdown/src/utils/parse-css-in-js-to-inline-css.ts",
    "docs_file": "./docs/packages/markdown/src/utils/parse-css-in-js-to-inline-css.ts_docs.md",
    "kw_file": "./docs/packages/markdown/src/utils/parse-css-in-js-to-inline-css.ts_kw.md",
    "size": 1601,
    "status": "success",
    "timestamp": "2025-11-15T20:37:32.304173Z"
  },
  {
    "file": "packages/markdown/src/__snapshots__/markdown.spec.tsx.snap",
    "docs_file": "./docs/packages/markdown/src/__snapshots__/markdown.spec.tsx.snap_docs.md",
    "kw_file": "./docs/packages/markdown/src/__snapshots__/markdown.spec.tsx.snap_kw.md",
    "size": 5443,
    "status": "success",
    "timestamp": "2025-11-15T20:37:32.306470Z"
  },
  {
    "file": "packages/create-email/.gitignore",
    "docs_file": "./docs/packages/create-email/.gitignore_docs.md",
    "kw_file": "./docs/packages/create-email/.gitignore_kw.md",
    "size": 6,
    "status": "success",
    "timestamp": "2025-11-15T20:37:32.307177Z"
  },
  {
    "file": "packages/create-email/.npmignore",
    "docs_file": "./docs/packages/create-email/.npmignore_docs.md",
    "kw_file": "./docs/packages/create-email/.npmignore_kw.md",
    "size": 88,
    "status": "success",
    "timestamp": "2025-11-15T20:37:32.307925Z"
  },
  {
    "file": "packages/create-email/CHANGELOG.md",
    "docs_file": "./docs/packages/create-email/CHANGELOG.md_docs.md",
    "kw_file": "./docs/packages/create-email/CHANGELOG.md_kw.md",
    "size": 2608,
    "status": "success",
    "timestamp": "2025-11-15T20:37:32.310049Z"
  },
  {
    "file": "packages/create-email/license.md",
    "docs_file": "./docs/packages/create-email/license.md_docs.md",
    "kw_file": "./docs/packages/create-email/license.md_kw.md",
    "size": 1059,
    "status": "success",
    "timestamp": "2025-11-15T20:37:32.311528Z"
  },
  {
    "file": "packages/create-email/package.json",
    "docs_file": "./docs/packages/create-email/package.json_docs.md",
    "kw_file": "./docs/packages/create-email/package.json_kw.md",
    "size": 746,
    "status": "success",
    "timestamp": "2025-11-15T20:37:32.312808Z"
  },
  {
    "file": "packages/create-email/readme.md",
    "docs_file": "./docs/packages/create-email/readme.md_docs.md",
    "kw_file": "./docs/packages/create-email/readme.md_kw.md",
    "size": 672,
    "status": "success",
    "timestamp": "2025-11-15T20:37:32.314221Z"
  },
  {
    "file": "packages/create-email/tsconfig.json",
    "docs_file": "./docs/packages/create-email/tsconfig.json_docs.md",
    "kw_file": "./docs/packages/create-email/tsconfig.json_kw.md",
    "size": 213,
    "status": "success",
    "timestamp": "2025-11-15T20:37:32.315093Z"
  },
  {
    "file": "packages/create-email/vitest.config.ts",
    "docs_file": "./docs/packages/create-email/vitest.config.ts_docs.md",
    "kw_file": "./docs/packages/create-email/vitest.config.ts_kw.md",
    "size": 210,
    "status": "success",
    "timestamp": "2025-11-15T20:37:32.316004Z"
  },
  {
    "file": "packages/create-email/src/index.js",
    "docs_file": "./docs/packages/create-email/src/index.js_docs.md",
    "kw_file": "./docs/packages/create-email/src/index.js_kw.md",
    "size": 2778,
    "status": "success",
    "timestamp": "2025-11-15T20:37:32.317722Z"
  },
  {
    "file": "packages/create-email/src/index.spec.ts",
    "docs_file": "./docs/packages/create-email/src/index.spec.ts_docs.md",
    "kw_file": "./docs/packages/create-email/src/index.spec.ts_kw.md",
    "size": 2060,
    "status": "success",
    "timestamp": "2025-11-15T20:37:32.319149Z"
  },
  {
    "file": "packages/create-email/src/tree.js",
    "docs_file": "./docs/packages/create-email/src/tree.js_docs.md",
    "kw_file": "./docs/packages/create-email/src/tree.js_kw.md",
    "size": 2209,
    "status": "success",
    "timestamp": "2025-11-15T20:37:32.320773Z"
  },
  {
    "file": "packages/create-email/template/.gitignore",
    "docs_file": "./docs/packages/create-email/template/.gitignore_docs.md",
    "kw_file": "./docs/packages/create-email/template/.gitignore_kw.md",
    "size": 12,
    "status": "success",
    "timestamp": "2025-11-15T20:37:32.321726Z"
  },
  {
    "file": "packages/create-email/template/CHANGELOG.md",
    "docs_file": "./docs/packages/create-email/template/CHANGELOG.md_docs.md",
    "kw_file": "./docs/packages/create-email/template/CHANGELOG.md_kw.md",
    "size": 5001,
    "status": "success",
    "timestamp": "2025-11-15T20:37:32.323756Z"
  },
  {
    "file": "packages/create-email/template/package.json",
    "docs_file": "./docs/packages/create-email/template/package.json_docs.md",
    "kw_file": "./docs/packages/create-email/template/package.json_kw.md",
    "size": 521,
    "status": "success",
    "timestamp": "2025-11-15T20:37:32.324730Z"
  },
  {
    "file": "packages/create-email/template/readme.md",
    "docs_file": "./docs/packages/create-email/template/readme.md_docs.md",
    "kw_file": "./docs/packages/create-email/template/readme.md_kw.md",
    "size": 393,
    "status": "success",
    "timestamp": "2025-11-15T20:37:32.325747Z"
  },
  {
    "file": "packages/create-email/template/tsconfig.json",
    "docs_file": "./docs/packages/create-email/template/tsconfig.json_docs.md",
    "kw_file": "./docs/packages/create-email/template/tsconfig.json_kw.md",
    "size": 259,
    "status": "success",
    "timestamp": "2025-11-15T20:37:32.326895Z"
  },
  {
    "file": "packages/create-email/template/emails/notion-magic-link.tsx",
    "docs_file": "./docs/packages/create-email/template/emails/notion-magic-link.tsx_docs.md",
    "kw_file": "./docs/packages/create-email/template/emails/notion-magic-link.tsx_kw.md",
    "size": 3616,
    "status": "success",
    "timestamp": "2025-11-15T20:37:32.328990Z"
  },
  {
    "file": "packages/create-email/template/emails/plaid-verify-identity.tsx",
    "docs_file": "./docs/packages/create-email/template/emails/plaid-verify-identity.tsx_docs.md",
    "kw_file": "./docs/packages/create-email/template/emails/plaid-verify-identity.tsx_kw.md",
    "size": 3456,
    "status": "success",
    "timestamp": "2025-11-15T20:37:32.330902Z"
  },
  {
    "file": "packages/create-email/template/emails/stripe-welcome.tsx",
    "docs_file": "./docs/packages/create-email/template/emails/stripe-welcome.tsx_docs.md",
    "kw_file": "./docs/packages/create-email/template/emails/stripe-welcome.tsx_kw.md",
    "size": 4021,
    "status": "success",
    "timestamp": "2025-11-15T20:37:32.333137Z"
  },
  {
    "file": "packages/create-email/template/emails/vercel-invite-user.tsx",
    "docs_file": "./docs/packages/create-email/template/emails/vercel-invite-user.tsx_docs.md",
    "kw_file": "./docs/packages/create-email/template/emails/vercel-invite-user.tsx_kw.md",
    "size": 4891,
    "status": "success",
    "timestamp": "2025-11-15T20:37:32.335191Z"
  },
  {
    "file": "packages/html/CHANGELOG.md",
    "docs_file": "./docs/packages/html/CHANGELOG.md_docs.md",
    "kw_file": "./docs/packages/html/CHANGELOG.md_kw.md",
    "size": 757,
    "status": "success",
    "timestamp": "2025-11-15T20:37:32.336235Z"
  },
  {
    "file": "packages/html/license.md",
    "docs_file": "./docs/packages/html/license.md_docs.md",
    "kw_file": "./docs/packages/html/license.md_kw.md",
    "size": 1059,
    "status": "success",
    "timestamp": "2025-11-15T20:37:32.337334Z"
  },
  {
    "file": "packages/html/package.json",
    "docs_file": "./docs/packages/html/package.json_docs.md",
    "kw_file": "./docs/packages/html/package.json_kw.md",
    "size": 1263,
    "status": "success",
    "timestamp": "2025-11-15T20:37:32.338456Z"
  },
  {
    "file": "packages/html/readme.md",
    "docs_file": "./docs/packages/html/readme.md_docs.md",
    "kw_file": "./docs/packages/html/readme.md_kw.md",
    "size": 2955,
    "status": "success",
    "timestamp": "2025-11-15T20:37:32.340002Z"
  },
  {
    "file": "packages/html/tsconfig.json",
    "docs_file": "./docs/packages/html/tsconfig.json_docs.md",
    "kw_file": "./docs/packages/html/tsconfig.json_kw.md",
    "size": 115,
    "status": "success",
    "timestamp": "2025-11-15T20:37:32.340836Z"
  },
  {
    "file": "packages/html/src/html.spec.tsx",
    "docs_file": "./docs/packages/html/src/html.spec.tsx_docs.md",
    "kw_file": "./docs/packages/html/src/html.spec.tsx_kw.md",
    "size": 742,
    "status": "success",
    "timestamp": "2025-11-15T20:37:32.341899Z"
  },
  {
    "file": "packages/html/src/html.tsx",
    "docs_file": "./docs/packages/html/src/html.tsx_docs.md",
    "kw_file": "./docs/packages/html/src/html.tsx_kw.md",
    "size": 356,
    "status": "success",
    "timestamp": "2025-11-15T20:37:32.342922Z"
  },
  {
    "file": "packages/html/src/index.ts",
    "docs_file": "./docs/packages/html/src/index.ts_docs.md",
    "kw_file": "./docs/packages/html/src/index.ts_kw.md",
    "size": 24,
    "status": "success",
    "timestamp": "2025-11-15T20:37:32.343777Z"
  },
  {
    "file": "packages/html/src/__snapshots__/html.spec.tsx.snap",
    "docs_file": "./docs/packages/html/src/__snapshots__/html.spec.tsx.snap_docs.md",
    "kw_file": "./docs/packages/html/src/__snapshots__/html.spec.tsx.snap_kw.md",
    "size": 305,
    "status": "success",
    "timestamp": "2025-11-15T20:37:32.344829Z"
  },
  {
    "file": "packages/head/CHANGELOG.md",
    "docs_file": "./docs/packages/head/CHANGELOG.md_docs.md",
    "kw_file": "./docs/packages/head/CHANGELOG.md_kw.md",
    "size": 759,
    "status": "success",
    "timestamp": "2025-11-15T20:37:32.345903Z"
  },
  {
    "file": "packages/head/license.md",
    "docs_file": "./docs/packages/head/license.md_docs.md",
    "kw_file": "./docs/packages/head/license.md_kw.md",
    "size": 1059,
    "status": "success",
    "timestamp": "2025-11-15T20:37:32.347226Z"
  },
  {
    "file": "packages/head/package.json",
    "docs_file": "./docs/packages/head/package.json_docs.md",
    "kw_file": "./docs/packages/head/package.json_kw.md",
    "size": 1283,
    "status": "success",
    "timestamp": "2025-11-15T20:37:32.348282Z"
  },
  {
    "file": "packages/head/readme.md",
    "docs_file": "./docs/packages/head/readme.md_docs.md",
    "kw_file": "./docs/packages/head/readme.md_kw.md",
    "size": 2807,
    "status": "success",
    "timestamp": "2025-11-15T20:37:32.349667Z"
  },
  {
    "file": "packages/head/tsconfig.json",
    "docs_file": "./docs/packages/head/tsconfig.json_docs.md",
    "kw_file": "./docs/packages/head/tsconfig.json_kw.md",
    "size": 115,
    "status": "success",
    "timestamp": "2025-11-15T20:37:32.350441Z"
  },
  {
    "file": "packages/head/src/head.spec.tsx",
    "docs_file": "./docs/packages/head/src/head.spec.tsx_docs.md",
    "kw_file": "./docs/packages/head/src/head.spec.tsx_kw.md",
    "size": 710,
    "status": "success",
    "timestamp": "2025-11-15T20:37:32.351413Z"
  },
  {
    "file": "packages/head/src/head.tsx",
    "docs_file": "./docs/packages/head/src/head.tsx_docs.md",
    "kw_file": "./docs/packages/head/src/head.tsx_kw.md",
    "size": 442,
    "status": "success",
    "timestamp": "2025-11-15T20:37:32.352486Z"
  },
  {
    "file": "packages/head/src/index.ts",
    "docs_file": "./docs/packages/head/src/index.ts_docs.md",
    "kw_file": "./docs/packages/head/src/index.ts_kw.md",
    "size": 24,
    "status": "success",
    "timestamp": "2025-11-15T20:37:32.353311Z"
  },
  {
    "file": "packages/head/src/__snapshots__/head.spec.tsx.snap",
    "docs_file": "./docs/packages/head/src/__snapshots__/head.spec.tsx.snap_docs.md",
    "kw_file": "./docs/packages/head/src/__snapshots__/head.spec.tsx.snap_kw.md",
    "size": 779,
    "status": "success",
    "timestamp": "2025-11-15T20:37:32.354547Z"
  },
  {
    "file": "packages/tailwind/CHANGELOG.md",
    "docs_file": "./docs/packages/tailwind/CHANGELOG.md_docs.md",
    "kw_file": "./docs/packages/tailwind/CHANGELOG.md_kw.md",
    "size": 4967,
    "status": "success",
    "timestamp": "2025-11-15T20:37:32.356615Z"
  },
  {
    "file": "packages/tailwind/license.md",
    "docs_file": "./docs/packages/tailwind/license.md_docs.md",
    "kw_file": "./docs/packages/tailwind/license.md_kw.md",
    "size": 1059,
    "status": "success",
    "timestamp": "2025-11-15T20:37:32.357872Z"
  },
  {
    "file": "packages/tailwind/package.json",
    "docs_file": "./docs/packages/tailwind/package.json_docs.md",
    "kw_file": "./docs/packages/tailwind/package.json_kw.md",
    "size": 2879,
    "status": "success",
    "timestamp": "2025-11-15T20:37:32.359245Z"
  },
  {
    "file": "packages/tailwind/readme.md",
    "docs_file": "./docs/packages/tailwind/readme.md_docs.md",
    "kw_file": "./docs/packages/tailwind/readme.md_kw.md",
    "size": 5702,
    "status": "success",
    "timestamp": "2025-11-15T20:37:32.361741Z"
  },
  {
    "file": "packages/tailwind/tsconfig.json",
    "docs_file": "./docs/packages/tailwind/tsconfig.json_docs.md",
    "kw_file": "./docs/packages/tailwind/tsconfig.json_kw.md",
    "size": 366,
    "status": "success",
    "timestamp": "2025-11-15T20:37:32.362745Z"
  },
  {
    "file": "packages/tailwind/tsdown.config.ts",
    "docs_file": "./docs/packages/tailwind/tsdown.config.ts_docs.md",
    "kw_file": "./docs/packages/tailwind/tsdown.config.ts_kw.md",
    "size": 1160,
    "status": "success",
    "timestamp": "2025-11-15T20:37:32.363943Z"
  },
  {
    "file": "packages/tailwind/vitest.config.ts",
    "docs_file": "./docs/packages/tailwind/vitest.config.ts_docs.md",
    "kw_file": "./docs/packages/tailwind/vitest.config.ts_kw.md",
    "size": 277,
    "status": "success",
    "timestamp": "2025-11-15T20:37:32.364839Z"
  },
  {
    "file": "packages/tailwind/integrations/integrations.spec.ts",
    "docs_file": "./docs/packages/tailwind/integrations/integrations.spec.ts_docs.md",
    "kw_file": "./docs/packages/tailwind/integrations/integrations.spec.ts_kw.md",
    "size": 1342,
    "status": "success",
    "timestamp": "2025-11-15T20:37:32.366045Z"
  },
  {
    "file": "packages/tailwind/integrations/nextjs/.gitignore",
    "docs_file": "./docs/packages/tailwind/integrations/nextjs/.gitignore_docs.md",
    "kw_file": "./docs/packages/tailwind/integrations/nextjs/.gitignore_kw.md",
    "size": 417,
    "status": "success",
    "timestamp": "2025-11-15T20:37:32.367115Z"
  },
  {
    "file": "packages/tailwind/integrations/nextjs/README.md",
    "docs_file": "./docs/packages/tailwind/integrations/nextjs/README.md_docs.md",
    "kw_file": "./docs/packages/tailwind/integrations/nextjs/README.md_kw.md",
    "size": 624,
    "status": "success",
    "timestamp": "2025-11-15T20:37:32.368242Z"
  },
  {
    "file": "packages/tailwind/integrations/nextjs/next-env.d.ts",
    "docs_file": "./docs/packages/tailwind/integrations/nextjs/next-env.d.ts_docs.md",
    "kw_file": "./docs/packages/tailwind/integrations/nextjs/next-env.d.ts_kw.md",
    "size": 262,
    "status": "success",
    "timestamp": "2025-11-15T20:37:32.369234Z"
  },
  {
    "file": "packages/tailwind/integrations/nextjs/next.config.mjs",
    "docs_file": "./docs/packages/tailwind/integrations/nextjs/next.config.mjs_docs.md",
    "kw_file": "./docs/packages/tailwind/integrations/nextjs/next.config.mjs_kw.md",
    "size": 132,
    "status": "success",
    "timestamp": "2025-11-15T20:37:32.370217Z"
  },
  {
    "file": "packages/tailwind/integrations/nextjs/package.json",
    "docs_file": "./docs/packages/tailwind/integrations/nextjs/package.json_docs.md",
    "kw_file": "./docs/packages/tailwind/integrations/nextjs/package.json_kw.md",
    "size": 586,
    "status": "success",
    "timestamp": "2025-11-15T20:37:32.371415Z"
  },
  {
    "file": "packages/tailwind/integrations/nextjs/tsconfig.json",
    "docs_file": "./docs/packages/tailwind/integrations/nextjs/tsconfig.json_docs.md",
    "kw_file": "./docs/packages/tailwind/integrations/nextjs/tsconfig.json_kw.md",
    "size": 602,
    "status": "success",
    "timestamp": "2025-11-15T20:37:32.372463Z"
  },
  {
    "file": "packages/tailwind/integrations/nextjs/src/app/layout.tsx",
    "docs_file": "./docs/packages/tailwind/integrations/nextjs/src/app/layout.tsx_docs.md",
    "kw_file": "./docs/packages/tailwind/integrations/nextjs/src/app/layout.tsx_kw.md",
    "size": 466,
    "status": "success",
    "timestamp": "2025-11-15T20:37:32.374069Z"
  },
  {
    "file": "packages/tailwind/integrations/nextjs/src/app/page.tsx",
    "docs_file": "./docs/packages/tailwind/integrations/nextjs/src/app/page.tsx_docs.md",
    "kw_file": "./docs/packages/tailwind/integrations/nextjs/src/app/page.tsx_kw.md",
    "size": 292,
    "status": "success",
    "timestamp": "2025-11-15T20:37:32.375431Z"
  },
  {
    "file": "packages/tailwind/integrations/nextjs/emails/vercel-invite-user.tsx",
    "docs_file": "./docs/packages/tailwind/integrations/nextjs/emails/vercel-invite-user.tsx_docs.md",
    "kw_file": "./docs/packages/tailwind/integrations/nextjs/emails/vercel-invite-user.tsx_kw.md",
    "size": 4890,
    "status": "success",
    "timestamp": "2025-11-15T20:37:32.377584Z"
  },
  {
    "file": "packages/tailwind/integrations/vite/.gitignore",
    "docs_file": "./docs/packages/tailwind/integrations/vite/.gitignore_docs.md",
    "kw_file": "./docs/packages/tailwind/integrations/vite/.gitignore_kw.md",
    "size": 269,
    "status": "success",
    "timestamp": "2025-11-15T20:37:32.378718Z"
  },
  {
    "file": "packages/tailwind/integrations/vite/README.md",
    "docs_file": "./docs/packages/tailwind/integrations/vite/README.md_docs.md",
    "kw_file": "./docs/packages/tailwind/integrations/vite/README.md_kw.md",
    "size": 651,
    "status": "success",
    "timestamp": "2025-11-15T20:37:32.379988Z"
  },
  {
    "file": "packages/tailwind/integrations/vite/index.html",
    "docs_file": "./docs/packages/tailwind/integrations/vite/index.html_docs.md",
    "kw_file": "./docs/packages/tailwind/integrations/vite/index.html_kw.md",
    "size": 366,
    "status": "success",
    "timestamp": "2025-11-15T20:37:32.381104Z"
  },
  {
    "file": "packages/tailwind/integrations/vite/package.json",
    "docs_file": "./docs/packages/tailwind/integrations/vite/package.json_docs.md",
    "kw_file": "./docs/packages/tailwind/integrations/vite/package.json_kw.md",
    "size": 619,
    "status": "success",
    "timestamp": "2025-11-15T20:37:32.382417Z"
  },
  {
    "file": "packages/tailwind/integrations/vite/tsconfig.json",
    "docs_file": "./docs/packages/tailwind/integrations/vite/tsconfig.json_docs.md",
    "kw_file": "./docs/packages/tailwind/integrations/vite/tsconfig.json_kw.md",
    "size": 605,
    "status": "success",
    "timestamp": "2025-11-15T20:37:32.383454Z"
  },
  {
    "file": "packages/tailwind/integrations/vite/tsconfig.node.json",
    "docs_file": "./docs/packages/tailwind/integrations/vite/tsconfig.node.json_docs.md",
    "kw_file": "./docs/packages/tailwind/integrations/vite/tsconfig.node.json_kw.md",
    "size": 233,
    "status": "success",
    "timestamp": "2025-11-15T20:37:32.384440Z"
  },
  {
    "file": "packages/tailwind/integrations/vite/vite.config.ts",
    "docs_file": "./docs/packages/tailwind/integrations/vite/vite.config.ts_docs.md",
    "kw_file": "./docs/packages/tailwind/integrations/vite/vite.config.ts_kw.md",
    "size": 166,
    "status": "success",
    "timestamp": "2025-11-15T20:37:32.385415Z"
  },
  {
    "file": "packages/tailwind/integrations/vite/src/App.tsx",
    "docs_file": "./docs/packages/tailwind/integrations/vite/src/App.tsx_docs.md",
    "kw_file": "./docs/packages/tailwind/integrations/vite/src/App.tsx_kw.md",
    "size": 283,
    "status": "success",
    "timestamp": "2025-11-15T20:37:32.386494Z"
  },
  {
    "file": "packages/tailwind/integrations/vite/src/main.tsx",
    "docs_file": "./docs/packages/tailwind/integrations/vite/src/main.tsx_docs.md",
    "kw_file": "./docs/packages/tailwind/integrations/vite/src/main.tsx_kw.md",
    "size": 219,
    "status": "success",
    "timestamp": "2025-11-15T20:37:32.387692Z"
  },
  {
    "file": "packages/tailwind/integrations/vite/src/vite-env.d.ts",
    "docs_file": "./docs/packages/tailwind/integrations/vite/src/vite-env.d.ts_docs.md",
    "kw_file": "./docs/packages/tailwind/integrations/vite/src/vite-env.d.ts_kw.md",
    "size": 38,
    "status": "success",
    "timestamp": "2025-11-15T20:37:32.388837Z"
  },
  {
    "file": "packages/tailwind/integrations/vite/emails/vercel-invite-user.tsx",
    "docs_file": "./docs/packages/tailwind/integrations/vite/emails/vercel-invite-user.tsx_docs.md",
    "kw_file": "./docs/packages/tailwind/integrations/vite/emails/vercel-invite-user.tsx_kw.md",
    "size": 4898,
    "status": "success",
    "timestamp": "2025-11-15T20:37:32.391374Z"
  },
  {
    "file": "packages/tailwind/src/index.ts",
    "docs_file": "./docs/packages/tailwind/src/index.ts_docs.md",
    "kw_file": "./docs/packages/tailwind/src/index.ts_kw.md",
    "size": 152,
    "status": "success",
    "timestamp": "2025-11-15T20:37:32.392748Z"
  },
  {
    "file": "packages/tailwind/src/inline-styles.ts",
    "docs_file": "./docs/packages/tailwind/src/inline-styles.ts_docs.md",
    "kw_file": "./docs/packages/tailwind/src/inline-styles.ts_kw.md",
    "size": 631,
    "status": "success",
    "timestamp": "2025-11-15T20:37:32.394577Z"
  },
  {
    "file": "packages/tailwind/src/sanitize-stylesheet.ts",
    "docs_file": "./docs/packages/tailwind/src/sanitize-stylesheet.ts_docs.md",
    "kw_file": "./docs/packages/tailwind/src/sanitize-stylesheet.ts_kw.md",
    "size": 453,
    "status": "success",
    "timestamp": "2025-11-15T20:37:32.395815Z"
  },
  {
    "file": "packages/tailwind/src/tailwind.spec.tsx",
    "docs_file": "./docs/packages/tailwind/src/tailwind.spec.tsx_docs.md",
    "kw_file": "./docs/packages/tailwind/src/tailwind.spec.tsx_kw.md",
    "size": 17801,
    "status": "success",
    "timestamp": "2025-11-15T20:37:32.400775Z"
  },
  {
    "file": "packages/tailwind/src/tailwind.tsx",
    "docs_file": "./docs/packages/tailwind/src/tailwind.tsx_docs.md",
    "kw_file": "./docs/packages/tailwind/src/tailwind.tsx_kw.md",
    "size": 5284,
    "status": "success",
    "timestamp": "2025-11-15T20:37:32.403743Z"
  },
  {
    "file": "packages/tailwind/src/hooks/use-suspended-promise.ts",
    "docs_file": "./docs/packages/tailwind/src/hooks/use-suspended-promise.ts_docs.md",
    "kw_file": "./docs/packages/tailwind/src/hooks/use-suspended-promise.ts_kw.md",
    "size": 755,
    "status": "success",
    "timestamp": "2025-11-15T20:37:32.405135Z"
  },
  {
    "file": "packages/tailwind/src/hooks/use-suspensed-promise.spec.ts",
    "docs_file": "./docs/packages/tailwind/src/hooks/use-suspensed-promise.spec.ts_docs.md",
    "kw_file": "./docs/packages/tailwind/src/hooks/use-suspensed-promise.spec.ts_kw.md",
    "size": 7122,
    "status": "success",
    "timestamp": "2025-11-15T20:37:32.408069Z"
  },
  {
    "file": "packages/tailwind/src/utils/text/from-dash-case-to-camel-case.ts",
    "docs_file": "./docs/packages/tailwind/src/utils/text/from-dash-case-to-camel-case.ts_docs.md",
    "kw_file": "./docs/packages/tailwind/src/utils/text/from-dash-case-to-camel-case.ts_kw.md",
    "size": 134,
    "status": "success",
    "timestamp": "2025-11-15T20:37:32.410014Z"
  },
  {
    "file": "packages/tailwind/src/utils/__snapshots__/quick-safe-render-to-string.spec.tsx.snap",
    "docs_file": "./docs/packages/tailwind/src/utils/__snapshots__/quick-safe-render-to-string.spec.tsx.snap_docs.md",
    "kw_file": "./docs/packages/tailwind/src/utils/__snapshots__/quick-safe-render-to-string.spec.tsx.snap_kw.md",
    "size": 399,
    "status": "success",
    "timestamp": "2025-11-15T20:37:32.411753Z"
  },
  {
    "file": "packages/tailwind/src/utils/react/is-component.ts",
    "docs_file": "./docs/packages/tailwind/src/utils/react/is-component.ts_docs.md",
    "kw_file": "./docs/packages/tailwind/src/utils/react/is-component.ts_kw.md",
    "size": 1064,
    "status": "success",
    "timestamp": "2025-11-15T20:37:32.413428Z"
  },
  {
    "file": "packages/tailwind/src/utils/react/map-react-tree.spec.tsx",
    "docs_file": "./docs/packages/tailwind/src/utils/react/map-react-tree.spec.tsx_docs.md",
    "kw_file": "./docs/packages/tailwind/src/utils/react/map-react-tree.spec.tsx_kw.md",
    "size": 1339,
    "status": "success",
    "timestamp": "2025-11-15T20:37:32.414935Z"
  },
  {
    "file": "packages/tailwind/src/utils/react/map-react-tree.ts",
    "docs_file": "./docs/packages/tailwind/src/utils/react/map-react-tree.ts_docs.md",
    "kw_file": "./docs/packages/tailwind/src/utils/react/map-react-tree.ts_kw.md",
    "size": 2045,
    "status": "success",
    "timestamp": "2025-11-15T20:37:32.416944Z"
  },
  {
    "file": "packages/tailwind/src/utils/compatibility/escape-class-name.spec.ts",
    "docs_file": "./docs/packages/tailwind/src/utils/compatibility/escape-class-name.spec.ts_docs.md",
    "kw_file": "./docs/packages/tailwind/src/utils/compatibility/escape-class-name.spec.ts_kw.md",
    "size": 601,
    "status": "success",
    "timestamp": "2025-11-15T20:37:32.418287Z"
  },
  {
    "file": "packages/tailwind/src/utils/compatibility/escape-class-name.ts",
    "docs_file": "./docs/packages/tailwind/src/utils/compatibility/escape-class-name.ts_docs.md",
    "kw_file": "./docs/packages/tailwind/src/utils/compatibility/escape-class-name.ts_kw.md",
    "size": 613,
    "status": "success",
    "timestamp": "2025-11-15T20:37:32.419556Z"
  },
  {
    "file": "packages/tailwind/src/utils/compatibility/get-react-property.ts",
    "docs_file": "./docs/packages/tailwind/src/utils/compatibility/get-react-property.ts_docs.md",
    "kw_file": "./docs/packages/tailwind/src/utils/compatibility/get-react-property.ts_kw.md",
    "size": 398,
    "status": "success",
    "timestamp": "2025-11-15T20:37:32.420716Z"
  },
  {
    "file": "packages/tailwind/src/utils/compatibility/sanitize-class-name.spec.ts",
    "docs_file": "./docs/packages/tailwind/src/utils/compatibility/sanitize-class-name.spec.ts_docs.md",
    "kw_file": "./docs/packages/tailwind/src/utils/compatibility/sanitize-class-name.spec.ts_kw.md",
    "size": 222,
    "status": "success",
    "timestamp": "2025-11-15T20:37:32.421793Z"
  },
  {
    "file": "packages/tailwind/src/utils/compatibility/sanitize-class-name.ts",
    "docs_file": "./docs/packages/tailwind/src/utils/compatibility/sanitize-class-name.ts_docs.md",
    "kw_file": "./docs/packages/tailwind/src/utils/compatibility/sanitize-class-name.ts_kw.md",
    "size": 912,
    "status": "success",
    "timestamp": "2025-11-15T20:37:32.423016Z"
  },
  {
    "file": "packages/tailwind/src/utils/compatibility/unescape-class.ts",
    "docs_file": "./docs/packages/tailwind/src/utils/compatibility/unescape-class.ts_docs.md",
    "kw_file": "./docs/packages/tailwind/src/utils/compatibility/unescape-class.ts_kw.md",
    "size": 107,
    "status": "success",
    "timestamp": "2025-11-15T20:37:32.424027Z"
  },
  {
    "file": "packages/tailwind/src/utils/tailwindcss/clone-element-with-inlined-styles.ts",
    "docs_file": "./docs/packages/tailwind/src/utils/tailwindcss/clone-element-with-inlined-styles.ts_docs.md",
    "kw_file": "./docs/packages/tailwind/src/utils/tailwindcss/clone-element-with-inlined-styles.ts_kw.md",
    "size": 1719,
    "status": "success",
    "timestamp": "2025-11-15T20:37:32.425459Z"
  },
  {
    "file": "packages/tailwind/src/utils/tailwindcss/setup-tailwind.spec.ts",
    "docs_file": "./docs/packages/tailwind/src/utils/tailwindcss/setup-tailwind.spec.ts_docs.md",
    "kw_file": "./docs/packages/tailwind/src/utils/tailwindcss/setup-tailwind.spec.ts_kw.md",
    "size": 430,
    "status": "success",
    "timestamp": "2025-11-15T20:37:32.426690Z"
  },
  {
    "file": "packages/tailwind/src/utils/tailwindcss/setup-tailwind.ts",
    "docs_file": "./docs/packages/tailwind/src/utils/tailwindcss/setup-tailwind.ts_docs.md",
    "kw_file": "./docs/packages/tailwind/src/utils/tailwindcss/setup-tailwind.ts_kw.md",
    "size": 2075,
    "status": "success",
    "timestamp": "2025-11-15T20:37:32.428203Z"
  },
  {
    "file": "packages/tailwind/src/utils/tailwindcss/__snapshots__/setup-tailwind.spec.ts.snap",
    "docs_file": "./docs/packages/tailwind/src/utils/tailwindcss/__snapshots__/setup-tailwind.spec.ts.snap_docs.md",
    "kw_file": "./docs/packages/tailwind/src/utils/tailwindcss/__snapshots__/setup-tailwind.spec.ts.snap_kw.md",
    "size": 1185,
    "status": "success",
    "timestamp": "2025-11-15T20:37:32.429718Z"
  },
  {
    "file": "packages/tailwind/src/utils/tailwindcss/tailwind-stylesheets/index.ts",
    "docs_file": "./docs/packages/tailwind/src/utils/tailwindcss/tailwind-stylesheets/index.ts_docs.md",
    "kw_file": "./docs/packages/tailwind/src/utils/tailwindcss/tailwind-stylesheets/index.ts_kw.md",
    "size": 27517,
    "status": "success",
    "timestamp": "2025-11-15T20:37:32.438634Z"
  },
  {
    "file": "packages/tailwind/src/utils/tailwindcss/tailwind-stylesheets/preflight.ts",
    "docs_file": "./docs/packages/tailwind/src/utils/tailwindcss/tailwind-stylesheets/preflight.ts_docs.md",
    "kw_file": "./docs/packages/tailwind/src/utils/tailwindcss/tailwind-stylesheets/preflight.ts_kw.md",
    "size": 8452,
    "status": "success",
    "timestamp": "2025-11-15T20:37:32.442464Z"
  },
  {
    "file": "packages/tailwind/src/utils/tailwindcss/tailwind-stylesheets/theme.ts",
    "docs_file": "./docs/packages/tailwind/src/utils/tailwindcss/tailwind-stylesheets/theme.ts_docs.md",
    "kw_file": "./docs/packages/tailwind/src/utils/tailwindcss/tailwind-stylesheets/theme.ts_kw.md",
    "size": 17491,
    "status": "success",
    "timestamp": "2025-11-15T20:37:32.447511Z"
  },
  {
    "file": "packages/tailwind/src/utils/tailwindcss/tailwind-stylesheets/utilities.ts",
    "docs_file": "./docs/packages/tailwind/src/utils/tailwindcss/tailwind-stylesheets/utilities.ts_docs.md",
    "kw_file": "./docs/packages/tailwind/src/utils/tailwindcss/tailwind-stylesheets/utilities.ts_kw.md",
    "size": 59,
    "status": "success",
    "timestamp": "2025-11-15T20:37:32.449587Z"
  },
  {
    "file": "packages/tailwind/src/utils/css/extract-rules-per-class.spec.ts",
    "docs_file": "./docs/packages/tailwind/src/utils/css/extract-rules-per-class.spec.ts_docs.md",
    "kw_file": "./docs/packages/tailwind/src/utils/css/extract-rules-per-class.spec.ts_kw.md",
    "size": 1929,
    "status": "success",
    "timestamp": "2025-11-15T20:37:32.451478Z"
  },
  {
    "file": "packages/tailwind/src/utils/css/extract-rules-per-class.ts",
    "docs_file": "./docs/packages/tailwind/src/utils/css/extract-rules-per-class.ts_docs.md",
    "kw_file": "./docs/packages/tailwind/src/utils/css/extract-rules-per-class.ts_kw.md",
    "size": 1088,
    "status": "success",
    "timestamp": "2025-11-15T20:37:32.452939Z"
  },
  {
    "file": "packages/tailwind/src/utils/css/get-custom-properties.ts",
    "docs_file": "./docs/packages/tailwind/src/utils/css/get-custom-properties.ts_docs.md",
    "kw_file": "./docs/packages/tailwind/src/utils/css/get-custom-properties.ts_kw.md",
    "size": 1374,
    "status": "success",
    "timestamp": "2025-11-15T20:37:32.454238Z"
  },
  {
    "file": "packages/tailwind/src/utils/css/is-rule-inlinable.ts",
    "docs_file": "./docs/packages/tailwind/src/utils/css/is-rule-inlinable.ts_docs.md",
    "kw_file": "./docs/packages/tailwind/src/utils/css/is-rule-inlinable.ts_kw.md",
    "size": 410,
    "status": "success",
    "timestamp": "2025-11-15T20:37:32.455333Z"
  },
  {
    "file": "packages/tailwind/src/utils/css/make-inline-styles-for.spec.ts",
    "docs_file": "./docs/packages/tailwind/src/utils/css/make-inline-styles-for.spec.ts_docs.md",
    "kw_file": "./docs/packages/tailwind/src/utils/css/make-inline-styles-for.spec.ts_kw.md",
    "size": 878,
    "status": "success",
    "timestamp": "2025-11-15T20:37:32.456523Z"
  },
  {
    "file": "packages/tailwind/src/utils/css/make-inline-styles-for.ts",
    "docs_file": "./docs/packages/tailwind/src/utils/css/make-inline-styles-for.ts_docs.md",
    "kw_file": "./docs/packages/tailwind/src/utils/css/make-inline-styles-for.ts_kw.md",
    "size": 2211,
    "status": "success",
    "timestamp": "2025-11-15T20:37:32.457932Z"
  },
  {
    "file": "packages/tailwind/src/utils/css/resolve-all-css-variables.spec.ts",
    "docs_file": "./docs/packages/tailwind/src/utils/css/resolve-all-css-variables.spec.ts_docs.md",
    "kw_file": "./docs/packages/tailwind/src/utils/css/resolve-all-css-variables.spec.ts_kw.md",
    "size": 6543,
    "status": "success",
    "timestamp": "2025-11-15T20:37:32.460471Z"
  },
  {
    "file": "packages/tailwind/src/utils/css/resolve-all-css-variables.ts",
    "docs_file": "./docs/packages/tailwind/src/utils/css/resolve-all-css-variables.ts_docs.md",
    "kw_file": "./docs/packages/tailwind/src/utils/css/resolve-all-css-variables.ts_kw.md",
    "size": 5213,
    "status": "success",
    "timestamp": "2025-11-15T20:37:32.462517Z"
  },
  {
    "file": "packages/tailwind/src/utils/css/resolve-calc-expressions.spec.ts",
    "docs_file": "./docs/packages/tailwind/src/utils/css/resolve-calc-expressions.spec.ts_docs.md",
    "kw_file": "./docs/packages/tailwind/src/utils/css/resolve-calc-expressions.spec.ts_kw.md",
    "size": 924,
    "status": "success",
    "timestamp": "2025-11-15T20:37:32.463725Z"
  },
  {
    "file": "packages/tailwind/src/utils/css/resolve-calc-expressions.ts",
    "docs_file": "./docs/packages/tailwind/src/utils/css/resolve-calc-expressions.ts_docs.md",
    "kw_file": "./docs/packages/tailwind/src/utils/css/resolve-calc-expressions.ts_kw.md",
    "size": 4944,
    "status": "success",
    "timestamp": "2025-11-15T20:37:32.465568Z"
  },
  {
    "file": "packages/tailwind/src/utils/css/sanitize-declarations.spec.ts",
    "docs_file": "./docs/packages/tailwind/src/utils/css/sanitize-declarations.spec.ts_docs.md",
    "kw_file": "./docs/packages/tailwind/src/utils/css/sanitize-declarations.spec.ts_kw.md",
    "size": 9615,
    "status": "success",
    "timestamp": "2025-11-15T20:37:32.468485Z"
  },
  {
    "file": "packages/tailwind/src/utils/css/sanitize-declarations.ts",
    "docs_file": "./docs/packages/tailwind/src/utils/css/sanitize-declarations.ts_docs.md",
    "kw_file": "./docs/packages/tailwind/src/utils/css/sanitize-declarations.ts_kw.md",
    "size": 13325,
    "status": "success",
    "timestamp": "2025-11-15T20:37:32.473094Z"
  },
  {
    "file": "packages/tailwind/src/utils/css/sanitize-non-inlinable-rules.spec.ts",
    "docs_file": "./docs/packages/tailwind/src/utils/css/sanitize-non-inlinable-rules.spec.ts_docs.md",
    "kw_file": "./docs/packages/tailwind/src/utils/css/sanitize-non-inlinable-rules.spec.ts_kw.md",
    "size": 1360,
    "status": "success",
    "timestamp": "2025-11-15T20:37:32.474415Z"
  },
  {
    "file": "packages/tailwind/src/utils/css/sanitize-non-inlinable-rules.ts",
    "docs_file": "./docs/packages/tailwind/src/utils/css/sanitize-non-inlinable-rules.ts_docs.md",
    "kw_file": "./docs/packages/tailwind/src/utils/css/sanitize-non-inlinable-rules.ts_kw.md",
    "size": 1088,
    "status": "success",
    "timestamp": "2025-11-15T20:37:32.475710Z"
  },
  {
    "file": "packages/tailwind/src/utils/css/unwrap-value.ts",
    "docs_file": "./docs/packages/tailwind/src/utils/css/unwrap-value.ts_docs.md",
    "kw_file": "./docs/packages/tailwind/src/utils/css/unwrap-value.ts_kw.md",
    "size": 221,
    "status": "success",
    "timestamp": "2025-11-15T20:37:32.476753Z"
  },
  {
    "file": "packages/tailwind/src/utils/css/__snapshots__/extract-rules-matching-classes.spec.ts.snap",
    "docs_file": "./docs/packages/tailwind/src/utils/css/__snapshots__/extract-rules-matching-classes.spec.ts.snap_docs.md",
    "kw_file": "./docs/packages/tailwind/src/utils/css/__snapshots__/extract-rules-matching-classes.spec.ts.snap_kw.md",
    "size": 818,
    "status": "success",
    "timestamp": "2025-11-15T20:37:32.477916Z"
  },
  {
    "file": "packages/tailwind/src/utils/css/__snapshots__/extract-rules-per-class.spec.ts.snap",
    "docs_file": "./docs/packages/tailwind/src/utils/css/__snapshots__/extract-rules-per-class.spec.ts.snap_docs.md",
    "kw_file": "./docs/packages/tailwind/src/utils/css/__snapshots__/extract-rules-per-class.spec.ts.snap_kw.md",
    "size": 1033,
    "status": "success",
    "timestamp": "2025-11-15T20:37:32.479185Z"
  },
  {
    "file": "packages/tailwind/src/utils/css/__snapshots__/make-inline-styles-for.spec.ts.snap",
    "docs_file": "./docs/packages/tailwind/src/utils/css/__snapshots__/make-inline-styles-for.spec.ts.snap_docs.md",
    "kw_file": "./docs/packages/tailwind/src/utils/css/__snapshots__/make-inline-styles-for.spec.ts.snap_kw.md",
    "size": 383,
    "status": "success",
    "timestamp": "2025-11-15T20:37:32.480331Z"
  },
  {
    "file": "packages/tailwind/src/utils/css/__snapshots__/remove-rule-duplicates-from-root.spec.ts.snap",
    "docs_file": "./docs/packages/tailwind/src/utils/css/__snapshots__/remove-rule-duplicates-from-root.spec.ts.snap_docs.md",
    "kw_file": "./docs/packages/tailwind/src/utils/css/__snapshots__/remove-rule-duplicates-from-root.spec.ts.snap_kw.md",
    "size": 140,
    "status": "success",
    "timestamp": "2025-11-15T20:37:32.481380Z"
  },
  {
    "file": "packages/tailwind/src/utils/css/__snapshots__/resolve-all-css-variables.spec.ts.snap",
    "docs_file": "./docs/packages/tailwind/src/utils/css/__snapshots__/resolve-all-css-variables.spec.ts.snap_docs.md",
    "kw_file": "./docs/packages/tailwind/src/utils/css/__snapshots__/resolve-all-css-variables.spec.ts.snap_kw.md",
    "size": 3251,
    "status": "success",
    "timestamp": "2025-11-15T20:37:32.483222Z"
  },
  {
    "file": "packages/tailwind/src/utils/css/__snapshots__/resolve-calc-expressions.spec.ts.snap",
    "docs_file": "./docs/packages/tailwind/src/utils/css/__snapshots__/resolve-calc-expressions.spec.ts.snap_docs.md",
    "kw_file": "./docs/packages/tailwind/src/utils/css/__snapshots__/resolve-calc-expressions.spec.ts.snap_kw.md",
    "size": 523,
    "status": "success",
    "timestamp": "2025-11-15T20:37:32.484557Z"
  },
  {
    "file": "packages/tailwind/src/utils/css/__snapshots__/sanitize-declarations.spec.ts.snap",
    "docs_file": "./docs/packages/tailwind/src/utils/css/__snapshots__/sanitize-declarations.spec.ts.snap_docs.md",
    "kw_file": "./docs/packages/tailwind/src/utils/css/__snapshots__/sanitize-declarations.spec.ts.snap_kw.md",
    "size": 5376,
    "status": "success",
    "timestamp": "2025-11-15T20:37:32.486768Z"
  },
  {
    "file": "packages/tailwind/src/utils/css/__snapshots__/sanitize-non-inlinable-classes.spec.ts.snap",
    "docs_file": "./docs/packages/tailwind/src/utils/css/__snapshots__/sanitize-non-inlinable-classes.spec.ts.snap_docs.md",
    "kw_file": "./docs/packages/tailwind/src/utils/css/__snapshots__/sanitize-non-inlinable-classes.spec.ts.snap_kw.md",
    "size": 2176,
    "status": "success",
    "timestamp": "2025-11-15T20:37:32.488412Z"
  },
  {
    "file": "packages/tailwind/src/utils/css/__snapshots__/sanitize-non-inlinable-rules.spec.ts.snap",
    "docs_file": "./docs/packages/tailwind/src/utils/css/__snapshots__/sanitize-non-inlinable-rules.spec.ts.snap_docs.md",
    "kw_file": "./docs/packages/tailwind/src/utils/css/__snapshots__/sanitize-non-inlinable-rules.spec.ts.snap_kw.md",
    "size": 2157,
    "status": "success",
    "timestamp": "2025-11-15T20:37:32.490014Z"
  },
  {
    "file": "packages/tailwind/src/__snapshots__/tailwind.spec.tsx.snap",
    "docs_file": "./docs/packages/tailwind/src/__snapshots__/tailwind.spec.tsx.snap_docs.md",
    "kw_file": "./docs/packages/tailwind/src/__snapshots__/tailwind.spec.tsx.snap_kw.md",
    "size": 17000,
    "status": "success",
    "timestamp": "2025-11-15T20:37:32.494785Z"
  },
  {
    "file": "packages/components/CHANGELOG.md",
    "docs_file": "./docs/packages/components/CHANGELOG.md_docs.md",
    "kw_file": "./docs/packages/components/CHANGELOG.md_kw.md",
    "size": 35367,
    "status": "success",
    "timestamp": "2025-11-15T20:37:32.502126Z"
  },
  {
    "file": "packages/components/license.md",
    "docs_file": "./docs/packages/components/license.md_docs.md",
    "kw_file": "./docs/packages/components/license.md_kw.md",
    "size": 1059,
    "status": "success",
    "timestamp": "2025-11-15T20:37:32.503318Z"
  },
  {
    "file": "packages/components/package.json",
    "docs_file": "./docs/packages/components/package.json_docs.md",
    "kw_file": "./docs/packages/components/package.json_kw.md",
    "size": 2137,
    "status": "success",
    "timestamp": "2025-11-15T20:37:32.504615Z"
  },
  {
    "file": "packages/components/readme.md",
    "docs_file": "./docs/packages/components/readme.md_docs.md",
    "kw_file": "./docs/packages/components/readme.md_kw.md",
    "size": 2799,
    "status": "success",
    "timestamp": "2025-11-15T20:37:32.506124Z"
  },
  {
    "file": "packages/components/tsconfig.json",
    "docs_file": "./docs/packages/components/tsconfig.json_docs.md",
    "kw_file": "./docs/packages/components/tsconfig.json_kw.md",
    "size": 115,
    "status": "success",
    "timestamp": "2025-11-15T20:37:32.507045Z"
  },
  {
    "file": "packages/components/src/index.ts",
    "docs_file": "./docs/packages/components/src/index.ts_docs.md",
    "kw_file": "./docs/packages/components/src/index.ts_kw.md",
    "size": 737,
    "status": "success",
    "timestamp": "2025-11-15T20:37:32.508209Z"
  },
  {
    "file": "packages/components/src/__snapshots__/heading.spec.tsx.snap",
    "docs_file": "./docs/packages/components/src/__snapshots__/heading.spec.tsx.snap_docs.md",
    "kw_file": "./docs/packages/components/src/__snapshots__/heading.spec.tsx.snap_kw.md",
    "size": 298,
    "status": "success",
    "timestamp": "2025-11-15T20:37:32.509457Z"
  },
  {
    "file": "packages/react-email/.gitignore",
    "docs_file": "./docs/packages/react-email/.gitignore_docs.md",
    "kw_file": "./docs/packages/react-email/.gitignore_kw.md",
    "size": 79,
    "status": "success",
    "timestamp": "2025-11-15T20:37:32.510314Z"
  },
  {
    "file": "packages/react-email/.npmignore",
    "docs_file": "./docs/packages/react-email/.npmignore_docs.md",
    "kw_file": "./docs/packages/react-email/.npmignore_kw.md",
    "size": 81,
    "status": "success",
    "timestamp": "2025-11-15T20:37:32.511153Z"
  },
  {
    "file": "packages/react-email/CHANGELOG.md",
    "docs_file": "./docs/packages/react-email/CHANGELOG.md_docs.md",
    "kw_file": "./docs/packages/react-email/CHANGELOG.md_kw.md",
    "size": 11479,
    "status": "success",
    "timestamp": "2025-11-15T20:37:32.514909Z"
  },
  {
    "file": "packages/react-email/license.md",
    "docs_file": "./docs/packages/react-email/license.md_docs.md",
    "kw_file": "./docs/packages/react-email/license.md_kw.md",
    "size": 1059,
    "status": "success",
    "timestamp": "2025-11-15T20:37:32.516205Z"
  },
  {
    "file": "packages/react-email/package.json",
    "docs_file": "./docs/packages/react-email/package.json_docs.md",
    "kw_file": "./docs/packages/react-email/package.json_kw.md",
    "size": 1391,
    "status": "success",
    "timestamp": "2025-11-15T20:37:32.517418Z"
  },
  {
    "file": "packages/react-email/readme.md",
    "docs_file": "./docs/packages/react-email/readme.md_docs.md",
    "kw_file": "./docs/packages/react-email/readme.md_kw.md",
    "size": 1337,
    "status": "success",
    "timestamp": "2025-11-15T20:37:32.518650Z"
  },
  {
    "file": "packages/react-email/tsconfig.json",
    "docs_file": "./docs/packages/react-email/tsconfig.json_docs.md",
    "kw_file": "./docs/packages/react-email/tsconfig.json_kw.md",
    "size": 1026,
    "status": "success",
    "timestamp": "2025-11-15T20:37:32.519751Z"
  },
  {
    "file": "packages/react-email/tsdown.config.ts",
    "docs_file": "./docs/packages/react-email/tsdown.config.ts_docs.md",
    "kw_file": "./docs/packages/react-email/tsdown.config.ts_kw.md",
    "size": 154,
    "status": "success",
    "timestamp": "2025-11-15T20:37:32.520687Z"
  },
  {
    "file": "packages/react-email/vitest.config.ts",
    "docs_file": "./docs/packages/react-email/vitest.config.ts_docs.md",
    "kw_file": "./docs/packages/react-email/vitest.config.ts_kw.md",
    "size": 249,
    "status": "success",
    "timestamp": "2025-11-15T20:37:32.521536Z"
  },
  {
    "file": "packages/react-email/src/index.ts",
    "docs_file": "./docs/packages/react-email/src/index.ts_docs.md",
    "kw_file": "./docs/packages/react-email/src/index.ts_kw.md",
    "size": 2253,
    "status": "success",
    "timestamp": "2025-11-15T20:37:32.523076Z"
  },
  {
    "file": "packages/react-email/src/actions/email-validation/__snapshots__/check-images.spec.tsx.snap",
    "docs_file": "./docs/packages/react-email/src/actions/email-validation/__snapshots__/check-images.spec.tsx.snap_docs.md",
    "kw_file": "./docs/packages/react-email/src/actions/email-validation/__snapshots__/check-images.spec.tsx.snap_kw.md",
    "size": 1570,
    "status": "success",
    "timestamp": "2025-11-15T20:37:32.524917Z"
  },
  {
    "file": "packages/react-email/src/utils/conf.ts",
    "docs_file": "./docs/packages/react-email/src/utils/conf.ts_docs.md",
    "kw_file": "./docs/packages/react-email/src/utils/conf.ts_kw.md",
    "size": 287,
    "status": "success",
    "timestamp": "2025-11-15T20:37:32.526089Z"
  },
  {
    "file": "packages/react-email/src/utils/get-emails-directory-metadata.spec.ts",
    "docs_file": "./docs/packages/react-email/src/utils/get-emails-directory-metadata.spec.ts_docs.md",
    "kw_file": "./docs/packages/react-email/src/utils/get-emails-directory-metadata.spec.ts_kw.md",
    "size": 2557,
    "status": "success",
    "timestamp": "2025-11-15T20:37:32.527701Z"
  },
  {
    "file": "packages/react-email/src/utils/get-emails-directory-metadata.ts",
    "docs_file": "./docs/packages/react-email/src/utils/get-emails-directory-metadata.ts_docs.md",
    "kw_file": "./docs/packages/react-email/src/utils/get-emails-directory-metadata.ts_kw.md",
    "size": 3951,
    "status": "success",
    "timestamp": "2025-11-15T20:37:32.529527Z"
  },
  {
    "file": "packages/react-email/src/utils/get-preview-server-location.ts",
    "docs_file": "./docs/packages/react-email/src/utils/get-preview-server-location.ts_docs.md",
    "kw_file": "./docs/packages/react-email/src/utils/get-preview-server-location.ts_kw.md",
    "size": 1581,
    "status": "success",
    "timestamp": "2025-11-15T20:37:32.530866Z"
  },
  {
    "file": "packages/react-email/src/utils/index.ts",
    "docs_file": "./docs/packages/react-email/src/utils/index.ts_docs.md",
    "kw_file": "./docs/packages/react-email/src/utils/index.ts_kw.md",
    "size": 63,
    "status": "success",
    "timestamp": "2025-11-15T20:37:32.531902Z"
  },
  {
    "file": "packages/react-email/src/utils/packageJson.ts",
    "docs_file": "./docs/packages/react-email/src/utils/packageJson.ts_docs.md",
    "kw_file": "./docs/packages/react-email/src/utils/packageJson.ts_kw.md",
    "size": 167,
    "status": "success",
    "timestamp": "2025-11-15T20:37:32.533245Z"
  },
  {
    "file": "packages/react-email/src/utils/register-spinner-autostopping.ts",
    "docs_file": "./docs/packages/react-email/src/utils/register-spinner-autostopping.ts_docs.md",
    "kw_file": "./docs/packages/react-email/src/utils/register-spinner-autostopping.ts_kw.md",
    "size": 553,
    "status": "success",
    "timestamp": "2025-11-15T20:37:32.534414Z"
  },
  {
    "file": "packages/react-email/src/utils/style-text.ts",
    "docs_file": "./docs/packages/react-email/src/utils/style-text.ts_docs.md",
    "kw_file": "./docs/packages/react-email/src/utils/style-text.ts_kw.md",
    "size": 381,
    "status": "success",
    "timestamp": "2025-11-15T20:37:32.535418Z"
  },
  {
    "file": "packages/react-email/src/utils/tree.spec.ts",
    "docs_file": "./docs/packages/react-email/src/utils/tree.spec.ts_docs.md",
    "kw_file": "./docs/packages/react-email/src/utils/tree.spec.ts_kw.md",
    "size": 134,
    "status": "success",
    "timestamp": "2025-11-15T20:37:32.536343Z"
  },
  {
    "file": "packages/react-email/src/utils/tree.ts",
    "docs_file": "./docs/packages/react-email/src/utils/tree.ts_docs.md",
    "kw_file": "./docs/packages/react-email/src/utils/tree.ts_kw.md",
    "size": 2053,
    "status": "success",
    "timestamp": "2025-11-15T20:37:32.537864Z"
  },
  {
    "file": "packages/react-email/src/utils/types/hot-reload-change.ts",
    "docs_file": "./docs/packages/react-email/src/utils/types/hot-reload-change.ts_docs.md",
    "kw_file": "./docs/packages/react-email/src/utils/types/hot-reload-change.ts_kw.md",
    "size": 144,
    "status": "success",
    "timestamp": "2025-11-15T20:37:32.538946Z"
  },
  {
    "file": "packages/react-email/src/utils/types/hot-reload-event.ts",
    "docs_file": "./docs/packages/react-email/src/utils/types/hot-reload-event.ts_docs.md",
    "kw_file": "./docs/packages/react-email/src/utils/types/hot-reload-event.ts_kw.md",
    "size": 95,
    "status": "success",
    "timestamp": "2025-11-15T20:37:32.540045Z"
  },
  {
    "file": "packages/react-email/src/utils/__snapshots__/tree.spec.ts.snap",
    "docs_file": "./docs/packages/react-email/src/utils/__snapshots__/tree.spec.ts.snap_docs.md",
    "kw_file": "./docs/packages/react-email/src/utils/__snapshots__/tree.spec.ts.snap_kw.md",
    "size": 868,
    "status": "success",
    "timestamp": "2025-11-15T20:37:32.541295Z"
  },
  {
    "file": "packages/react-email/src/utils/esbuild/escape-string-for-regex.ts",
    "docs_file": "./docs/packages/react-email/src/utils/esbuild/escape-string-for-regex.ts_docs.md",
    "kw_file": "./docs/packages/react-email/src/utils/esbuild/escape-string-for-regex.ts_kw.md",
    "size": 136,
    "status": "success",
    "timestamp": "2025-11-15T20:37:32.542685Z"
  },
  {
    "file": "packages/react-email/src/utils/esbuild/renderring-utilities-exporter.ts",
    "docs_file": "./docs/packages/react-email/src/utils/esbuild/renderring-utilities-exporter.ts_docs.md",
    "kw_file": "./docs/packages/react-email/src/utils/esbuild/renderring-utilities-exporter.ts_kw.md",
    "size": 2300,
    "status": "success",
    "timestamp": "2025-11-15T20:37:32.545091Z"
  },
  {
    "file": "packages/react-email/src/utils/preview/get-env-variables-for-preview-app.ts",
    "docs_file": "./docs/packages/react-email/src/utils/preview/get-env-variables-for-preview-app.ts_docs.md",
    "kw_file": "./docs/packages/react-email/src/utils/preview/get-env-variables-for-preview-app.ts_kw.md",
    "size": 485,
    "status": "success",
    "timestamp": "2025-11-15T20:37:32.546371Z"
  },
  {
    "file": "packages/react-email/src/utils/preview/index.ts",
    "docs_file": "./docs/packages/react-email/src/utils/preview/index.ts_docs.md",
    "kw_file": "./docs/packages/react-email/src/utils/preview/index.ts_kw.md",
    "size": 95,
    "status": "success",
    "timestamp": "2025-11-15T20:37:32.547531Z"
  },
  {
    "file": "packages/react-email/src/utils/preview/serve-static-file.ts",
    "docs_file": "./docs/packages/react-email/src/utils/preview/serve-static-file.ts_docs.md",
    "kw_file": "./docs/packages/react-email/src/utils/preview/serve-static-file.ts_kw.md",
    "size": 1491,
    "status": "success",
    "timestamp": "2025-11-15T20:37:32.549019Z"
  },
  {
    "file": "packages/react-email/src/utils/preview/start-dev-server.ts",
    "docs_file": "./docs/packages/react-email/src/utils/preview/start-dev-server.ts_docs.md",
    "kw_file": "./docs/packages/react-email/src/utils/preview/start-dev-server.ts_kw.md",
    "size": 6489,
    "status": "success",
    "timestamp": "2025-11-15T20:37:32.551614Z"
  },
  {
    "file": "packages/react-email/src/utils/preview/hot-reloading/create-dependency-graph.spec.ts",
    "docs_file": "./docs/packages/react-email/src/utils/preview/hot-reloading/create-dependency-graph.spec.ts_docs.md",
    "kw_file": "./docs/packages/react-email/src/utils/preview/hot-reloading/create-dependency-graph.spec.ts_kw.md",
    "size": 4891,
    "status": "success",
    "timestamp": "2025-11-15T20:37:32.553757Z"
  },
  {
    "file": "packages/react-email/src/utils/preview/hot-reloading/create-dependency-graph.ts",
    "docs_file": "./docs/packages/react-email/src/utils/preview/hot-reloading/create-dependency-graph.ts_docs.md",
    "kw_file": "./docs/packages/react-email/src/utils/preview/hot-reloading/create-dependency-graph.ts_kw.md",
    "size": 11294,
    "status": "success",
    "timestamp": "2025-11-15T20:37:32.557064Z"
  },
  {
    "file": "packages/react-email/src/utils/preview/hot-reloading/get-imported-modules.spec.ts",
    "docs_file": "./docs/packages/react-email/src/utils/preview/hot-reloading/get-imported-modules.spec.ts_docs.md",
    "kw_file": "./docs/packages/react-email/src/utils/preview/hot-reloading/get-imported-modules.spec.ts_kw.md",
    "size": 3169,
    "status": "success",
    "timestamp": "2025-11-15T20:37:32.558850Z"
  },
  {
    "file": "packages/react-email/src/utils/preview/hot-reloading/get-imported-modules.ts",
    "docs_file": "./docs/packages/react-email/src/utils/preview/hot-reloading/get-imported-modules.ts_docs.md",
    "kw_file": "./docs/packages/react-email/src/utils/preview/hot-reloading/get-imported-modules.ts_kw.md",
    "size": 1377,
    "status": "success",
    "timestamp": "2025-11-15T20:37:32.560238Z"
  },
  {
    "file": "packages/react-email/src/utils/preview/hot-reloading/resolve-path-aliases.spec.ts",
    "docs_file": "./docs/packages/react-email/src/utils/preview/hot-reloading/resolve-path-aliases.spec.ts_docs.md",
    "kw_file": "./docs/packages/react-email/src/utils/preview/hot-reloading/resolve-path-aliases.spec.ts_kw.md",
    "size": 283,
    "status": "success",
    "timestamp": "2025-11-15T20:37:32.561263Z"
  },
  {
    "file": "packages/react-email/src/utils/preview/hot-reloading/resolve-path-aliases.ts",
    "docs_file": "./docs/packages/react-email/src/utils/preview/hot-reloading/resolve-path-aliases.ts_docs.md",
    "kw_file": "./docs/packages/react-email/src/utils/preview/hot-reloading/resolve-path-aliases.ts_kw.md",
    "size": 796,
    "status": "success",
    "timestamp": "2025-11-15T20:37:32.562372Z"
  },
  {
    "file": "packages/react-email/src/utils/preview/hot-reloading/setup-hot-reloading.ts",
    "docs_file": "./docs/packages/react-email/src/utils/preview/hot-reloading/setup-hot-reloading.ts_docs.md",
    "kw_file": "./docs/packages/react-email/src/utils/preview/hot-reloading/setup-hot-reloading.ts_kw.md",
    "size": 3845,
    "status": "success",
    "timestamp": "2025-11-15T20:37:32.564462Z"
  },
  {
    "file": "packages/react-email/src/utils/preview/hot-reloading/__snapshots__/create-dependency-graph.spec.ts.snap",
    "docs_file": "./docs/packages/react-email/src/utils/preview/hot-reloading/__snapshots__/create-dependency-graph.spec.ts.snap_docs.md",
    "kw_file": "./docs/packages/react-email/src/utils/preview/hot-reloading/__snapshots__/create-dependency-graph.spec.ts.snap_kw.md",
    "size": 1470,
    "status": "success",
    "timestamp": "2025-11-15T20:37:32.566020Z"
  },
  {
    "file": "packages/react-email/src/utils/preview/hot-reloading/test/some-file.ts",
    "docs_file": "./docs/packages/react-email/src/utils/preview/hot-reloading/test/some-file.ts_docs.md",
    "kw_file": "./docs/packages/react-email/src/utils/preview/hot-reloading/test/some-file.ts_kw.md",
    "size": 0,
    "status": "success",
    "timestamp": "2025-11-15T20:37:32.567138Z"
  },
  {
    "file": "packages/react-email/src/utils/preview/hot-reloading/test/tsconfig.json",
    "docs_file": "./docs/packages/react-email/src/utils/preview/hot-reloading/test/tsconfig.json_docs.md",
    "kw_file": "./docs/packages/react-email/src/utils/preview/hot-reloading/test/tsconfig.json_kw.md",
    "size": 111,
    "status": "success",
    "timestamp": "2025-11-15T20:37:32.568288Z"
  },
  {
    "file": "packages/react-email/src/utils/preview/hot-reloading/test/dependency-graph/outer.ts",
    "docs_file": "./docs/packages/react-email/src/utils/preview/hot-reloading/test/dependency-graph/outer.ts_docs.md",
    "kw_file": "./docs/packages/react-email/src/utils/preview/hot-reloading/test/dependency-graph/outer.ts_kw.md",
    "size": 221,
    "status": "success",
    "timestamp": "2025-11-15T20:37:32.569520Z"
  },
  {
    "file": "packages/react-email/src/utils/preview/hot-reloading/test/dependency-graph/inner/data-to-import.json",
    "docs_file": "./docs/packages/react-email/src/utils/preview/hot-reloading/test/dependency-graph/inner/data-to-import.json_docs.md",
    "kw_file": "./docs/packages/react-email/src/utils/preview/hot-reloading/test/dependency-graph/inner/data-to-import.json_kw.md",
    "size": 3,
    "status": "success",
    "timestamp": "2025-11-15T20:37:32.570674Z"
  },
  {
    "file": "packages/react-email/src/utils/preview/hot-reloading/test/dependency-graph/inner/file-a.ts",
    "docs_file": "./docs/packages/react-email/src/utils/preview/hot-reloading/test/dependency-graph/inner/file-a.ts_docs.md",
    "kw_file": "./docs/packages/react-email/src/utils/preview/hot-reloading/test/dependency-graph/inner/file-a.ts_kw.md",
    "size": 195,
    "status": "success",
    "timestamp": "2025-11-15T20:37:32.572083Z"
  },
  {
    "file": "packages/react-email/src/utils/preview/hot-reloading/test/dependency-graph/inner/file-b.ts",
    "docs_file": "./docs/packages/react-email/src/utils/preview/hot-reloading/test/dependency-graph/inner/file-b.ts_docs.md",
    "kw_file": "./docs/packages/react-email/src/utils/preview/hot-reloading/test/dependency-graph/inner/file-b.ts_kw.md",
    "size": 195,
    "status": "success",
    "timestamp": "2025-11-15T20:37:32.573383Z"
  },
  {
    "file": "packages/react-email/src/utils/preview/hot-reloading/test/dependency-graph/inner/general-importing-file.ts",
    "docs_file": "./docs/packages/react-email/src/utils/preview/hot-reloading/test/dependency-graph/inner/general-importing-file.ts_docs.md",
    "kw_file": "./docs/packages/react-email/src/utils/preview/hot-reloading/test/dependency-graph/inner/general-importing-file.ts_kw.md",
    "size": 354,
    "status": "success",
    "timestamp": "2025-11-15T20:37:32.574839Z"
  },
  {
    "file": "packages/react-email/src/utils/preview/hot-reloading/test/dependency-graph/inner/outer-dependency.ts",
    "docs_file": "./docs/packages/react-email/src/utils/preview/hot-reloading/test/dependency-graph/inner/outer-dependency.ts_docs.md",
    "kw_file": "./docs/packages/react-email/src/utils/preview/hot-reloading/test/dependency-graph/inner/outer-dependency.ts_kw.md",
    "size": 163,
    "status": "success",
    "timestamp": "2025-11-15T20:37:32.576320Z"
  },
  {
    "file": "packages/react-email/src/cli/utils/preview/hot-reloading/__snapshots__/create-dependency-graph.spec.ts.snap",
    "docs_file": "./docs/packages/react-email/src/cli/utils/preview/hot-reloading/__snapshots__/create-dependency-graph.spec.ts.snap_docs.md",
    "kw_file": "./docs/packages/react-email/src/cli/utils/preview/hot-reloading/__snapshots__/create-dependency-graph.spec.ts.snap_kw.md",
    "size": 4736,
    "status": "success",
    "timestamp": "2025-11-15T20:37:32.579423Z"
  },
  {
    "file": "packages/react-email/src/cli/utils/preview/hot-reloading/test/dependency-graph/outer.ts",
    "docs_file": "./docs/packages/react-email/src/cli/utils/preview/hot-reloading/test/dependency-graph/outer.ts_docs.md",
    "kw_file": "./docs/packages/react-email/src/cli/utils/preview/hot-reloading/test/dependency-graph/outer.ts_kw.md",
    "size": 221,
    "status": "success",
    "timestamp": "2025-11-15T20:37:32.581177Z"
  },
  {
    "file": "packages/react-email/src/cli/utils/preview/hot-reloading/test/dependency-graph/inner/data-to-import.json",
    "docs_file": "./docs/packages/react-email/src/cli/utils/preview/hot-reloading/test/dependency-graph/inner/data-to-import.json_docs.md",
    "kw_file": "./docs/packages/react-email/src/cli/utils/preview/hot-reloading/test/dependency-graph/inner/data-to-import.json_kw.md",
    "size": 3,
    "status": "success",
    "timestamp": "2025-11-15T20:37:32.582373Z"
  },
  {
    "file": "packages/react-email/src/cli/utils/preview/hot-reloading/test/dependency-graph/inner/file-a.ts",
    "docs_file": "./docs/packages/react-email/src/cli/utils/preview/hot-reloading/test/dependency-graph/inner/file-a.ts_docs.md",
    "kw_file": "./docs/packages/react-email/src/cli/utils/preview/hot-reloading/test/dependency-graph/inner/file-a.ts_kw.md",
    "size": 195,
    "status": "success",
    "timestamp": "2025-11-15T20:37:32.583742Z"
  },
  {
    "file": "packages/react-email/src/cli/utils/preview/hot-reloading/test/dependency-graph/inner/file-b.ts",
    "docs_file": "./docs/packages/react-email/src/cli/utils/preview/hot-reloading/test/dependency-graph/inner/file-b.ts_docs.md",
    "kw_file": "./docs/packages/react-email/src/cli/utils/preview/hot-reloading/test/dependency-graph/inner/file-b.ts_kw.md",
    "size": 195,
    "status": "success",
    "timestamp": "2025-11-15T20:37:32.585078Z"
  },
  {
    "file": "packages/react-email/src/cli/utils/preview/hot-reloading/test/dependency-graph/inner/general-importing-file.ts",
    "docs_file": "./docs/packages/react-email/src/cli/utils/preview/hot-reloading/test/dependency-graph/inner/general-importing-file.ts_docs.md",
    "kw_file": "./docs/packages/react-email/src/cli/utils/preview/hot-reloading/test/dependency-graph/inner/general-importing-file.ts_kw.md",
    "size": 354,
    "status": "success",
    "timestamp": "2025-11-15T20:37:32.586727Z"
  },
  {
    "file": "packages/react-email/src/cli/utils/preview/hot-reloading/test/dependency-graph/inner/outer-dependency.ts",
    "docs_file": "./docs/packages/react-email/src/cli/utils/preview/hot-reloading/test/dependency-graph/inner/outer-dependency.ts_docs.md",
    "kw_file": "./docs/packages/react-email/src/cli/utils/preview/hot-reloading/test/dependency-graph/inner/outer-dependency.ts_kw.md",
    "size": 163,
    "status": "success",
    "timestamp": "2025-11-15T20:37:32.588170Z"
  },
  {
    "file": "packages/react-email/src/commands/.npmignore",
    "docs_file": "./docs/packages/react-email/src/commands/.npmignore_docs.md",
    "kw_file": "./docs/packages/react-email/src/commands/.npmignore_kw.md",
    "size": 8,
    "status": "success",
    "timestamp": "2025-11-15T20:37:32.589051Z"
  },
  {
    "file": "packages/react-email/src/commands/build.ts",
    "docs_file": "./docs/packages/react-email/src/commands/build.ts_docs.md",
    "kw_file": "./docs/packages/react-email/src/commands/build.ts_kw.md",
    "size": 8430,
    "status": "success",
    "timestamp": "2025-11-15T20:37:32.591913Z"
  },
  {
    "file": "packages/react-email/src/commands/dev.ts",
    "docs_file": "./docs/packages/react-email/src/commands/dev.ts_docs.md",
    "kw_file": "./docs/packages/react-email/src/commands/dev.ts_kw.md",
    "size": 736,
    "status": "success",
    "timestamp": "2025-11-15T20:37:32.593099Z"
  },
  {
    "file": "packages/react-email/src/commands/export.ts",
    "docs_file": "./docs/packages/react-email/src/commands/export.ts_docs.md",
    "kw_file": "./docs/packages/react-email/src/commands/export.ts_kw.md",
    "size": 6015,
    "status": "success",
    "timestamp": "2025-11-15T20:37:32.595384Z"
  },
  {
    "file": "packages/react-email/src/commands/start.ts",
    "docs_file": "./docs/packages/react-email/src/commands/start.ts_docs.md",
    "kw_file": "./docs/packages/react-email/src/commands/start.ts_kw.md",
    "size": 989,
    "status": "success",
    "timestamp": "2025-11-15T20:37:32.596547Z"
  },
  {
    "file": "packages/react-email/src/commands/resend/reset.ts",
    "docs_file": "./docs/packages/react-email/src/commands/resend/reset.ts_docs.md",
    "kw_file": "./docs/packages/react-email/src/commands/resend/reset.ts_kw.md",
    "size": 232,
    "status": "success",
    "timestamp": "2025-11-15T20:37:32.597654Z"
  },
  {
    "file": "packages/react-email/src/commands/resend/setup.ts",
    "docs_file": "./docs/packages/react-email/src/commands/resend/setup.ts_docs.md",
    "kw_file": "./docs/packages/react-email/src/commands/resend/setup.ts_kw.md",
    "size": 948,
    "status": "success",
    "timestamp": "2025-11-15T20:37:32.598920Z"
  },
  {
    "file": "packages/react-email/src/commands/testing/.gitignore",
    "docs_file": "./docs/packages/react-email/src/commands/testing/.gitignore_docs.md",
    "kw_file": "./docs/packages/react-email/src/commands/testing/.gitignore_kw.md",
    "size": 37,
    "status": "success",
    "timestamp": "2025-11-15T20:37:32.599909Z"
  },
  {
    "file": "packages/react-email/src/commands/testing/export.spec.ts",
    "docs_file": "./docs/packages/react-email/src/commands/testing/export.spec.ts_docs.md",
    "kw_file": "./docs/packages/react-email/src/commands/testing/export.spec.ts_kw.md",
    "size": 605,
    "status": "success",
    "timestamp": "2025-11-15T20:37:32.601034Z"
  },
  {
    "file": "packages/react-email/src/commands/testing/__snapshots__/export.spec.ts.snap",
    "docs_file": "./docs/packages/react-email/src/commands/testing/__snapshots__/export.spec.ts.snap_docs.md",
    "kw_file": "./docs/packages/react-email/src/commands/testing/__snapshots__/export.spec.ts.snap_kw.md",
    "size": 12131,
    "status": "success",
    "timestamp": "2025-11-15T20:37:32.604426Z"
  },
  {
    "file": "packages/react-email/src/commands/testing/emails/vercel-invite-user.tsx",
    "docs_file": "./docs/packages/react-email/src/commands/testing/emails/vercel-invite-user.tsx_docs.md",
    "kw_file": "./docs/packages/react-email/src/commands/testing/emails/vercel-invite-user.tsx_kw.md",
    "size": 5099,
    "status": "success",
    "timestamp": "2025-11-15T20:37:32.606652Z"
  },
  {
    "file": "packages/react-email/dev/CHANGELOG.md",
    "docs_file": "./docs/packages/react-email/dev/CHANGELOG.md_docs.md",
    "kw_file": "./docs/packages/react-email/dev/CHANGELOG.md_kw.md",
    "size": 42,
    "status": "success",
    "timestamp": "2025-11-15T20:37:32.607699Z"
  },
  {
    "file": "packages/react-email/dev/index.js",
    "docs_file": "./docs/packages/react-email/dev/index.js_docs.md",
    "kw_file": "./docs/packages/react-email/dev/index.js_kw.md",
    "size": 859,
    "status": "success",
    "timestamp": "2025-11-15T20:37:32.608963Z"
  },
  {
    "file": "packages/react-email/dev/package.json",
    "docs_file": "./docs/packages/react-email/dev/package.json_docs.md",
    "kw_file": "./docs/packages/react-email/dev/package.json_kw.md",
    "size": 150,
    "status": "success",
    "timestamp": "2025-11-15T20:37:32.610010Z"
  },
  {
    "file": "packages/section/CHANGELOG.md",
    "docs_file": "./docs/packages/section/CHANGELOG.md_docs.md",
    "kw_file": "./docs/packages/section/CHANGELOG.md_kw.md",
    "size": 939,
    "status": "success",
    "timestamp": "2025-11-15T20:37:32.610969Z"
  },
  {
    "file": "packages/section/license.md",
    "docs_file": "./docs/packages/section/license.md_docs.md",
    "kw_file": "./docs/packages/section/license.md_kw.md",
    "size": 1059,
    "status": "success",
    "timestamp": "2025-11-15T20:37:32.612050Z"
  },
  {
    "file": "packages/section/package.json",
    "docs_file": "./docs/packages/section/package.json_docs.md",
    "kw_file": "./docs/packages/section/package.json_kw.md",
    "size": 1285,
    "status": "success",
    "timestamp": "2025-11-15T20:37:32.613150Z"
  },
  {
    "file": "packages/section/readme.md",
    "docs_file": "./docs/packages/section/readme.md_docs.md",
    "kw_file": "./docs/packages/section/readme.md_kw.md",
    "size": 3271,
    "status": "success",
    "timestamp": "2025-11-15T20:37:32.616933Z"
  },
  {
    "file": "packages/section/tsconfig.json",
    "docs_file": "./docs/packages/section/tsconfig.json_docs.md",
    "kw_file": "./docs/packages/section/tsconfig.json_kw.md",
    "size": 115,
    "status": "success",
    "timestamp": "2025-11-15T20:37:32.617887Z"
  },
  {
    "file": "packages/section/src/index.ts",
    "docs_file": "./docs/packages/section/src/index.ts_docs.md",
    "kw_file": "./docs/packages/section/src/index.ts_kw.md",
    "size": 27,
    "status": "success",
    "timestamp": "2025-11-15T20:37:32.618884Z"
  },
  {
    "file": "packages/section/src/section.spec.tsx",
    "docs_file": "./docs/packages/section/src/section.spec.tsx_docs.md",
    "kw_file": "./docs/packages/section/src/section.spec.tsx_kw.md",
    "size": 1692,
    "status": "success",
    "timestamp": "2025-11-15T20:37:32.620190Z"
  },
  {
    "file": "packages/section/src/section.tsx",
    "docs_file": "./docs/packages/section/src/section.tsx_docs.md",
    "kw_file": "./docs/packages/section/src/section.tsx_kw.md",
    "size": 621,
    "status": "success",
    "timestamp": "2025-11-15T20:37:32.621103Z"
  },
  {
    "file": "packages/section/src/__snapshots__/section.spec.tsx.snap",
    "docs_file": "./docs/packages/section/src/__snapshots__/section.spec.tsx.snap_docs.md",
    "kw_file": "./docs/packages/section/src/__snapshots__/section.spec.tsx.snap_kw.md",
    "size": 412,
    "status": "success",
    "timestamp": "2025-11-15T20:37:32.622112Z"
  },
  {
    "file": "packages/link/CHANGELOG.md",
    "docs_file": "./docs/packages/link/CHANGELOG.md_docs.md",
    "kw_file": "./docs/packages/link/CHANGELOG.md_kw.md",
    "size": 932,
    "status": "success",
    "timestamp": "2025-11-15T20:37:32.623140Z"
  },
  {
    "file": "packages/link/license.md",
    "docs_file": "./docs/packages/link/license.md_docs.md",
    "kw_file": "./docs/packages/link/license.md_kw.md",
    "size": 1059,
    "status": "success",
    "timestamp": "2025-11-15T20:37:32.624126Z"
  },
  {
    "file": "packages/link/package.json",
    "docs_file": "./docs/packages/link/package.json_docs.md",
    "kw_file": "./docs/packages/link/package.json_kw.md",
    "size": 1303,
    "status": "success",
    "timestamp": "2025-11-15T20:37:32.625204Z"
  },
  {
    "file": "packages/link/readme.md",
    "docs_file": "./docs/packages/link/readme.md_docs.md",
    "kw_file": "./docs/packages/link/readme.md_kw.md",
    "size": 3143,
    "status": "success",
    "timestamp": "2025-11-15T20:37:32.626685Z"
  },
  {
    "file": "packages/link/tsconfig.json",
    "docs_file": "./docs/packages/link/tsconfig.json_docs.md",
    "kw_file": "./docs/packages/link/tsconfig.json_kw.md",
    "size": 115,
    "status": "success",
    "timestamp": "2025-11-15T20:37:32.627439Z"
  },
  {
    "file": "packages/link/src/index.ts",
    "docs_file": "./docs/packages/link/src/index.ts_docs.md",
    "kw_file": "./docs/packages/link/src/index.ts_kw.md",
    "size": 24,
    "status": "success",
    "timestamp": "2025-11-15T20:37:32.628171Z"
  },
  {
    "file": "packages/link/src/link.spec.tsx",
    "docs_file": "./docs/packages/link/src/link.spec.tsx_docs.md",
    "kw_file": "./docs/packages/link/src/link.spec.tsx_kw.md",
    "size": 1063,
    "status": "success",
    "timestamp": "2025-11-15T20:37:32.629288Z"
  },
  {
    "file": "packages/link/src/link.tsx",
    "docs_file": "./docs/packages/link/src/link.tsx_docs.md",
    "kw_file": "./docs/packages/link/src/link.tsx_kw.md",
    "size": 466,
    "status": "success",
    "timestamp": "2025-11-15T20:37:32.630169Z"
  },
  {
    "file": "packages/link/src/__snapshots__/link.spec.tsx.snap",
    "docs_file": "./docs/packages/link/src/__snapshots__/link.spec.tsx.snap_docs.md",
    "kw_file": "./docs/packages/link/src/__snapshots__/link.spec.tsx.snap_kw.md",
    "size": 364,
    "status": "success",
    "timestamp": "2025-11-15T20:37:32.631168Z"
  },
  {
    "file": ".github/CODEOWNERS",
    "docs_file": "./docs/.github/CODEOWNERS_docs.md",
    "kw_file": "./docs/.github/CODEOWNERS_kw.md",
    "size": 0,
    "status": "success",
    "timestamp": "2025-11-15T20:37:32.631807Z"
  },
  {
    "file": ".github/pull_request_template.md",
    "docs_file": "./docs/.github/pull_request_template.md_docs.md",
    "kw_file": "./docs/.github/pull_request_template.md_kw.md",
    "size": 448,
    "status": "success",
    "timestamp": "2025-11-15T20:37:32.632741Z"
  },
  {
    "file": ".github/DISCUSSION_TEMPLATE/help.yml",
    "docs_file": "./docs/.github/DISCUSSION_TEMPLATE/help.yml_docs.md",
    "kw_file": "./docs/.github/DISCUSSION_TEMPLATE/help.yml_kw.md",
    "size": 555,
    "status": "success",
    "timestamp": "2025-11-15T20:37:32.633767Z"
  },
  {
    "file": ".github/DISCUSSION_TEMPLATE/ideas.yml",
    "docs_file": "./docs/.github/DISCUSSION_TEMPLATE/ideas.yml_docs.md",
    "kw_file": "./docs/.github/DISCUSSION_TEMPLATE/ideas.yml_kw.md",
    "size": 619,
    "status": "success",
    "timestamp": "2025-11-15T20:37:32.634624Z"
  },
  {
    "file": ".github/workflows/lint.yml",
    "docs_file": "./docs/.github/workflows/lint.yml_docs.md",
    "kw_file": "./docs/.github/workflows/lint.yml_kw.md",
    "size": 654,
    "status": "success",
    "timestamp": "2025-11-15T20:37:32.635543Z"
  },
  {
    "file": ".github/workflows/pin-dependencies-check.yml",
    "docs_file": "./docs/.github/workflows/pin-dependencies-check.yml_docs.md",
    "kw_file": "./docs/.github/workflows/pin-dependencies-check.yml_kw.md",
    "size": 526,
    "status": "success",
    "timestamp": "2025-11-15T20:37:32.636558Z"
  },
  {
    "file": ".github/workflows/preview-release.yml",
    "docs_file": "./docs/.github/workflows/preview-release.yml_docs.md",
    "kw_file": "./docs/.github/workflows/preview-release.yml_kw.md",
    "size": 1134,
    "status": "success",
    "timestamp": "2025-11-15T20:37:32.637627Z"
  },
  {
    "file": ".github/workflows/pull-request-title-check.yml",
    "docs_file": "./docs/.github/workflows/pull-request-title-check.yml_docs.md",
    "kw_file": "./docs/.github/workflows/pull-request-title-check.yml_kw.md",
    "size": 515,
    "status": "success",
    "timestamp": "2025-11-15T20:37:32.638492Z"
  },
  {
    "file": ".github/workflows/release-canary.yml",
    "docs_file": "./docs/.github/workflows/release-canary.yml_docs.md",
    "kw_file": "./docs/.github/workflows/release-canary.yml_kw.md",
    "size": 1175,
    "status": "success",
    "timestamp": "2025-11-15T20:37:32.639497Z"
  },
  {
    "file": ".github/workflows/release.yml",
    "docs_file": "./docs/.github/workflows/release.yml_docs.md",
    "kw_file": "./docs/.github/workflows/release.yml_kw.md",
    "size": 1136,
    "status": "success",
    "timestamp": "2025-11-15T20:37:32.640496Z"
  },
  {
    "file": ".github/workflows/tests.yml",
    "docs_file": "./docs/.github/workflows/tests.yml_docs.md",
    "kw_file": "./docs/.github/workflows/tests.yml_kw.md",
    "size": 1146,
    "status": "success",
    "timestamp": "2025-11-15T20:37:32.641550Z"
  },
  {
    "file": ".github/ISSUE_TEMPLATE/1.bug_report.yml",
    "docs_file": "./docs/.github/ISSUE_TEMPLATE/1.bug_report.yml_docs.md",
    "kw_file": "./docs/.github/ISSUE_TEMPLATE/1.bug_report.yml_kw.md",
    "size": 2608,
    "status": "success",
    "timestamp": "2025-11-15T20:37:32.643167Z"
  },
  {
    "file": ".github/ISSUE_TEMPLATE/config.yml",
    "docs_file": "./docs/.github/ISSUE_TEMPLATE/config.yml_docs.md",
    "kw_file": "./docs/.github/ISSUE_TEMPLATE/config.yml_kw.md",
    "size": 357,
    "status": "success",
    "timestamp": "2025-11-15T20:37:32.644015Z"
  },
  {
    "file": ".vscode/settings.json",
    "docs_file": "./docs/.vscode/settings.json_docs.md",
    "kw_file": "./docs/.vscode/settings.json_kw.md",
    "size": 164,
    "status": "success",
    "timestamp": "2025-11-15T20:37:32.644697Z"
  },
  {
    "file": ".changeset/README.md",
    "docs_file": "./docs/.changeset/README.md_docs.md",
    "kw_file": "./docs/.changeset/README.md_kw.md",
    "size": 510,
    "status": "success",
    "timestamp": "2025-11-15T20:37:32.645623Z"
  },
  {
    "file": ".changeset/config.json",
    "docs_file": "./docs/.changeset/config.json_docs.md",
    "kw_file": "./docs/.changeset/config.json_kw.md",
    "size": 415,
    "status": "success",
    "timestamp": "2025-11-15T20:37:32.646345Z"
  },
  {
    "file": "examples/aws-ses/package.json",
    "docs_file": "./docs/examples/aws-ses/package.json_docs.md",
    "kw_file": "./docs/examples/aws-ses/package.json_kw.md",
    "size": 589,
    "status": "success",
    "timestamp": "2025-11-15T20:37:32.647360Z"
  },
  {
    "file": "examples/aws-ses/tsconfig.json",
    "docs_file": "./docs/examples/aws-ses/tsconfig.json_docs.md",
    "kw_file": "./docs/examples/aws-ses/tsconfig.json_kw.md",
    "size": 661,
    "status": "success",
    "timestamp": "2025-11-15T20:37:32.648227Z"
  },
  {
    "file": "examples/aws-ses/src/email.tsx",
    "docs_file": "./docs/examples/aws-ses/src/email.tsx_docs.md",
    "kw_file": "./docs/examples/aws-ses/src/email.tsx_kw.md",
    "size": 298,
    "status": "success",
    "timestamp": "2025-11-15T20:37:32.649070Z"
  },
  {
    "file": "examples/aws-ses/src/index.tsx",
    "docs_file": "./docs/examples/aws-ses/src/index.tsx_docs.md",
    "kw_file": "./docs/examples/aws-ses/src/index.tsx_kw.md",
    "size": 670,
    "status": "success",
    "timestamp": "2025-11-15T20:37:32.650059Z"
  },
  {
    "file": "examples/sendgrid/package.json",
    "docs_file": "./docs/examples/sendgrid/package.json_docs.md",
    "kw_file": "./docs/examples/sendgrid/package.json_kw.md",
    "size": 585,
    "status": "success",
    "timestamp": "2025-11-15T20:37:32.650938Z"
  },
  {
    "file": "examples/sendgrid/tsconfig.json",
    "docs_file": "./docs/examples/sendgrid/tsconfig.json_docs.md",
    "kw_file": "./docs/examples/sendgrid/tsconfig.json_kw.md",
    "size": 661,
    "status": "success",
    "timestamp": "2025-11-15T20:37:32.651950Z"
  },
  {
    "file": "examples/sendgrid/src/email.tsx",
    "docs_file": "./docs/examples/sendgrid/src/email.tsx_docs.md",
    "kw_file": "./docs/examples/sendgrid/src/email.tsx_kw.md",
    "size": 261,
    "status": "success",
    "timestamp": "2025-11-15T20:37:32.652894Z"
  },
  {
    "file": "examples/sendgrid/src/index.tsx",
    "docs_file": "./docs/examples/sendgrid/src/index.tsx_docs.md",
    "kw_file": "./docs/examples/sendgrid/src/index.tsx_kw.md",
    "size": 398,
    "status": "success",
    "timestamp": "2025-11-15T20:37:32.654084Z"
  },
  {
    "file": "examples/postmark/package.json",
    "docs_file": "./docs/examples/postmark/package.json_docs.md",
    "kw_file": "./docs/examples/postmark/package.json_kw.md",
    "size": 579,
    "status": "success",
    "timestamp": "2025-11-15T20:37:32.655014Z"
  },
  {
    "file": "examples/postmark/tsconfig.json",
    "docs_file": "./docs/examples/postmark/tsconfig.json_docs.md",
    "kw_file": "./docs/examples/postmark/tsconfig.json_kw.md",
    "size": 661,
    "status": "success",
    "timestamp": "2025-11-15T20:37:32.656016Z"
  },
  {
    "file": "examples/postmark/src/email.tsx",
    "docs_file": "./docs/examples/postmark/src/email.tsx_docs.md",
    "kw_file": "./docs/examples/postmark/src/email.tsx_kw.md",
    "size": 261,
    "status": "success",
    "timestamp": "2025-11-15T20:37:32.656939Z"
  },
  {
    "file": "examples/postmark/src/index.tsx",
    "docs_file": "./docs/examples/postmark/src/index.tsx_docs.md",
    "kw_file": "./docs/examples/postmark/src/index.tsx_kw.md",
    "size": 421,
    "status": "success",
    "timestamp": "2025-11-15T20:37:32.657952Z"
  },
  {
    "file": "examples/scaleway/node/package.json",
    "docs_file": "./docs/examples/scaleway/node/package.json_docs.md",
    "kw_file": "./docs/examples/scaleway/node/package.json_kw.md",
    "size": 561,
    "status": "success",
    "timestamp": "2025-11-15T20:37:32.659098Z"
  },
  {
    "file": "examples/scaleway/node/tsconfig.json",
    "docs_file": "./docs/examples/scaleway/node/tsconfig.json_docs.md",
    "kw_file": "./docs/examples/scaleway/node/tsconfig.json_kw.md",
    "size": 661,
    "status": "success",
    "timestamp": "2025-11-15T20:37:32.660147Z"
  },
  {
    "file": "examples/scaleway/node/src/email.tsx",
    "docs_file": "./docs/examples/scaleway/node/src/email.tsx_docs.md",
    "kw_file": "./docs/examples/scaleway/node/src/email.tsx_kw.md",
    "size": 1349,
    "status": "success",
    "timestamp": "2025-11-15T20:37:32.661390Z"
  },
  {
    "file": "examples/scaleway/node/src/index.tsx",
    "docs_file": "./docs/examples/scaleway/node/src/index.tsx_docs.md",
    "kw_file": "./docs/examples/scaleway/node/src/index.tsx_kw.md",
    "size": 1225,
    "status": "success",
    "timestamp": "2025-11-15T20:37:32.662746Z"
  },
  {
    "file": "examples/scaleway/next/next-env.d.ts",
    "docs_file": "./docs/examples/scaleway/next/next-env.d.ts_docs.md",
    "kw_file": "./docs/examples/scaleway/next/next-env.d.ts_kw.md",
    "size": 230,
    "status": "success",
    "timestamp": "2025-11-15T20:37:32.663745Z"
  },
  {
    "file": "examples/scaleway/next/package.json",
    "docs_file": "./docs/examples/scaleway/next/package.json_docs.md",
    "kw_file": "./docs/examples/scaleway/next/package.json_kw.md",
    "size": 501,
    "status": "success",
    "timestamp": "2025-11-15T20:37:32.664871Z"
  },
  {
    "file": "examples/scaleway/next/tsconfig.json",
    "docs_file": "./docs/examples/scaleway/next/tsconfig.json_docs.md",
    "kw_file": "./docs/examples/scaleway/next/tsconfig.json_kw.md",
    "size": 543,
    "status": "success",
    "timestamp": "2025-11-15T20:37:32.665827Z"
  },
  {
    "file": "examples/scaleway/next/src/lib/scaleway.ts",
    "docs_file": "./docs/examples/scaleway/next/src/lib/scaleway.ts_docs.md",
    "kw_file": "./docs/examples/scaleway/next/src/lib/scaleway.ts_kw.md",
    "size": 346,
    "status": "success",
    "timestamp": "2025-11-15T20:37:32.667047Z"
  },
  {
    "file": "examples/scaleway/next/src/pages/api/send.tsx",
    "docs_file": "./docs/examples/scaleway/next/src/pages/api/send.tsx_docs.md",
    "kw_file": "./docs/examples/scaleway/next/src/pages/api/send.tsx_kw.md",
    "size": 829,
    "status": "success",
    "timestamp": "2025-11-15T20:37:32.668490Z"
  },
  {
    "file": "examples/scaleway/next/transactional/emails/waitlist.tsx",
    "docs_file": "./docs/examples/scaleway/next/transactional/emails/waitlist.tsx_docs.md",
    "kw_file": "./docs/examples/scaleway/next/transactional/emails/waitlist.tsx_kw.md",
    "size": 1259,
    "status": "success",
    "timestamp": "2025-11-15T20:37:32.670068Z"
  },
  {
    "file": "examples/resend/next-env.d.ts",
    "docs_file": "./docs/examples/resend/next-env.d.ts_docs.md",
    "kw_file": "./docs/examples/resend/next-env.d.ts_kw.md",
    "size": 230,
    "status": "success",
    "timestamp": "2025-11-15T20:37:32.670911Z"
  },
  {
    "file": "examples/resend/package.json",
    "docs_file": "./docs/examples/resend/package.json_docs.md",
    "kw_file": "./docs/examples/resend/package.json_kw.md",
    "size": 487,
    "status": "success",
    "timestamp": "2025-11-15T20:37:32.671791Z"
  },
  {
    "file": "examples/resend/tsconfig.json",
    "docs_file": "./docs/examples/resend/tsconfig.json_docs.md",
    "kw_file": "./docs/examples/resend/tsconfig.json_kw.md",
    "size": 543,
    "status": "success",
    "timestamp": "2025-11-15T20:37:32.672660Z"
  },
  {
    "file": "examples/resend/src/lib/resend.ts",
    "docs_file": "./docs/examples/resend/src/lib/resend.ts_docs.md",
    "kw_file": "./docs/examples/resend/src/lib/resend.ts_kw.md",
    "size": 96,
    "status": "success",
    "timestamp": "2025-11-15T20:37:32.673748Z"
  },
  {
    "file": "examples/resend/src/pages/api/send.ts",
    "docs_file": "./docs/examples/resend/src/pages/api/send.ts_docs.md",
    "kw_file": "./docs/examples/resend/src/pages/api/send.ts_kw.md",
    "size": 702,
    "status": "success",
    "timestamp": "2025-11-15T20:37:32.675076Z"
  },
  {
    "file": "examples/resend/transactional/emails/waitlist.tsx",
    "docs_file": "./docs/examples/resend/transactional/emails/waitlist.tsx_docs.md",
    "kw_file": "./docs/examples/resend/transactional/emails/waitlist.tsx_kw.md",
    "size": 1259,
    "status": "success",
    "timestamp": "2025-11-15T20:37:32.676811Z"
  },
  {
    "file": "examples/nodemailer/package.json",
    "docs_file": "./docs/examples/nodemailer/package.json_docs.md",
    "kw_file": "./docs/examples/nodemailer/package.json_kw.md",
    "size": 614,
    "status": "success",
    "timestamp": "2025-11-15T20:37:32.677777Z"
  },
  {
    "file": "examples/nodemailer/tsconfig.json",
    "docs_file": "./docs/examples/nodemailer/tsconfig.json_docs.md",
    "kw_file": "./docs/examples/nodemailer/tsconfig.json_kw.md",
    "size": 661,
    "status": "success",
    "timestamp": "2025-11-15T20:37:32.678782Z"
  },
  {
    "file": "examples/nodemailer/src/email.tsx",
    "docs_file": "./docs/examples/nodemailer/src/email.tsx_docs.md",
    "kw_file": "./docs/examples/nodemailer/src/email.tsx_kw.md",
    "size": 261,
    "status": "success",
    "timestamp": "2025-11-15T20:37:32.679693Z"
  },
  {
    "file": "examples/nodemailer/src/index.tsx",
    "docs_file": "./docs/examples/nodemailer/src/index.tsx_docs.md",
    "kw_file": "./docs/examples/nodemailer/src/index.tsx_kw.md",
    "size": 523,
    "status": "success",
    "timestamp": "2025-11-15T20:37:32.680735Z"
  },
  {
    "file": "examples/plunk/package.json",
    "docs_file": "./docs/examples/plunk/package.json_docs.md",
    "kw_file": "./docs/examples/plunk/package.json_kw.md",
    "size": 579,
    "status": "success",
    "timestamp": "2025-11-15T20:37:32.681644Z"
  },
  {
    "file": "examples/plunk/tsconfig.json",
    "docs_file": "./docs/examples/plunk/tsconfig.json_docs.md",
    "kw_file": "./docs/examples/plunk/tsconfig.json_kw.md",
    "size": 661,
    "status": "success",
    "timestamp": "2025-11-15T20:37:32.682669Z"
  },
  {
    "file": "examples/plunk/src/email.tsx",
    "docs_file": "./docs/examples/plunk/src/email.tsx_docs.md",
    "kw_file": "./docs/examples/plunk/src/email.tsx_kw.md",
    "size": 261,
    "status": "success",
    "timestamp": "2025-11-15T20:37:32.683720Z"
  },
  {
    "file": "examples/plunk/src/index.tsx",
    "docs_file": "./docs/examples/plunk/src/index.tsx_docs.md",
    "kw_file": "./docs/examples/plunk/src/index.tsx_kw.md",
    "size": 521,
    "status": "success",
    "timestamp": "2025-11-15T20:37:32.684816Z"
  },
  {
    "file": "examples/mailersend/package.json",
    "docs_file": "./docs/examples/mailersend/package.json_docs.md",
    "kw_file": "./docs/examples/mailersend/package.json_kw.md",
    "size": 583,
    "status": "success",
    "timestamp": "2025-11-15T20:37:32.685759Z"
  },
  {
    "file": "examples/mailersend/tsconfig.json",
    "docs_file": "./docs/examples/mailersend/tsconfig.json_docs.md",
    "kw_file": "./docs/examples/mailersend/tsconfig.json_kw.md",
    "size": 661,
    "status": "success",
    "timestamp": "2025-11-15T20:37:32.686740Z"
  },
  {
    "file": "examples/mailersend/src/email.tsx",
    "docs_file": "./docs/examples/mailersend/src/email.tsx_docs.md",
    "kw_file": "./docs/examples/mailersend/src/email.tsx_kw.md",
    "size": 261,
    "status": "success",
    "timestamp": "2025-11-15T20:37:32.687753Z"
  },
  {
    "file": "examples/mailersend/src/index.tsx",
    "docs_file": "./docs/examples/mailersend/src/index.tsx_docs.md",
    "kw_file": "./docs/examples/mailersend/src/index.tsx_kw.md",
    "size": 632,
    "status": "success",
    "timestamp": "2025-11-15T20:37:32.688925Z"
  },
  {
    "file": "apps/docs/changelog.mdx",
    "docs_file": "./docs/apps/docs/changelog.mdx_docs.md",
    "kw_file": "./docs/apps/docs/changelog.mdx_kw.md",
    "size": 51245,
    "status": "success",
    "timestamp": "2025-11-15T20:37:32.700806Z"
  },
  {
    "file": "apps/docs/cli.mdx",
    "docs_file": "./docs/apps/docs/cli.mdx_docs.md",
    "kw_file": "./docs/apps/docs/cli.mdx_kw.md",
    "size": 7408,
    "status": "success",
    "timestamp": "2025-11-15T20:37:32.703915Z"
  },
  {
    "file": "apps/docs/contributing.mdx",
    "docs_file": "./docs/apps/docs/contributing.mdx_docs.md",
    "kw_file": "./docs/apps/docs/contributing.mdx_kw.md",
    "size": 4510,
    "status": "success",
    "timestamp": "2025-11-15T20:37:32.706008Z"
  },
  {
    "file": "apps/docs/deployment.mdx",
    "docs_file": "./docs/apps/docs/deployment.mdx_docs.md",
    "kw_file": "./docs/apps/docs/deployment.mdx_kw.md",
    "size": 945,
    "status": "success",
    "timestamp": "2025-11-15T20:37:32.707257Z"
  },
  {
    "file": "apps/docs/docs.json",
    "docs_file": "./docs/apps/docs/docs.json_docs.md",
    "kw_file": "./docs/apps/docs/docs.json_kw.md",
    "size": 4455,
    "status": "success",
    "timestamp": "2025-11-15T20:37:32.708881Z"
  },
  {
    "file": "apps/docs/introduction.mdx",
    "docs_file": "./docs/apps/docs/introduction.mdx_docs.md",
    "kw_file": "./docs/apps/docs/introduction.mdx_kw.md",
    "size": 2238,
    "status": "success",
    "timestamp": "2025-11-15T20:37:32.710415Z"
  },
  {
    "file": "apps/docs/license.md",
    "docs_file": "./docs/apps/docs/license.md_docs.md",
    "kw_file": "./docs/apps/docs/license.md_kw.md",
    "size": 1059,
    "status": "success",
    "timestamp": "2025-11-15T20:37:32.711497Z"
  },
  {
    "file": "apps/docs/package.json",
    "docs_file": "./docs/apps/docs/package.json_docs.md",
    "kw_file": "./docs/apps/docs/package.json_kw.md",
    "size": 180,
    "status": "success",
    "timestamp": "2025-11-15T20:37:32.712263Z"
  },
  {
    "file": "apps/docs/roadmap.mdx",
    "docs_file": "./docs/apps/docs/roadmap.mdx_docs.md",
    "kw_file": "./docs/apps/docs/roadmap.mdx_kw.md",
    "size": 905,
    "status": "success",
    "timestamp": "2025-11-15T20:37:32.713439Z"
  },
  {
    "file": "apps/docs/contributing/codebase-overview.mdx",
    "docs_file": "./docs/apps/docs/contributing/codebase-overview.mdx_docs.md",
    "kw_file": "./docs/apps/docs/contributing/codebase-overview.mdx_kw.md",
    "size": 9680,
    "status": "success",
    "timestamp": "2025-11-15T20:37:32.717037Z"
  },
  {
    "file": "apps/docs/contributing/introduction.mdx",
    "docs_file": "./docs/apps/docs/contributing/introduction.mdx_docs.md",
    "kw_file": "./docs/apps/docs/contributing/introduction.mdx_kw.md",
    "size": 1384,
    "status": "success",
    "timestamp": "2025-11-15T20:37:32.718419Z"
  },
  {
    "file": "apps/docs/contributing/opening-issues.mdx",
    "docs_file": "./docs/apps/docs/contributing/opening-issues.mdx_docs.md",
    "kw_file": "./docs/apps/docs/contributing/opening-issues.mdx_kw.md",
    "size": 2111,
    "status": "success",
    "timestamp": "2025-11-15T20:37:32.720041Z"
  },
  {
    "file": "apps/docs/contributing/opening-pull-requests.mdx",
    "docs_file": "./docs/apps/docs/contributing/opening-pull-requests.mdx_docs.md",
    "kw_file": "./docs/apps/docs/contributing/opening-pull-requests.mdx_kw.md",
    "size": 3695,
    "status": "success",
    "timestamp": "2025-11-15T20:37:32.722388Z"
  },
  {
    "file": "apps/docs/contributing/development-workflow/1-setup.mdx",
    "docs_file": "./docs/apps/docs/contributing/development-workflow/1-setup.mdx_docs.md",
    "kw_file": "./docs/apps/docs/contributing/development-workflow/1-setup.mdx_kw.md",
    "size": 1627,
    "status": "success",
    "timestamp": "2025-11-15T20:37:32.723875Z"
  },
  {
    "file": "apps/docs/contributing/development-workflow/2-running-tests.mdx",
    "docs_file": "./docs/apps/docs/contributing/development-workflow/2-running-tests.mdx_docs.md",
    "kw_file": "./docs/apps/docs/contributing/development-workflow/2-running-tests.mdx_kw.md",
    "size": 1444,
    "status": "success",
    "timestamp": "2025-11-15T20:37:32.725497Z"
  },
  {
    "file": "apps/docs/contributing/development-workflow/3-linting.mdx",
    "docs_file": "./docs/apps/docs/contributing/development-workflow/3-linting.mdx_docs.md",
    "kw_file": "./docs/apps/docs/contributing/development-workflow/3-linting.mdx_kw.md",
    "size": 806,
    "status": "success",
    "timestamp": "2025-11-15T20:37:32.726861Z"
  },
  {
    "file": "apps/docs/contributing/development-workflow/4-building.mdx",
    "docs_file": "./docs/apps/docs/contributing/development-workflow/4-building.mdx_docs.md",
    "kw_file": "./docs/apps/docs/contributing/development-workflow/4-building.mdx_kw.md",
    "size": 1318,
    "status": "success",
    "timestamp": "2025-11-15T20:37:32.728236Z"
  },
  {
    "file": "apps/docs/contributing/development-workflow/5-writing-docs.mdx",
    "docs_file": "./docs/apps/docs/contributing/development-workflow/5-writing-docs.mdx_docs.md",
    "kw_file": "./docs/apps/docs/contributing/development-workflow/5-writing-docs.mdx_kw.md",
    "size": 789,
    "status": "success",
    "timestamp": "2025-11-15T20:37:32.729535Z"
  },
  {
    "file": "apps/docs/contributing/development-workflow/6-editing-the-components.mdx",
    "docs_file": "./docs/apps/docs/contributing/development-workflow/6-editing-the-components.mdx_docs.md",
    "kw_file": "./docs/apps/docs/contributing/development-workflow/6-editing-the-components.mdx_kw.md",
    "size": 1238,
    "status": "success",
    "timestamp": "2025-11-15T20:37:32.730923Z"
  },
  {
    "file": "apps/docs/getting-started/automatic-setup.mdx",
    "docs_file": "./docs/apps/docs/getting-started/automatic-setup.mdx_docs.md",
    "kw_file": "./docs/apps/docs/getting-started/automatic-setup.mdx_kw.md",
    "size": 1286,
    "status": "success",
    "timestamp": "2025-11-15T20:37:32.732163Z"
  },
  {
    "file": "apps/docs/getting-started/manual-setup.mdx",
    "docs_file": "./docs/apps/docs/getting-started/manual-setup.mdx_docs.md",
    "kw_file": "./docs/apps/docs/getting-started/manual-setup.mdx_kw.md",
    "size": 2154,
    "status": "success",
    "timestamp": "2025-11-15T20:37:32.733765Z"
  },
  {
    "file": "apps/docs/getting-started/migrating-to-react-email.mdx",
    "docs_file": "./docs/apps/docs/getting-started/migrating-to-react-email.mdx_docs.md",
    "kw_file": "./docs/apps/docs/getting-started/migrating-to-react-email.mdx_kw.md",
    "size": 798,
    "status": "success",
    "timestamp": "2025-11-15T20:37:32.734939Z"
  },
  {
    "file": "apps/docs/getting-started/updating-react-email.mdx",
    "docs_file": "./docs/apps/docs/getting-started/updating-react-email.mdx_docs.md",
    "kw_file": "./docs/apps/docs/getting-started/updating-react-email.mdx_kw.md",
    "size": 1315,
    "status": "success",
    "timestamp": "2025-11-15T20:37:32.736322Z"
  },
  {
    "file": "apps/docs/getting-started/monorepo-setup/bun.mdx",
    "docs_file": "./docs/apps/docs/getting-started/monorepo-setup/bun.mdx_docs.md",
    "kw_file": "./docs/apps/docs/getting-started/monorepo-setup/bun.mdx_kw.md",
    "size": 2120,
    "status": "success",
    "timestamp": "2025-11-15T20:37:32.737881Z"
  },
  {
    "file": "apps/docs/getting-started/monorepo-setup/choose-package-manager.mdx",
    "docs_file": "./docs/apps/docs/getting-started/monorepo-setup/choose-package-manager.mdx_docs.md",
    "kw_file": "./docs/apps/docs/getting-started/monorepo-setup/choose-package-manager.mdx_kw.md",
    "size": 801,
    "status": "success",
    "timestamp": "2025-11-15T20:37:32.739118Z"
  },
  {
    "file": "apps/docs/getting-started/monorepo-setup/npm.mdx",
    "docs_file": "./docs/apps/docs/getting-started/monorepo-setup/npm.mdx_docs.md",
    "kw_file": "./docs/apps/docs/getting-started/monorepo-setup/npm.mdx_kw.md",
    "size": 2132,
    "status": "success",
    "timestamp": "2025-11-15T20:37:32.740676Z"
  },
  {
    "file": "apps/docs/getting-started/monorepo-setup/pnpm.mdx",
    "docs_file": "./docs/apps/docs/getting-started/monorepo-setup/pnpm.mdx_docs.md",
    "kw_file": "./docs/apps/docs/getting-started/monorepo-setup/pnpm.mdx_kw.md",
    "size": 2110,
    "status": "success",
    "timestamp": "2025-11-15T20:37:32.742252Z"
  },
  {
    "file": "apps/docs/getting-started/monorepo-setup/yarn.mdx",
    "docs_file": "./docs/apps/docs/getting-started/monorepo-setup/yarn.mdx_docs.md",
    "kw_file": "./docs/apps/docs/getting-started/monorepo-setup/yarn.mdx_kw.md",
    "size": 2774,
    "status": "success",
    "timestamp": "2025-11-15T20:37:32.744005Z"
  },
  {
    "file": "apps/docs/integrations/aws-ses.mdx",
    "docs_file": "./docs/apps/docs/integrations/aws-ses.mdx_docs.md",
    "kw_file": "./docs/apps/docs/integrations/aws-ses.mdx_kw.md",
    "size": 2101,
    "status": "success",
    "timestamp": "2025-11-15T20:37:32.745524Z"
  },
  {
    "file": "apps/docs/integrations/mailersend.mdx",
    "docs_file": "./docs/apps/docs/integrations/mailersend.mdx_docs.md",
    "kw_file": "./docs/apps/docs/integrations/mailersend.mdx_kw.md",
    "size": 2027,
    "status": "success",
    "timestamp": "2025-11-15T20:37:32.747063Z"
  },
  {
    "file": "apps/docs/integrations/nodemailer.mdx",
    "docs_file": "./docs/apps/docs/integrations/nodemailer.mdx_docs.md",
    "kw_file": "./docs/apps/docs/integrations/nodemailer.mdx_kw.md",
    "size": 1883,
    "status": "success",
    "timestamp": "2025-11-15T20:37:32.748468Z"
  },
  {
    "file": "apps/docs/integrations/overview.mdx",
    "docs_file": "./docs/apps/docs/integrations/overview.mdx_docs.md",
    "kw_file": "./docs/apps/docs/integrations/overview.mdx_kw.md",
    "size": 865,
    "status": "success",
    "timestamp": "2025-11-15T20:37:32.749587Z"
  },
  {
    "file": "apps/docs/integrations/plunk.mdx",
    "docs_file": "./docs/apps/docs/integrations/plunk.mdx_docs.md",
    "kw_file": "./docs/apps/docs/integrations/plunk.mdx_kw.md",
    "size": 1721,
    "status": "success",
    "timestamp": "2025-11-15T20:37:32.751023Z"
  },
  {
    "file": "apps/docs/integrations/postmark.mdx",
    "docs_file": "./docs/apps/docs/integrations/postmark.mdx_docs.md",
    "kw_file": "./docs/apps/docs/integrations/postmark.mdx_kw.md",
    "size": 1785,
    "status": "success",
    "timestamp": "2025-11-15T20:37:32.752387Z"
  },
  {
    "file": "apps/docs/integrations/resend.mdx",
    "docs_file": "./docs/apps/docs/integrations/resend.mdx_docs.md",
    "kw_file": "./docs/apps/docs/integrations/resend.mdx_kw.md",
    "size": 3181,
    "status": "success",
    "timestamp": "2025-11-15T20:37:32.754340Z"
  },
  {
    "file": "apps/docs/integrations/scaleway.mdx",
    "docs_file": "./docs/apps/docs/integrations/scaleway.mdx_docs.md",
    "kw_file": "./docs/apps/docs/integrations/scaleway.mdx_kw.md",
    "size": 2471,
    "status": "success",
    "timestamp": "2025-11-15T20:37:32.756141Z"
  },
  {
    "file": "apps/docs/integrations/sendgrid.mdx",
    "docs_file": "./docs/apps/docs/integrations/sendgrid.mdx_docs.md",
    "kw_file": "./docs/apps/docs/integrations/sendgrid.mdx_kw.md",
    "size": 1780,
    "status": "success",
    "timestamp": "2025-11-15T20:37:32.757801Z"
  },
  {
    "file": "apps/docs/snippets/integrations.mdx",
    "docs_file": "./docs/apps/docs/snippets/integrations.mdx_docs.md",
    "kw_file": "./docs/apps/docs/snippets/integrations.mdx_kw.md",
    "size": 781,
    "status": "success",
    "timestamp": "2025-11-15T20:37:32.759023Z"
  },
  {
    "file": "apps/docs/snippets/localdev.mdx",
    "docs_file": "./docs/apps/docs/snippets/localdev.mdx_docs.md",
    "kw_file": "./docs/apps/docs/snippets/localdev.mdx_kw.md",
    "size": 207,
    "status": "success",
    "timestamp": "2025-11-15T20:37:32.760051Z"
  },
  {
    "file": "apps/docs/snippets/next-steps.mdx",
    "docs_file": "./docs/apps/docs/snippets/next-steps.mdx_docs.md",
    "kw_file": "./docs/apps/docs/snippets/next-steps.mdx_kw.md",
    "size": 636,
    "status": "success",
    "timestamp": "2025-11-15T20:37:32.761185Z"
  },
  {
    "file": "apps/docs/snippets/support.mdx",
    "docs_file": "./docs/apps/docs/snippets/support.mdx_docs.md",
    "kw_file": "./docs/apps/docs/snippets/support.mdx_kw.md",
    "size": 2070,
    "status": "success",
    "timestamp": "2025-11-15T20:37:32.762667Z"
  },
  {
    "file": "apps/docs/utilities/render.mdx",
    "docs_file": "./docs/apps/docs/utilities/render.mdx_docs.md",
    "kw_file": "./docs/apps/docs/utilities/render.mdx_kw.md",
    "size": 4123,
    "status": "success",
    "timestamp": "2025-11-15T20:37:32.764663Z"
  },
  {
    "file": "apps/docs/components/button.mdx",
    "docs_file": "./docs/apps/docs/components/button.mdx_docs.md",
    "kw_file": "./docs/apps/docs/components/button.mdx_kw.md",
    "size": 1457,
    "status": "success",
    "timestamp": "2025-11-15T20:37:32.766098Z"
  },
  {
    "file": "apps/docs/components/code-block.mdx",
    "docs_file": "./docs/apps/docs/components/code-block.mdx_docs.md",
    "kw_file": "./docs/apps/docs/components/code-block.mdx_kw.md",
    "size": 4088,
    "status": "success",
    "timestamp": "2025-11-15T20:37:32.768161Z"
  },
  {
    "file": "apps/docs/components/code-inline.mdx",
    "docs_file": "./docs/apps/docs/components/code-inline.mdx_docs.md",
    "kw_file": "./docs/apps/docs/components/code-inline.mdx_kw.md",
    "size": 928,
    "status": "success",
    "timestamp": "2025-11-15T20:37:32.769344Z"
  },
  {
    "file": "apps/docs/components/column.mdx",
    "docs_file": "./docs/apps/docs/components/column.mdx_docs.md",
    "kw_file": "./docs/apps/docs/components/column.mdx_kw.md",
    "size": 1070,
    "status": "success",
    "timestamp": "2025-11-15T20:37:32.770459Z"
  },
  {
    "file": "apps/docs/components/container.mdx",
    "docs_file": "./docs/apps/docs/components/container.mdx_docs.md",
    "kw_file": "./docs/apps/docs/components/container.mdx_kw.md",
    "size": 1073,
    "status": "success",
    "timestamp": "2025-11-15T20:37:32.771575Z"
  },
  {
    "file": "apps/docs/components/font.mdx",
    "docs_file": "./docs/apps/docs/components/font.mdx_docs.md",
    "kw_file": "./docs/apps/docs/components/font.mdx_kw.md",
    "size": 2235,
    "status": "success",
    "timestamp": "2025-11-15T20:37:32.773060Z"
  },
  {
    "file": "apps/docs/components/head.mdx",
    "docs_file": "./docs/apps/docs/components/head.mdx_docs.md",
    "kw_file": "./docs/apps/docs/components/head.mdx_kw.md",
    "size": 968,
    "status": "success",
    "timestamp": "2025-11-15T20:37:32.774184Z"
  },
  {
    "file": "apps/docs/components/heading.mdx",
    "docs_file": "./docs/apps/docs/components/heading.mdx_docs.md",
    "kw_file": "./docs/apps/docs/components/heading.mdx_kw.md",
    "size": 1791,
    "status": "success",
    "timestamp": "2025-11-15T20:37:32.775463Z"
  },
  {
    "file": "apps/docs/components/hr.mdx",
    "docs_file": "./docs/apps/docs/components/hr.mdx_docs.md",
    "kw_file": "./docs/apps/docs/components/hr.mdx_kw.md",
    "size": 874,
    "status": "success",
    "timestamp": "2025-11-15T20:37:32.776630Z"
  },
  {
    "file": "apps/docs/components/html.mdx",
    "docs_file": "./docs/apps/docs/components/html.mdx_docs.md",
    "kw_file": "./docs/apps/docs/components/html.mdx_kw.md",
    "size": 1275,
    "status": "success",
    "timestamp": "2025-11-15T20:37:32.777867Z"
  },
  {
    "file": "apps/docs/components/image.mdx",
    "docs_file": "./docs/apps/docs/components/image.mdx_docs.md",
    "kw_file": "./docs/apps/docs/components/image.mdx_kw.md",
    "size": 1563,
    "status": "success",
    "timestamp": "2025-11-15T20:37:32.779181Z"
  },
  {
    "file": "apps/docs/components/link.mdx",
    "docs_file": "./docs/apps/docs/components/link.mdx_docs.md",
    "kw_file": "./docs/apps/docs/components/link.mdx_kw.md",
    "size": 1194,
    "status": "success",
    "timestamp": "2025-11-15T20:37:32.780392Z"
  },
  {
    "file": "apps/docs/components/markdown.mdx",
    "docs_file": "./docs/apps/docs/components/markdown.mdx_docs.md",
    "kw_file": "./docs/apps/docs/components/markdown.mdx_kw.md",
    "size": 1956,
    "status": "success",
    "timestamp": "2025-11-15T20:37:32.781700Z"
  },
  {
    "file": "apps/docs/components/preview.mdx",
    "docs_file": "./docs/apps/docs/components/preview.mdx_docs.md",
    "kw_file": "./docs/apps/docs/components/preview.mdx_kw.md",
    "size": 1142,
    "status": "success",
    "timestamp": "2025-11-15T20:37:32.782943Z"
  },
  {
    "file": "apps/docs/components/row.mdx",
    "docs_file": "./docs/apps/docs/components/row.mdx_docs.md",
    "kw_file": "./docs/apps/docs/components/row.mdx_kw.md",
    "size": 1086,
    "status": "success",
    "timestamp": "2025-11-15T20:37:32.784078Z"
  },
  {
    "file": "apps/docs/components/section.mdx",
    "docs_file": "./docs/apps/docs/components/section.mdx_docs.md",
    "kw_file": "./docs/apps/docs/components/section.mdx_kw.md",
    "size": 1319,
    "status": "success",
    "timestamp": "2025-11-15T20:37:32.785281Z"
  },
  {
    "file": "apps/docs/components/tailwind.mdx",
    "docs_file": "./docs/apps/docs/components/tailwind.mdx_docs.md",
    "kw_file": "./docs/apps/docs/components/tailwind.mdx_kw.md",
    "size": 3896,
    "status": "success",
    "timestamp": "2025-11-15T20:37:32.787297Z"
  },
  {
    "file": "apps/docs/components/text.mdx",
    "docs_file": "./docs/apps/docs/components/text.mdx_docs.md",
    "kw_file": "./docs/apps/docs/components/text.mdx_kw.md",
    "size": 881,
    "status": "success",
    "timestamp": "2025-11-15T20:37:32.788449Z"
  },
  {
    "file": "apps/web/.gitignore",
    "docs_file": "./docs/apps/web/.gitignore_docs.md",
    "kw_file": "./docs/apps/web/.gitignore_kw.md",
    "size": 1056,
    "status": "success",
    "timestamp": "2025-11-15T20:37:32.789618Z"
  },
  {
    "file": "apps/web/README.md",
    "docs_file": "./docs/apps/web/README.md_docs.md",
    "kw_file": "./docs/apps/web/README.md_kw.md",
    "size": 1564,
    "status": "success",
    "timestamp": "2025-11-15T20:37:32.791137Z"
  },
  {
    "file": "apps/web/license.md",
    "docs_file": "./docs/apps/web/license.md_docs.md",
    "kw_file": "./docs/apps/web/license.md_kw.md",
    "size": 1059,
    "status": "success",
    "timestamp": "2025-11-15T20:37:32.792238Z"
  },
  {
    "file": "apps/web/next.config.ts",
    "docs_file": "./docs/apps/web/next.config.ts_docs.md",
    "kw_file": "./docs/apps/web/next.config.ts_kw.md",
    "size": 1220,
    "status": "success",
    "timestamp": "2025-11-15T20:37:32.793268Z"
  },
  {
    "file": "apps/web/package.json",
    "docs_file": "./docs/apps/web/package.json_docs.md",
    "kw_file": "./docs/apps/web/package.json_kw.md",
    "size": 1783,
    "status": "success",
    "timestamp": "2025-11-15T20:37:32.794559Z"
  },
  {
    "file": "apps/web/postcss.config.js",
    "docs_file": "./docs/apps/web/postcss.config.js_docs.md",
    "kw_file": "./docs/apps/web/postcss.config.js_kw.md",
    "size": 83,
    "status": "success",
    "timestamp": "2025-11-15T20:37:32.795519Z"
  },
  {
    "file": "apps/web/tailwind.config.js",
    "docs_file": "./docs/apps/web/tailwind.config.js_docs.md",
    "kw_file": "./docs/apps/web/tailwind.config.js_kw.md",
    "size": 2697,
    "status": "success",
    "timestamp": "2025-11-15T20:37:32.796846Z"
  },
  {
    "file": "apps/web/tsconfig.json",
    "docs_file": "./docs/apps/web/tsconfig.json_docs.md",
    "kw_file": "./docs/apps/web/tsconfig.json_kw.md",
    "size": 349,
    "status": "success",
    "timestamp": "2025-11-15T20:37:32.797737Z"
  },
  {
    "file": "apps/web/vitest.config.ts",
    "docs_file": "./docs/apps/web/vitest.config.ts_docs.md",
    "kw_file": "./docs/apps/web/vitest.config.ts_kw.md",
    "size": 434,
    "status": "success",
    "timestamp": "2025-11-15T20:37:32.798612Z"
  },
  {
    "file": "apps/web/.vscode/settings.json",
    "docs_file": "./docs/apps/web/.vscode/settings.json_docs.md",
    "kw_file": "./docs/apps/web/.vscode/settings.json_kw.md",
    "size": 61,
    "status": "success",
    "timestamp": "2025-11-15T20:37:32.799479Z"
  },
  {
    "file": "apps/web/src/styles/globals.css",
    "docs_file": "./docs/apps/web/src/styles/globals.css_docs.md",
    "kw_file": "./docs/apps/web/src/styles/globals.css_kw.md",
    "size": 492,
    "status": "success",
    "timestamp": "2025-11-15T20:37:32.800789Z"
  },
  {
    "file": "apps/web/src/hooks/use-stored-state.ts",
    "docs_file": "./docs/apps/web/src/hooks/use-stored-state.ts_docs.md",
    "kw_file": "./docs/apps/web/src/hooks/use-stored-state.ts_kw.md",
    "size": 554,
    "status": "success",
    "timestamp": "2025-11-15T20:37:32.801826Z"
  },
  {
    "file": "apps/web/src/hooks/useCollageTexture.ts",
    "docs_file": "./docs/apps/web/src/hooks/useCollageTexture.ts_docs.md",
    "kw_file": "./docs/apps/web/src/hooks/useCollageTexture.ts_kw.md",
    "size": 1615,
    "status": "success",
    "timestamp": "2025-11-15T20:37:32.803268Z"
  },
  {
    "file": "apps/web/src/types/three.d.ts",
    "docs_file": "./docs/apps/web/src/types/three.d.ts_docs.md",
    "kw_file": "./docs/apps/web/src/types/three.d.ts_kw.md",
    "size": 314,
    "status": "success",
    "timestamp": "2025-11-15T20:37:32.804392Z"
  },
  {
    "file": "apps/web/src/utils/as.ts",
    "docs_file": "./docs/apps/web/src/utils/as.ts_docs.md",
    "kw_file": "./docs/apps/web/src/utils/as.ts_kw.md",
    "size": 630,
    "status": "success",
    "timestamp": "2025-11-15T20:37:32.805419Z"
  },
  {
    "file": "apps/web/src/utils/convert-uris-into-urls.spec.ts",
    "docs_file": "./docs/apps/web/src/utils/convert-uris-into-urls.spec.ts_docs.md",
    "kw_file": "./docs/apps/web/src/utils/convert-uris-into-urls.spec.ts_kw.md",
    "size": 1278,
    "status": "success",
    "timestamp": "2025-11-15T20:37:32.806748Z"
  },
  {
    "file": "apps/web/src/utils/convert-uris-into-urls.ts",
    "docs_file": "./docs/apps/web/src/utils/convert-uris-into-urls.ts_docs.md",
    "kw_file": "./docs/apps/web/src/utils/convert-uris-into-urls.ts_kw.md",
    "size": 720,
    "status": "success",
    "timestamp": "2025-11-15T20:37:32.807930Z"
  },
  {
    "file": "apps/web/src/utils/slugify.ts",
    "docs_file": "./docs/apps/web/src/utils/slugify.ts_docs.md",
    "kw_file": "./docs/apps/web/src/utils/slugify.ts_kw.md",
    "size": 169,
    "status": "success",
    "timestamp": "2025-11-15T20:37:32.808930Z"
  },
  {
    "file": "apps/web/src/utils/unreachable.ts",
    "docs_file": "./docs/apps/web/src/utils/unreachable.ts_docs.md",
    "kw_file": "./docs/apps/web/src/utils/unreachable.ts_kw.md",
    "size": 232,
    "status": "success",
    "timestamp": "2025-11-15T20:37:32.809965Z"
  },
  {
    "file": "apps/web/src/utils/use-scroll.tsx",
    "docs_file": "./docs/apps/web/src/utils/use-scroll.tsx_docs.md",
    "kw_file": "./docs/apps/web/src/utils/use-scroll.tsx_kw.md",
    "size": 768,
    "status": "success",
    "timestamp": "2025-11-15T20:37:32.811137Z"
  },
  {
    "file": "apps/web/src/utils/spam-assassin/parse-pointing-table-rows.spec.ts",
    "docs_file": "./docs/apps/web/src/utils/spam-assassin/parse-pointing-table-rows.spec.ts_docs.md",
    "kw_file": "./docs/apps/web/src/utils/spam-assassin/parse-pointing-table-rows.spec.ts_kw.md",
    "size": 6643,
    "status": "success",
    "timestamp": "2025-11-15T20:37:32.814038Z"
  },
  {
    "file": "apps/web/src/utils/spam-assassin/parse-pointing-table-rows.ts",
    "docs_file": "./docs/apps/web/src/utils/spam-assassin/parse-pointing-table-rows.ts_docs.md",
    "kw_file": "./docs/apps/web/src/utils/spam-assassin/parse-pointing-table-rows.ts_kw.md",
    "size": 2055,
    "status": "success",
    "timestamp": "2025-11-15T20:37:32.815517Z"
  },
  {
    "file": "apps/web/src/utils/spam-assassin/send-to-spamd.ts",
    "docs_file": "./docs/apps/web/src/utils/spam-assassin/send-to-spamd.ts_docs.md",
    "kw_file": "./docs/apps/web/src/utils/spam-assassin/send-to-spamd.ts_kw.md",
    "size": 2069,
    "status": "success",
    "timestamp": "2025-11-15T20:37:32.816936Z"
  },
  {
    "file": "apps/web/src/utils/spam-assassin/__snapshots__/parse-pointing-table-rows.spec.ts.snap",
    "docs_file": "./docs/apps/web/src/utils/spam-assassin/__snapshots__/parse-pointing-table-rows.spec.ts.snap_docs.md",
    "kw_file": "./docs/apps/web/src/utils/spam-assassin/__snapshots__/parse-pointing-table-rows.spec.ts.snap_kw.md",
    "size": 4521,
    "status": "success",
    "timestamp": "2025-11-15T20:37:32.818848Z"
  },
  {
    "file": "apps/web/src/app/layout.tsx",
    "docs_file": "./docs/apps/web/src/app/layout.tsx_docs.md",
    "kw_file": "./docs/apps/web/src/app/layout.tsx_kw.md",
    "size": 2582,
    "status": "success",
    "timestamp": "2025-11-15T20:37:32.820857Z"
  },
  {
    "file": "apps/web/src/app/not-found.tsx",
    "docs_file": "./docs/apps/web/src/app/not-found.tsx_docs.md",
    "kw_file": "./docs/apps/web/src/app/not-found.tsx_kw.md",
    "size": 1167,
    "status": "success",
    "timestamp": "2025-11-15T20:37:32.822299Z"
  },
  {
    "file": "apps/web/src/app/page.tsx",
    "docs_file": "./docs/apps/web/src/app/page.tsx_docs.md",
    "kw_file": "./docs/apps/web/src/app/page.tsx_kw.md",
    "size": 886,
    "status": "success",
    "timestamp": "2025-11-15T20:37:32.823435Z"
  },
  {
    "file": "apps/web/src/app/robots.ts",
    "docs_file": "./docs/apps/web/src/app/robots.ts_docs.md",
    "kw_file": "./docs/apps/web/src/app/robots.ts_kw.md",
    "size": 228,
    "status": "success",
    "timestamp": "2025-11-15T20:37:32.824503Z"
  },
  {
    "file": "apps/web/src/app/sitemap.ts",
    "docs_file": "./docs/apps/web/src/app/sitemap.ts_docs.md",
    "kw_file": "./docs/apps/web/src/app/sitemap.ts_kw.md",
    "size": 254,
    "status": "success",
    "timestamp": "2025-11-15T20:37:32.825448Z"
  },
  {
    "file": "apps/web/src/app/api/send/test/route.ts",
    "docs_file": "./docs/apps/web/src/app/api/send/test/route.ts_docs.md",
    "kw_file": "./docs/apps/web/src/app/api/send/test/route.ts_kw.md",
    "size": 1967,
    "status": "success",
    "timestamp": "2025-11-15T20:37:32.827533Z"
  },
  {
    "file": "apps/web/src/app/api/check-spam/check-spam.spec.tsx",
    "docs_file": "./docs/apps/web/src/app/api/check-spam/check-spam.spec.tsx_docs.md",
    "kw_file": "./docs/apps/web/src/app/api/check-spam/check-spam.spec.tsx_kw.md",
    "size": 1165,
    "status": "success",
    "timestamp": "2025-11-15T20:37:32.829573Z"
  },
  {
    "file": "apps/web/src/app/api/check-spam/check-spam.ts",
    "docs_file": "./docs/apps/web/src/app/api/check-spam/check-spam.ts_docs.md",
    "kw_file": "./docs/apps/web/src/app/api/check-spam/check-spam.ts_kw.md",
    "size": 791,
    "status": "success",
    "timestamp": "2025-11-15T20:37:32.830930Z"
  },
  {
    "file": "apps/web/src/app/api/check-spam/route.ts",
    "docs_file": "./docs/apps/web/src/app/api/check-spam/route.ts_docs.md",
    "kw_file": "./docs/apps/web/src/app/api/check-spam/route.ts_kw.md",
    "size": 806,
    "status": "success",
    "timestamp": "2025-11-15T20:37:32.832221Z"
  },
  {
    "file": "apps/web/src/app/api/check-spam/__snapshots__/check-spam.spec.tsx.snap",
    "docs_file": "./docs/apps/web/src/app/api/check-spam/__snapshots__/check-spam.spec.tsx.snap_docs.md",
    "kw_file": "./docs/apps/web/src/app/api/check-spam/__snapshots__/check-spam.spec.tsx.snap_kw.md",
    "size": 674,
    "status": "success",
    "timestamp": "2025-11-15T20:37:32.834429Z"
  },
  {
    "file": "apps/web/src/app/api/check-spam/testing/stripe-welcome-email.tsx",
    "docs_file": "./docs/apps/web/src/app/api/check-spam/testing/stripe-welcome-email.tsx_docs.md",
    "kw_file": "./docs/apps/web/src/app/api/check-spam/testing/stripe-welcome-email.tsx_kw.md",
    "size": 3999,
    "status": "success",
    "timestamp": "2025-11-15T20:37:32.837182Z"
  },
  {
    "file": "apps/web/src/app/components/get-imported-components-for.tsx",
    "docs_file": "./docs/apps/web/src/app/components/get-imported-components-for.tsx_docs.md",
    "kw_file": "./docs/apps/web/src/app/components/get-imported-components-for.tsx_kw.md",
    "size": 4101,
    "status": "success",
    "timestamp": "2025-11-15T20:37:32.839173Z"
  },
  {
    "file": "apps/web/src/app/components/page.tsx",
    "docs_file": "./docs/apps/web/src/app/components/page.tsx_docs.md",
    "kw_file": "./docs/apps/web/src/app/components/page.tsx_kw.md",
    "size": 5563,
    "status": "success",
    "timestamp": "2025-11-15T20:37:32.841464Z"
  },
  {
    "file": "apps/web/src/app/components/[slug]/page.tsx",
    "docs_file": "./docs/apps/web/src/app/components/[slug]/page.tsx_docs.md",
    "kw_file": "./docs/apps/web/src/app/components/[slug]/page.tsx_kw.md",
    "size": 3481,
    "status": "success",
    "timestamp": "2025-11-15T20:37:32.843675Z"
  },
  {
    "file": "apps/web/src/app/templates/page.tsx",
    "docs_file": "./docs/apps/web/src/app/templates/page.tsx_docs.md",
    "kw_file": "./docs/apps/web/src/app/templates/page.tsx_kw.md",
    "size": 4176,
    "status": "success",
    "timestamp": "2025-11-15T20:37:32.846175Z"
  },
  {
    "file": "apps/web/src/illustrations/articles.tsx",
    "docs_file": "./docs/apps/web/src/illustrations/articles.tsx_docs.md",
    "kw_file": "./docs/apps/web/src/illustrations/articles.tsx_kw.md",
    "size": 717,
    "status": "success",
    "timestamp": "2025-11-15T20:37:32.847288Z"
  },
  {
    "file": "apps/web/src/illustrations/avatars.tsx",
    "docs_file": "./docs/apps/web/src/illustrations/avatars.tsx_docs.md",
    "kw_file": "./docs/apps/web/src/illustrations/avatars.tsx_kw.md",
    "size": 1760,
    "status": "success",
    "timestamp": "2025-11-15T20:37:32.848752Z"
  },
  {
    "file": "apps/web/src/illustrations/buttons.tsx",
    "docs_file": "./docs/apps/web/src/illustrations/buttons.tsx_docs.md",
    "kw_file": "./docs/apps/web/src/illustrations/buttons.tsx_kw.md",
    "size": 661,
    "status": "success",
    "timestamp": "2025-11-15T20:37:32.849866Z"
  },
  {
    "file": "apps/web/src/illustrations/code-block.tsx",
    "docs_file": "./docs/apps/web/src/illustrations/code-block.tsx_docs.md",
    "kw_file": "./docs/apps/web/src/illustrations/code-block.tsx_kw.md",
    "size": 1760,
    "status": "success",
    "timestamp": "2025-11-15T20:37:32.851163Z"
  },
  {
    "file": "apps/web/src/illustrations/code-inline.tsx",
    "docs_file": "./docs/apps/web/src/illustrations/code-inline.tsx_docs.md",
    "kw_file": "./docs/apps/web/src/illustrations/code-inline.tsx_kw.md",
    "size": 686,
    "status": "success",
    "timestamp": "2025-11-15T20:37:32.852650Z"
  },
  {
    "file": "apps/web/src/illustrations/container.tsx",
    "docs_file": "./docs/apps/web/src/illustrations/container.tsx_docs.md",
    "kw_file": "./docs/apps/web/src/illustrations/container.tsx_kw.md",
    "size": 871,
    "status": "success",
    "timestamp": "2025-11-15T20:37:32.854031Z"
  },
  {
    "file": "apps/web/src/illustrations/divider.tsx",
    "docs_file": "./docs/apps/web/src/illustrations/divider.tsx_docs.md",
    "kw_file": "./docs/apps/web/src/illustrations/divider.tsx_kw.md",
    "size": 683,
    "status": "success",
    "timestamp": "2025-11-15T20:37:32.855353Z"
  },
  {
    "file": "apps/web/src/illustrations/ecommerce.tsx",
    "docs_file": "./docs/apps/web/src/illustrations/ecommerce.tsx_docs.md",
    "kw_file": "./docs/apps/web/src/illustrations/ecommerce.tsx_kw.md",
    "size": 957,
    "status": "success",
    "timestamp": "2025-11-15T20:37:32.856524Z"
  },
  {
    "file": "apps/web/src/illustrations/features.tsx",
    "docs_file": "./docs/apps/web/src/illustrations/features.tsx_docs.md",
    "kw_file": "./docs/apps/web/src/illustrations/features.tsx_kw.md",
    "size": 1153,
    "status": "success",
    "timestamp": "2025-11-15T20:37:32.857665Z"
  },
  {
    "file": "apps/web/src/illustrations/feedback.tsx",
    "docs_file": "./docs/apps/web/src/illustrations/feedback.tsx_docs.md",
    "kw_file": "./docs/apps/web/src/illustrations/feedback.tsx_kw.md",
    "size": 1213,
    "status": "success",
    "timestamp": "2025-11-15T20:37:32.859005Z"
  },
  {
    "file": "apps/web/src/illustrations/footers.tsx",
    "docs_file": "./docs/apps/web/src/illustrations/footers.tsx_docs.md",
    "kw_file": "./docs/apps/web/src/illustrations/footers.tsx_kw.md",
    "size": 1210,
    "status": "success",
    "timestamp": "2025-11-15T20:37:32.860289Z"
  },
  {
    "file": "apps/web/src/illustrations/gallery.tsx",
    "docs_file": "./docs/apps/web/src/illustrations/gallery.tsx_docs.md",
    "kw_file": "./docs/apps/web/src/illustrations/gallery.tsx_kw.md",
    "size": 1948,
    "status": "success",
    "timestamp": "2025-11-15T20:37:32.861724Z"
  },
  {
    "file": "apps/web/src/illustrations/grid.tsx",
    "docs_file": "./docs/apps/web/src/illustrations/grid.tsx_docs.md",
    "kw_file": "./docs/apps/web/src/illustrations/grid.tsx_kw.md",
    "size": 1181,
    "status": "success",
    "timestamp": "2025-11-15T20:37:32.862954Z"
  },
  {
    "file": "apps/web/src/illustrations/headers.tsx",
    "docs_file": "./docs/apps/web/src/illustrations/headers.tsx_docs.md",
    "kw_file": "./docs/apps/web/src/illustrations/headers.tsx_kw.md",
    "size": 1644,
    "status": "success",
    "timestamp": "2025-11-15T20:37:32.864312Z"
  },
  {
    "file": "apps/web/src/illustrations/heading.tsx",
    "docs_file": "./docs/apps/web/src/illustrations/heading.tsx_docs.md",
    "kw_file": "./docs/apps/web/src/illustrations/heading.tsx_kw.md",
    "size": 685,
    "status": "success",
    "timestamp": "2025-11-15T20:37:32.865421Z"
  },
  {
    "file": "apps/web/src/illustrations/image.tsx",
    "docs_file": "./docs/apps/web/src/illustrations/image.tsx_docs.md",
    "kw_file": "./docs/apps/web/src/illustrations/image.tsx_kw.md",
    "size": 354,
    "status": "success",
    "timestamp": "2025-11-15T20:37:32.866433Z"
  },
  {
    "file": "apps/web/src/illustrations/link.tsx",
    "docs_file": "./docs/apps/web/src/illustrations/link.tsx_docs.md",
    "kw_file": "./docs/apps/web/src/illustrations/link.tsx_kw.md",
    "size": 722,
    "status": "success",
    "timestamp": "2025-11-15T20:37:32.867559Z"
  },
  {
    "file": "apps/web/src/illustrations/list.tsx",
    "docs_file": "./docs/apps/web/src/illustrations/list.tsx_docs.md",
    "kw_file": "./docs/apps/web/src/illustrations/list.tsx_kw.md",
    "size": 1250,
    "status": "success",
    "timestamp": "2025-11-15T20:37:32.868868Z"
  },
  {
    "file": "apps/web/src/illustrations/markdown.tsx",
    "docs_file": "./docs/apps/web/src/illustrations/markdown.tsx_docs.md",
    "kw_file": "./docs/apps/web/src/illustrations/markdown.tsx_kw.md",
    "size": 856,
    "status": "success",
    "timestamp": "2025-11-15T20:37:32.869956Z"
  },
  {
    "file": "apps/web/src/illustrations/marketing.tsx",
    "docs_file": "./docs/apps/web/src/illustrations/marketing.tsx_docs.md",
    "kw_file": "./docs/apps/web/src/illustrations/marketing.tsx_kw.md",
    "size": 1227,
    "status": "success",
    "timestamp": "2025-11-15T20:37:32.871125Z"
  },
  {
    "file": "apps/web/src/illustrations/pricing.tsx",
    "docs_file": "./docs/apps/web/src/illustrations/pricing.tsx_docs.md",
    "kw_file": "./docs/apps/web/src/illustrations/pricing.tsx_kw.md",
    "size": 1138,
    "status": "success",
    "timestamp": "2025-11-15T20:37:32.872421Z"
  },
  {
    "file": "apps/web/src/illustrations/section.tsx",
    "docs_file": "./docs/apps/web/src/illustrations/section.tsx_docs.md",
    "kw_file": "./docs/apps/web/src/illustrations/section.tsx_kw.md",
    "size": 419,
    "status": "success",
    "timestamp": "2025-11-15T20:37:32.873413Z"
  },
  {
    "file": "apps/web/src/illustrations/stats.tsx",
    "docs_file": "./docs/apps/web/src/illustrations/stats.tsx_docs.md",
    "kw_file": "./docs/apps/web/src/illustrations/stats.tsx_kw.md",
    "size": 715,
    "status": "success",
    "timestamp": "2025-11-15T20:37:32.874463Z"
  },
  {
    "file": "apps/web/src/illustrations/testimonials.tsx",
    "docs_file": "./docs/apps/web/src/illustrations/testimonials.tsx_docs.md",
    "kw_file": "./docs/apps/web/src/illustrations/testimonials.tsx_kw.md",
    "size": 1044,
    "status": "success",
    "timestamp": "2025-11-15T20:37:32.875797Z"
  },
  {
    "file": "apps/web/src/illustrations/text.tsx",
    "docs_file": "./docs/apps/web/src/illustrations/text.tsx_docs.md",
    "kw_file": "./docs/apps/web/src/illustrations/text.tsx_kw.md",
    "size": 601,
    "status": "success",
    "timestamp": "2025-11-15T20:37:32.876907Z"
  },
  {
    "file": "apps/web/src/webgl/Billboard.tsx",
    "docs_file": "./docs/apps/web/src/webgl/Billboard.tsx_docs.md",
    "kw_file": "./docs/apps/web/src/webgl/Billboard.tsx_kw.md",
    "size": 1404,
    "status": "success",
    "timestamp": "2025-11-15T20:37:32.878160Z"
  },
  {
    "file": "apps/web/src/webgl/View.tsx",
    "docs_file": "./docs/apps/web/src/webgl/View.tsx_docs.md",
    "kw_file": "./docs/apps/web/src/webgl/View.tsx_kw.md",
    "size": 824,
    "status": "success",
    "timestamp": "2025-11-15T20:37:32.879341Z"
  },
  {
    "file": "apps/web/src/webgl/getCanvasTexture.js",
    "docs_file": "./docs/apps/web/src/webgl/getCanvasTexture.js_docs.md",
    "kw_file": "./docs/apps/web/src/webgl/getCanvasTexture.js_kw.md",
    "size": 3735,
    "status": "success",
    "timestamp": "2025-11-15T20:37:32.881164Z"
  },
  {
    "file": "apps/web/src/webgl/tower.tsx",
    "docs_file": "./docs/apps/web/src/webgl/tower.tsx_docs.md",
    "kw_file": "./docs/apps/web/src/webgl/tower.tsx_kw.md",
    "size": 3874,
    "status": "success",
    "timestamp": "2025-11-15T20:37:32.882987Z"
  },
  {
    "file": "apps/web/src/webgl/materials/MeshBannerMaterial.ts",
    "docs_file": "./docs/apps/web/src/webgl/materials/MeshBannerMaterial.ts_docs.md",
    "kw_file": "./docs/apps/web/src/webgl/materials/MeshBannerMaterial.ts_kw.md",
    "size": 1268,
    "status": "success",
    "timestamp": "2025-11-15T20:37:32.884163Z"
  },
  {
    "file": "apps/web/src/webgl/materials/MeshImageMaterial.ts",
    "docs_file": "./docs/apps/web/src/webgl/materials/MeshImageMaterial.ts_docs.md",
    "kw_file": "./docs/apps/web/src/webgl/materials/MeshImageMaterial.ts_kw.md",
    "size": 901,
    "status": "success",
    "timestamp": "2025-11-15T20:37:32.885339Z"
  },
  {
    "file": "apps/web/src/components/anchor.tsx",
    "docs_file": "./docs/apps/web/src/components/anchor.tsx_docs.md",
    "kw_file": "./docs/apps/web/src/components/anchor.tsx_kw.md",
    "size": 515,
    "status": "success",
    "timestamp": "2025-11-15T20:37:32.886401Z"
  },
  {
    "file": "apps/web/src/components/button.tsx",
    "docs_file": "./docs/apps/web/src/components/button.tsx_docs.md",
    "kw_file": "./docs/apps/web/src/components/button.tsx_kw.md",
    "size": 1916,
    "status": "success",
    "timestamp": "2025-11-15T20:37:32.887780Z"
  },
  {
    "file": "apps/web/src/components/code-block.tsx",
    "docs_file": "./docs/apps/web/src/components/code-block.tsx_docs.md",
    "kw_file": "./docs/apps/web/src/components/code-block.tsx_kw.md",
    "size": 3402,
    "status": "success",
    "timestamp": "2025-11-15T20:37:32.889230Z"
  },
  {
    "file": "apps/web/src/components/code.tsx",
    "docs_file": "./docs/apps/web/src/components/code.tsx_docs.md",
    "kw_file": "./docs/apps/web/src/components/code.tsx_kw.md",
    "size": 3563,
    "status": "success",
    "timestamp": "2025-11-15T20:37:32.890814Z"
  },
  {
    "file": "apps/web/src/components/component-code-view.tsx",
    "docs_file": "./docs/apps/web/src/components/component-code-view.tsx_docs.md",
    "kw_file": "./docs/apps/web/src/components/component-code-view.tsx_kw.md",
    "size": 6810,
    "status": "success",
    "timestamp": "2025-11-15T20:37:32.893033Z"
  },
  {
    "file": "apps/web/src/components/component-preview.tsx",
    "docs_file": "./docs/apps/web/src/components/component-preview.tsx_docs.md",
    "kw_file": "./docs/apps/web/src/components/component-preview.tsx_kw.md",
    "size": 1573,
    "status": "success",
    "timestamp": "2025-11-15T20:37:32.894199Z"
  },
  {
    "file": "apps/web/src/components/component-view.tsx",
    "docs_file": "./docs/apps/web/src/components/component-view.tsx_docs.md",
    "kw_file": "./docs/apps/web/src/components/component-view.tsx_kw.md",
    "size": 5360,
    "status": "success",
    "timestamp": "2025-11-15T20:37:32.896563Z"
  },
  {
    "file": "apps/web/src/components/components-view.tsx",
    "docs_file": "./docs/apps/web/src/components/components-view.tsx_docs.md",
    "kw_file": "./docs/apps/web/src/components/components-view.tsx_kw.md",
    "size": 537,
    "status": "success",
    "timestamp": "2025-11-15T20:37:32.897666Z"
  },
  {
    "file": "apps/web/src/components/copy-code.tsx",
    "docs_file": "./docs/apps/web/src/components/copy-code.tsx_docs.md",
    "kw_file": "./docs/apps/web/src/components/copy-code.tsx_kw.md",
    "size": 2303,
    "status": "success",
    "timestamp": "2025-11-15T20:37:32.898948Z"
  },
  {
    "file": "apps/web/src/components/footer.tsx",
    "docs_file": "./docs/apps/web/src/components/footer.tsx_docs.md",
    "kw_file": "./docs/apps/web/src/components/footer.tsx_kw.md",
    "size": 769,
    "status": "success",
    "timestamp": "2025-11-15T20:37:32.900143Z"
  },
  {
    "file": "apps/web/src/components/heading.tsx",
    "docs_file": "./docs/apps/web/src/components/heading.tsx_docs.md",
    "kw_file": "./docs/apps/web/src/components/heading.tsx_kw.md",
    "size": 2277,
    "status": "success",
    "timestamp": "2025-11-15T20:37:32.901638Z"
  },
  {
    "file": "apps/web/src/components/icon-button.tsx",
    "docs_file": "./docs/apps/web/src/components/icon-button.tsx_docs.md",
    "kw_file": "./docs/apps/web/src/components/icon-button.tsx_kw.md",
    "size": 542,
    "status": "success",
    "timestamp": "2025-11-15T20:37:32.902742Z"
  },
  {
    "file": "apps/web/src/components/logo.tsx",
    "docs_file": "./docs/apps/web/src/components/logo.tsx_docs.md",
    "kw_file": "./docs/apps/web/src/components/logo.tsx_kw.md",
    "size": 11996,
    "status": "success",
    "timestamp": "2025-11-15T20:37:32.905098Z"
  },
  {
    "file": "apps/web/src/components/menu.tsx",
    "docs_file": "./docs/apps/web/src/components/menu.tsx_docs.md",
    "kw_file": "./docs/apps/web/src/components/menu.tsx_kw.md",
    "size": 5289,
    "status": "success",
    "timestamp": "2025-11-15T20:37:32.907767Z"
  },
  {
    "file": "apps/web/src/components/page-transition.tsx",
    "docs_file": "./docs/apps/web/src/components/page-transition.tsx_docs.md",
    "kw_file": "./docs/apps/web/src/components/page-transition.tsx_kw.md",
    "size": 1050,
    "status": "success",
    "timestamp": "2025-11-15T20:37:32.909483Z"
  },
  {
    "file": "apps/web/src/components/page-wrapper.tsx",
    "docs_file": "./docs/apps/web/src/components/page-wrapper.tsx_docs.md",
    "kw_file": "./docs/apps/web/src/components/page-wrapper.tsx_kw.md",
    "size": 511,
    "status": "success",
    "timestamp": "2025-11-15T20:37:32.911084Z"
  },
  {
    "file": "apps/web/src/components/send.tsx",
    "docs_file": "./docs/apps/web/src/components/send.tsx_docs.md",
    "kw_file": "./docs/apps/web/src/components/send.tsx_kw.md",
    "size": 5270,
    "status": "success",
    "timestamp": "2025-11-15T20:37:32.913481Z"
  },
  {
    "file": "apps/web/src/components/spotlight.tsx",
    "docs_file": "./docs/apps/web/src/components/spotlight.tsx_docs.md",
    "kw_file": "./docs/apps/web/src/components/spotlight.tsx_kw.md",
    "size": 1153,
    "status": "success",
    "timestamp": "2025-11-15T20:37:32.914923Z"
  },
  {
    "file": "apps/web/src/components/tab-trigger.tsx",
    "docs_file": "./docs/apps/web/src/components/tab-trigger.tsx_docs.md",
    "kw_file": "./docs/apps/web/src/components/tab-trigger.tsx_kw.md",
    "size": 1205,
    "status": "success",
    "timestamp": "2025-11-15T20:37:32.916193Z"
  },
  {
    "file": "apps/web/src/components/template.tsx",
    "docs_file": "./docs/apps/web/src/components/template.tsx_docs.md",
    "kw_file": "./docs/apps/web/src/components/template.tsx_kw.md",
    "size": 2075,
    "status": "success",
    "timestamp": "2025-11-15T20:37:32.917772Z"
  },
  {
    "file": "apps/web/src/components/text.tsx",
    "docs_file": "./docs/apps/web/src/components/text.tsx_docs.md",
    "kw_file": "./docs/apps/web/src/components/text.tsx_kw.md",
    "size": 1629,
    "status": "success",
    "timestamp": "2025-11-15T20:37:32.919138Z"
  },
  {
    "file": "apps/web/src/components/tooltip-content.tsx",
    "docs_file": "./docs/apps/web/src/components/tooltip-content.tsx_docs.md",
    "kw_file": "./docs/apps/web/src/components/tooltip-content.tsx_kw.md",
    "size": 798,
    "status": "success",
    "timestamp": "2025-11-15T20:37:32.920398Z"
  },
  {
    "file": "apps/web/src/components/tooltip.tsx",
    "docs_file": "./docs/apps/web/src/components/tooltip.tsx_docs.md",
    "kw_file": "./docs/apps/web/src/components/tooltip.tsx_kw.md",
    "size": 377,
    "status": "success",
    "timestamp": "2025-11-15T20:37:32.921609Z"
  },
  {
    "file": "apps/web/src/components/topbar.tsx",
    "docs_file": "./docs/apps/web/src/components/topbar.tsx_docs.md",
    "kw_file": "./docs/apps/web/src/components/topbar.tsx_kw.md",
    "size": 712,
    "status": "success",
    "timestamp": "2025-11-15T20:37:32.922813Z"
  },
  {
    "file": "apps/web/src/components/icons/icon-arrow-left.tsx",
    "docs_file": "./docs/apps/web/src/components/icons/icon-arrow-left.tsx_docs.md",
    "kw_file": "./docs/apps/web/src/components/icons/icon-arrow-left.tsx_kw.md",
    "size": 708,
    "status": "success",
    "timestamp": "2025-11-15T20:37:32.923988Z"
  },
  {
    "file": "apps/web/src/components/icons/icon-base.tsx",
    "docs_file": "./docs/apps/web/src/components/icons/icon-base.tsx_docs.md",
    "kw_file": "./docs/apps/web/src/components/icons/icon-base.tsx_kw.md",
    "size": 518,
    "status": "success",
    "timestamp": "2025-11-15T20:37:32.925179Z"
  },
  {
    "file": "apps/web/src/components/icons/icon-file.tsx",
    "docs_file": "./docs/apps/web/src/components/icons/icon-file.tsx_docs.md",
    "kw_file": "./docs/apps/web/src/components/icons/icon-file.tsx_kw.md",
    "size": 909,
    "status": "success",
    "timestamp": "2025-11-15T20:37:32.926337Z"
  },
  {
    "file": "apps/web/src/components/icons/icon-monitor.tsx",
    "docs_file": "./docs/apps/web/src/components/icons/icon-monitor.tsx_docs.md",
    "kw_file": "./docs/apps/web/src/components/icons/icon-monitor.tsx_kw.md",
    "size": 775,
    "status": "success",
    "timestamp": "2025-11-15T20:37:32.927392Z"
  },
  {
    "file": "apps/web/src/components/icons/icon-phone.tsx",
    "docs_file": "./docs/apps/web/src/components/icons/icon-phone.tsx_docs.md",
    "kw_file": "./docs/apps/web/src/components/icons/icon-phone.tsx_kw.md",
    "size": 857,
    "status": "success",
    "timestamp": "2025-11-15T20:37:32.928460Z"
  },
  {
    "file": "apps/web/src/components/icons/icon-source.tsx",
    "docs_file": "./docs/apps/web/src/components/icons/icon-source.tsx_docs.md",
    "kw_file": "./docs/apps/web/src/components/icons/icon-source.tsx_kw.md",
    "size": 569,
    "status": "success",
    "timestamp": "2025-11-15T20:37:32.929480Z"
  },
  {
    "file": "apps/web/src/components/sections/hero.tsx",
    "docs_file": "./docs/apps/web/src/components/sections/hero.tsx_docs.md",
    "kw_file": "./docs/apps/web/src/components/sections/hero.tsx_kw.md",
    "size": 3341,
    "status": "success",
    "timestamp": "2025-11-15T20:37:32.931239Z"
  },
  {
    "file": "apps/web/src/components/sections/integration.tsx",
    "docs_file": "./docs/apps/web/src/components/sections/integration.tsx_docs.md",
    "kw_file": "./docs/apps/web/src/components/sections/integration.tsx_kw.md",
    "size": 30202,
    "status": "success",
    "timestamp": "2025-11-15T20:37:32.935182Z"
  },
  {
    "file": "apps/web/src/components/sections/patterns.tsx",
    "docs_file": "./docs/apps/web/src/components/sections/patterns.tsx_docs.md",
    "kw_file": "./docs/apps/web/src/components/sections/patterns.tsx_kw.md",
    "size": 6643,
    "status": "success",
    "timestamp": "2025-11-15T20:37:32.937629Z"
  },
  {
    "file": "apps/web/src/components/sections/primitives.tsx",
    "docs_file": "./docs/apps/web/src/components/sections/primitives.tsx_docs.md",
    "kw_file": "./docs/apps/web/src/components/sections/primitives.tsx_kw.md",
    "size": 13928,
    "status": "success",
    "timestamp": "2025-11-15T20:37:32.940266Z"
  },
  {
    "file": "apps/web/src/components/sections/testimonial.tsx",
    "docs_file": "./docs/apps/web/src/components/sections/testimonial.tsx_docs.md",
    "kw_file": "./docs/apps/web/src/components/sections/testimonial.tsx_kw.md",
    "size": 2482,
    "status": "success",
    "timestamp": "2025-11-15T20:37:32.941817Z"
  },
  {
    "file": "apps/web/src/components/sections/tools/index.tsx",
    "docs_file": "./docs/apps/web/src/components/sections/tools/index.tsx_docs.md",
    "kw_file": "./docs/apps/web/src/components/sections/tools/index.tsx_kw.md",
    "size": 1152,
    "status": "success",
    "timestamp": "2025-11-15T20:37:32.943336Z"
  },
  {
    "file": "apps/web/src/components/sections/tools/interactive-demo.tsx",
    "docs_file": "./docs/apps/web/src/components/sections/tools/interactive-demo.tsx_docs.md",
    "kw_file": "./docs/apps/web/src/components/sections/tools/interactive-demo.tsx_kw.md",
    "size": 27149,
    "status": "success",
    "timestamp": "2025-11-15T20:37:32.952302Z"
  },
  {
    "file": "apps/web/src/components/sections/playground/code-example.tsx",
    "docs_file": "./docs/apps/web/src/components/sections/playground/code-example.tsx_docs.md",
    "kw_file": "./docs/apps/web/src/components/sections/playground/code-example.tsx_kw.md",
    "size": 2133,
    "status": "success",
    "timestamp": "2025-11-15T20:37:32.954111Z"
  },
  {
    "file": "apps/web/src/components/sections/playground/code-preview.tsx",
    "docs_file": "./docs/apps/web/src/components/sections/playground/code-preview.tsx_docs.md",
    "kw_file": "./docs/apps/web/src/components/sections/playground/code-preview.tsx_kw.md",
    "size": 3719,
    "status": "success",
    "timestamp": "2025-11-15T20:37:32.956319Z"
  },
  {
    "file": "apps/web/src/components/sections/playground/index.tsx",
    "docs_file": "./docs/apps/web/src/components/sections/playground/index.tsx_docs.md",
    "kw_file": "./docs/apps/web/src/components/sections/playground/index.tsx_kw.md",
    "size": 3779,
    "status": "success",
    "timestamp": "2025-11-15T20:37:32.958366Z"
  },
  {
    "file": "apps/web/src/components/sections/playground/utils.ts",
    "docs_file": "./docs/apps/web/src/components/sections/playground/utils.ts_docs.md",
    "kw_file": "./docs/apps/web/src/components/sections/playground/utils.ts_kw.md",
    "size": 4694,
    "status": "success",
    "timestamp": "2025-11-15T20:37:32.960454Z"
  },
  {
    "file": "apps/web/components/ensure-matching-variants.spec.tsx",
    "docs_file": "./docs/apps/web/components/ensure-matching-variants.spec.tsx_docs.md",
    "kw_file": "./docs/apps/web/components/ensure-matching-variants.spec.tsx_kw.md",
    "size": 3266,
    "status": "success",
    "timestamp": "2025-11-15T20:37:32.962306Z"
  },
  {
    "file": "apps/web/components/structure.ts",
    "docs_file": "./docs/apps/web/components/structure.ts_docs.md",
    "kw_file": "./docs/apps/web/components/structure.ts_kw.md",
    "size": 9727,
    "status": "success",
    "timestamp": "2025-11-15T20:37:32.965569Z"
  },
  {
    "file": "apps/web/components/tailwind.config.ts",
    "docs_file": "./docs/apps/web/components/tailwind.config.ts_docs.md",
    "kw_file": "./docs/apps/web/components/tailwind.config.ts_kw.md",
    "size": 19,
    "status": "success",
    "timestamp": "2025-11-15T20:37:32.966423Z"
  },
  {
    "file": "apps/web/components/tsconfig.json",
    "docs_file": "./docs/apps/web/components/tsconfig.json_docs.md",
    "kw_file": "./docs/apps/web/components/tsconfig.json_kw.md",
    "size": 125,
    "status": "success",
    "timestamp": "2025-11-15T20:37:32.967304Z"
  },
  {
    "file": "apps/web/components/markdown-with-custom-styles/index.tsx",
    "docs_file": "./docs/apps/web/components/markdown-with-custom-styles/index.tsx_docs.md",
    "kw_file": "./docs/apps/web/components/markdown-with-custom-styles/index.tsx_kw.md",
    "size": 521,
    "status": "success",
    "timestamp": "2025-11-15T20:37:32.968505Z"
  },
  {
    "file": "apps/web/components/article-with-single-author/inline-styles.tsx",
    "docs_file": "./docs/apps/web/components/article-with-single-author/inline-styles.tsx_docs.md",
    "kw_file": "./docs/apps/web/components/article-with-single-author/inline-styles.tsx_kw.md",
    "size": 2958,
    "status": "success",
    "timestamp": "2025-11-15T20:37:32.969942Z"
  },
  {
    "file": "apps/web/components/article-with-single-author/tailwind.tsx",
    "docs_file": "./docs/apps/web/components/article-with-single-author/tailwind.tsx_docs.md",
    "kw_file": "./docs/apps/web/components/article-with-single-author/tailwind.tsx_kw.md",
    "size": 2075,
    "status": "success",
    "timestamp": "2025-11-15T20:37:32.971322Z"
  },
  {
    "file": "apps/web/components/code-block-with-predefined-theme/index.tsx",
    "docs_file": "./docs/apps/web/components/code-block-with-predefined-theme/index.tsx_docs.md",
    "kw_file": "./docs/apps/web/components/code-block-with-predefined-theme/index.tsx_kw.md",
    "size": 754,
    "status": "success",
    "timestamp": "2025-11-15T20:37:32.972415Z"
  },
  {
    "file": "apps/web/components/simple-divider/inline-styles.tsx",
    "docs_file": "./docs/apps/web/components/simple-divider/inline-styles.tsx_docs.md",
    "kw_file": "./docs/apps/web/components/simple-divider/inline-styles.tsx_kw.md",
    "size": 427,
    "status": "success",
    "timestamp": "2025-11-15T20:37:32.973748Z"
  },
  {
    "file": "apps/web/components/simple-divider/tailwind.tsx",
    "docs_file": "./docs/apps/web/components/simple-divider/tailwind.tsx_docs.md",
    "kw_file": "./docs/apps/web/components/simple-divider/tailwind.tsx_kw.md",
    "size": 331,
    "status": "success",
    "timestamp": "2025-11-15T20:37:32.975112Z"
  },
  {
    "file": "apps/web/components/header-and-list-items/inline-styles.tsx",
    "docs_file": "./docs/apps/web/components/header-and-list-items/inline-styles.tsx_docs.md",
    "kw_file": "./docs/apps/web/components/header-and-list-items/inline-styles.tsx_kw.md",
    "size": 3928,
    "status": "success",
    "timestamp": "2025-11-15T20:37:32.977226Z"
  },
  {
    "file": "apps/web/components/header-and-list-items/tailwind.tsx",
    "docs_file": "./docs/apps/web/components/header-and-list-items/tailwind.tsx_docs.md",
    "kw_file": "./docs/apps/web/components/header-and-list-items/tailwind.tsx_kw.md",
    "size": 2423,
    "status": "success",
    "timestamp": "2025-11-15T20:37:32.979523Z"
  },
  {
    "file": "apps/web/components/header-and-numbered-list-items/inline-styles.tsx",
    "docs_file": "./docs/apps/web/components/header-and-numbered-list-items/inline-styles.tsx_docs.md",
    "kw_file": "./docs/apps/web/components/header-and-numbered-list-items/inline-styles.tsx_kw.md",
    "size": 3865,
    "status": "success",
    "timestamp": "2025-11-15T20:37:32.981496Z"
  },
  {
    "file": "apps/web/components/header-and-numbered-list-items/tailwind.tsx",
    "docs_file": "./docs/apps/web/components/header-and-numbered-list-items/tailwind.tsx_docs.md",
    "kw_file": "./docs/apps/web/components/header-and-numbered-list-items/tailwind.tsx_kw.md",
    "size": 2800,
    "status": "success",
    "timestamp": "2025-11-15T20:37:32.983532Z"
  },
  {
    "file": "apps/web/components/rounded-image/inline-styles.tsx",
    "docs_file": "./docs/apps/web/components/rounded-image/inline-styles.tsx_docs.md",
    "kw_file": "./docs/apps/web/components/rounded-image/inline-styles.tsx_kw.md",
    "size": 456,
    "status": "success",
    "timestamp": "2025-11-15T20:37:32.984794Z"
  },
  {
    "file": "apps/web/components/rounded-image/tailwind.tsx",
    "docs_file": "./docs/apps/web/components/rounded-image/tailwind.tsx_docs.md",
    "kw_file": "./docs/apps/web/components/rounded-image/tailwind.tsx_kw.md",
    "size": 356,
    "status": "success",
    "timestamp": "2025-11-15T20:37:32.985876Z"
  },
  {
    "file": "apps/web/components/one-product-with-image-on-the-left/inline-styles.tsx",
    "docs_file": "./docs/apps/web/components/one-product-with-image-on-the-left/inline-styles.tsx_docs.md",
    "kw_file": "./docs/apps/web/components/one-product-with-image-on-the-left/inline-styles.tsx_kw.md",
    "size": 2477,
    "status": "success",
    "timestamp": "2025-11-15T20:37:32.987314Z"
  },
  {
    "file": "apps/web/components/one-product-with-image-on-the-left/tailwind.tsx",
    "docs_file": "./docs/apps/web/components/one-product-with-image-on-the-left/tailwind.tsx_docs.md",
    "kw_file": "./docs/apps/web/components/one-product-with-image-on-the-left/tailwind.tsx_kw.md",
    "size": 1495,
    "status": "success",
    "timestamp": "2025-11-15T20:37:32.988751Z"
  },
  {
    "file": "apps/web/components/header-with-side-menu/inline-styles.tsx",
    "docs_file": "./docs/apps/web/components/header-with-side-menu/inline-styles.tsx_docs.md",
    "kw_file": "./docs/apps/web/components/header-with-side-menu/inline-styles.tsx_kw.md",
    "size": 1457,
    "status": "success",
    "timestamp": "2025-11-15T20:37:32.989996Z"
  },
  {
    "file": "apps/web/components/header-with-side-menu/tailwind.tsx",
    "docs_file": "./docs/apps/web/components/header-with-side-menu/tailwind.tsx_docs.md",
    "kw_file": "./docs/apps/web/components/header-with-side-menu/tailwind.tsx_kw.md",
    "size": 1110,
    "status": "success",
    "timestamp": "2025-11-15T20:37:32.991074Z"
  },
  {
    "file": "apps/web/components/one-product/inline-styles.tsx",
    "docs_file": "./docs/apps/web/components/one-product/inline-styles.tsx_docs.md",
    "kw_file": "./docs/apps/web/components/one-product/inline-styles.tsx_kw.md",
    "size": 1971,
    "status": "success",
    "timestamp": "2025-11-15T20:37:32.992467Z"
  },
  {
    "file": "apps/web/components/one-product/tailwind.tsx",
    "docs_file": "./docs/apps/web/components/one-product/tailwind.tsx_docs.md",
    "kw_file": "./docs/apps/web/components/one-product/tailwind.tsx_kw.md",
    "size": 1343,
    "status": "success",
    "timestamp": "2025-11-15T20:37:32.994084Z"
  },
  {
    "file": "apps/web/components/code-block-with-custom-theme/index.tsx",
    "docs_file": "./docs/apps/web/components/code-block-with-custom-theme/index.tsx_docs.md",
    "kw_file": "./docs/apps/web/components/code-block-with-custom-theme/index.tsx_kw.md",
    "size": 3348,
    "status": "success",
    "timestamp": "2025-11-15T20:37:32.995660Z"
  },
  {
    "file": "apps/web/components/footer-with-one-column/inline-styles.tsx",
    "docs_file": "./docs/apps/web/components/footer-with-one-column/inline-styles.tsx_docs.md",
    "kw_file": "./docs/apps/web/components/footer-with-one-column/inline-styles.tsx_kw.md",
    "size": 3021,
    "status": "success",
    "timestamp": "2025-11-15T20:37:32.997090Z"
  },
  {
    "file": "apps/web/components/footer-with-one-column/tailwind.tsx",
    "docs_file": "./docs/apps/web/components/footer-with-one-column/tailwind.tsx_docs.md",
    "kw_file": "./docs/apps/web/components/footer-with-one-column/tailwind.tsx_kw.md",
    "size": 2224,
    "status": "success",
    "timestamp": "2025-11-15T20:37:32.998472Z"
  },
  {
    "file": "apps/web/components/survey-section/inline-styles.tsx",
    "docs_file": "./docs/apps/web/components/survey-section/inline-styles.tsx_docs.md",
    "kw_file": "./docs/apps/web/components/survey-section/inline-styles.tsx_kw.md",
    "size": 1969,
    "status": "success",
    "timestamp": "2025-11-15T20:37:32.999993Z"
  },
  {
    "file": "apps/web/components/survey-section/tailwind.tsx",
    "docs_file": "./docs/apps/web/components/survey-section/tailwind.tsx_docs.md",
    "kw_file": "./docs/apps/web/components/survey-section/tailwind.tsx_kw.md",
    "size": 1396,
    "status": "success",
    "timestamp": "2025-11-15T20:37:33.001351Z"
  },
  {
    "file": "apps/web/components/header-with-centered-menu/inline-styles.tsx",
    "docs_file": "./docs/apps/web/components/header-with-centered-menu/inline-styles.tsx_docs.md",
    "kw_file": "./docs/apps/web/components/header-with-centered-menu/inline-styles.tsx_kw.md",
    "size": 2014,
    "status": "success",
    "timestamp": "2025-11-15T20:37:33.002646Z"
  },
  {
    "file": "apps/web/components/header-with-centered-menu/tailwind.tsx",
    "docs_file": "./docs/apps/web/components/header-with-centered-menu/tailwind.tsx_docs.md",
    "kw_file": "./docs/apps/web/components/header-with-centered-menu/tailwind.tsx_kw.md",
    "size": 1358,
    "status": "success",
    "timestamp": "2025-11-15T20:37:33.004138Z"
  },
  {
    "file": "apps/web/components/simple-text/index.tsx",
    "docs_file": "./docs/apps/web/components/simple-text/index.tsx_docs.md",
    "kw_file": "./docs/apps/web/components/simple-text/index.tsx_kw.md",
    "size": 221,
    "status": "success",
    "timestamp": "2025-11-15T20:37:33.005149Z"
  },
  {
    "file": "apps/web/components/header-and-three-centered-paragraphs/inline-styles.tsx",
    "docs_file": "./docs/apps/web/components/header-and-three-centered-paragraphs/inline-styles.tsx_docs.md",
    "kw_file": "./docs/apps/web/components/header-and-three-centered-paragraphs/inline-styles.tsx_kw.md",
    "size": 3679,
    "status": "success",
    "timestamp": "2025-11-15T20:37:33.006778Z"
  },
  {
    "file": "apps/web/components/header-and-three-centered-paragraphs/tailwind.tsx",
    "docs_file": "./docs/apps/web/components/header-and-three-centered-paragraphs/tailwind.tsx_docs.md",
    "kw_file": "./docs/apps/web/components/header-and-three-centered-paragraphs/tailwind.tsx_kw.md",
    "size": 2350,
    "status": "success",
    "timestamp": "2025-11-15T20:37:33.008317Z"
  },
  {
    "file": "apps/web/components/two-buttons/inline-styles.tsx",
    "docs_file": "./docs/apps/web/components/two-buttons/inline-styles.tsx_docs.md",
    "kw_file": "./docs/apps/web/components/two-buttons/inline-styles.tsx_kw.md",
    "size": 1725,
    "status": "success",
    "timestamp": "2025-11-15T20:37:33.009584Z"
  },
  {
    "file": "apps/web/components/two-buttons/tailwind.tsx",
    "docs_file": "./docs/apps/web/components/two-buttons/tailwind.tsx_docs.md",
    "kw_file": "./docs/apps/web/components/two-buttons/tailwind.tsx_kw.md",
    "size": 960,
    "status": "success",
    "timestamp": "2025-11-15T20:37:33.010793Z"
  },
  {
    "file": "apps/web/components/article-with-image-as-background/inline-styles.tsx",
    "docs_file": "./docs/apps/web/components/article-with-image-as-background/inline-styles.tsx_docs.md",
    "kw_file": "./docs/apps/web/components/article-with-image-as-background/inline-styles.tsx_kw.md",
    "size": 2479,
    "status": "success",
    "timestamp": "2025-11-15T20:37:33.012276Z"
  },
  {
    "file": "apps/web/components/article-with-image-as-background/tailwind.tsx",
    "docs_file": "./docs/apps/web/components/article-with-image-as-background/tailwind.tsx_docs.md",
    "kw_file": "./docs/apps/web/components/article-with-image-as-background/tailwind.tsx_kw.md",
    "size": 1731,
    "status": "success",
    "timestamp": "2025-11-15T20:37:33.013822Z"
  },
  {
    "file": "apps/web/components/avatars-with-text/inline-styles.tsx",
    "docs_file": "./docs/apps/web/components/avatars-with-text/inline-styles.tsx_docs.md",
    "kw_file": "./docs/apps/web/components/avatars-with-text/inline-styles.tsx_kw.md",
    "size": 1698,
    "status": "success",
    "timestamp": "2025-11-15T20:37:33.015065Z"
  },
  {
    "file": "apps/web/components/avatars-with-text/tailwind.tsx",
    "docs_file": "./docs/apps/web/components/avatars-with-text/tailwind.tsx_docs.md",
    "kw_file": "./docs/apps/web/components/avatars-with-text/tailwind.tsx_kw.md",
    "size": 1071,
    "status": "success",
    "timestamp": "2025-11-15T20:37:33.016282Z"
  },
  {
    "file": "apps/web/components/link-inline-with-text/index.tsx",
    "docs_file": "./docs/apps/web/components/link-inline-with-text/index.tsx_docs.md",
    "kw_file": "./docs/apps/web/components/link-inline-with-text/index.tsx_kw.md",
    "size": 282,
    "status": "success",
    "timestamp": "2025-11-15T20:37:33.017223Z"
  },
  {
    "file": "apps/web/components/testimonial-with-large-avatar/inline-styles.tsx",
    "docs_file": "./docs/apps/web/components/testimonial-with-large-avatar/inline-styles.tsx_docs.md",
    "kw_file": "./docs/apps/web/components/testimonial-with-large-avatar/inline-styles.tsx_kw.md",
    "size": 2165,
    "status": "success",
    "timestamp": "2025-11-15T20:37:33.018593Z"
  },
  {
    "file": "apps/web/components/testimonial-with-large-avatar/tailwind.tsx",
    "docs_file": "./docs/apps/web/components/testimonial-with-large-avatar/tailwind.tsx_docs.md",
    "kw_file": "./docs/apps/web/components/testimonial-with-large-avatar/tailwind.tsx_kw.md",
    "size": 1340,
    "status": "success",
    "timestamp": "2025-11-15T20:37:33.019986Z"
  },
  {
    "file": "apps/web/components/three-columns-with-images/inline-styles.tsx",
    "docs_file": "./docs/apps/web/components/three-columns-with-images/inline-styles.tsx_docs.md",
    "kw_file": "./docs/apps/web/components/three-columns-with-images/inline-styles.tsx_kw.md",
    "size": 2635,
    "status": "success",
    "timestamp": "2025-11-15T20:37:33.021401Z"
  },
  {
    "file": "apps/web/components/three-columns-with-images/tailwind.tsx",
    "docs_file": "./docs/apps/web/components/three-columns-with-images/tailwind.tsx_docs.md",
    "kw_file": "./docs/apps/web/components/three-columns-with-images/tailwind.tsx_kw.md",
    "size": 1915,
    "status": "success",
    "timestamp": "2025-11-15T20:37:33.022929Z"
  },
  {
    "file": "apps/web/components/code-block-without-theme/index.tsx",
    "docs_file": "./docs/apps/web/components/code-block-without-theme/index.tsx_docs.md",
    "kw_file": "./docs/apps/web/components/code-block-without-theme/index.tsx_kw.md",
    "size": 740,
    "status": "success",
    "timestamp": "2025-11-15T20:37:33.024088Z"
  },
  {
    "file": "apps/web/components/simple-list/inline-styles.tsx",
    "docs_file": "./docs/apps/web/components/simple-list/inline-styles.tsx_docs.md",
    "kw_file": "./docs/apps/web/components/simple-list/inline-styles.tsx_kw.md",
    "size": 3994,
    "status": "success",
    "timestamp": "2025-11-15T20:37:33.025943Z"
  },
  {
    "file": "apps/web/components/simple-list/tailwind.tsx",
    "docs_file": "./docs/apps/web/components/simple-list/tailwind.tsx_docs.md",
    "kw_file": "./docs/apps/web/components/simple-list/tailwind.tsx_kw.md",
    "size": 2882,
    "status": "success",
    "timestamp": "2025-11-15T20:37:33.027562Z"
  },
  {
    "file": "apps/web/components/section-with-rows-and-columns/index.tsx",
    "docs_file": "./docs/apps/web/components/section-with-rows-and-columns/index.tsx_docs.md",
    "kw_file": "./docs/apps/web/components/section-with-rows-and-columns/index.tsx_kw.md",
    "size": 432,
    "status": "success",
    "timestamp": "2025-11-15T20:37:33.028668Z"
  },
  {
    "file": "apps/web/components/customer-reviews/inline-styles.tsx",
    "docs_file": "./docs/apps/web/components/customer-reviews/inline-styles.tsx_docs.md",
    "kw_file": "./docs/apps/web/components/customer-reviews/inline-styles.tsx_kw.md",
    "size": 7225,
    "status": "success",
    "timestamp": "2025-11-15T20:37:33.030990Z"
  },
  {
    "file": "apps/web/components/customer-reviews/tailwind.tsx",
    "docs_file": "./docs/apps/web/components/customer-reviews/tailwind.tsx_docs.md",
    "kw_file": "./docs/apps/web/components/customer-reviews/tailwind.tsx_kw.md",
    "size": 4749,
    "status": "success",
    "timestamp": "2025-11-15T20:37:33.032991Z"
  },
  {
    "file": "apps/web/components/one-row-three-columns/inline-styles.tsx",
    "docs_file": "./docs/apps/web/components/one-row-three-columns/inline-styles.tsx_docs.md",
    "kw_file": "./docs/apps/web/components/one-row-three-columns/inline-styles.tsx_kw.md",
    "size": 769,
    "status": "success",
    "timestamp": "2025-11-15T20:37:33.034037Z"
  },
  {
    "file": "apps/web/components/one-row-three-columns/tailwind.tsx",
    "docs_file": "./docs/apps/web/components/one-row-three-columns/tailwind.tsx_docs.md",
    "kw_file": "./docs/apps/web/components/one-row-three-columns/tailwind.tsx_kw.md",
    "size": 504,
    "status": "success",
    "timestamp": "2025-11-15T20:37:33.035034Z"
  },
  {
    "file": "apps/web/components/single-button/inline-styles.tsx",
    "docs_file": "./docs/apps/web/components/single-button/inline-styles.tsx_docs.md",
    "kw_file": "./docs/apps/web/components/single-button/inline-styles.tsx_kw.md",
    "size": 506,
    "status": "success",
    "timestamp": "2025-11-15T20:37:33.035997Z"
  },
  {
    "file": "apps/web/components/single-button/tailwind.tsx",
    "docs_file": "./docs/apps/web/components/single-button/tailwind.tsx_docs.md",
    "kw_file": "./docs/apps/web/components/single-button/tailwind.tsx_kw.md",
    "size": 387,
    "status": "success",
    "timestamp": "2025-11-15T20:37:33.037061Z"
  },
  {
    "file": "apps/web/components/two-tiers-with-emphasized-tier/inline-styles.tsx",
    "docs_file": "./docs/apps/web/components/two-tiers-with-emphasized-tier/inline-styles.tsx_docs.md",
    "kw_file": "./docs/apps/web/components/two-tiers-with-emphasized-tier/inline-styles.tsx_kw.md",
    "size": 6152,
    "status": "success",
    "timestamp": "2025-11-15T20:37:33.038945Z"
  },
  {
    "file": "apps/web/components/two-tiers-with-emphasized-tier/tailwind.tsx",
    "docs_file": "./docs/apps/web/components/two-tiers-with-emphasized-tier/tailwind.tsx_docs.md",
    "kw_file": "./docs/apps/web/components/two-tiers-with-emphasized-tier/tailwind.tsx_kw.md",
    "size": 4065,
    "status": "success",
    "timestamp": "2025-11-15T20:37:33.040768Z"
  },
  {
    "file": "apps/web/components/article-with-image/inline-styles.tsx",
    "docs_file": "./docs/apps/web/components/article-with-image/inline-styles.tsx_docs.md",
    "kw_file": "./docs/apps/web/components/article-with-image/inline-styles.tsx_kw.md",
    "size": 1915,
    "status": "success",
    "timestamp": "2025-11-15T20:37:33.042064Z"
  },
  {
    "file": "apps/web/components/article-with-image/tailwind.tsx",
    "docs_file": "./docs/apps/web/components/article-with-image/tailwind.tsx_docs.md",
    "kw_file": "./docs/apps/web/components/article-with-image/tailwind.tsx_kw.md",
    "size": 1339,
    "status": "success",
    "timestamp": "2025-11-15T20:37:33.043427Z"
  },
  {
    "file": "apps/web/components/article-with-image-on-right/inline-styles.tsx",
    "docs_file": "./docs/apps/web/components/article-with-image-on-right/inline-styles.tsx_docs.md",
    "kw_file": "./docs/apps/web/components/article-with-image-on-right/inline-styles.tsx_kw.md",
    "size": 2025,
    "status": "success",
    "timestamp": "2025-11-15T20:37:33.044698Z"
  },
  {
    "file": "apps/web/components/article-with-image-on-right/tailwind.tsx",
    "docs_file": "./docs/apps/web/components/article-with-image-on-right/tailwind.tsx_docs.md",
    "kw_file": "./docs/apps/web/components/article-with-image-on-right/tailwind.tsx_kw.md",
    "size": 1354,
    "status": "success",
    "timestamp": "2025-11-15T20:37:33.046002Z"
  },
  {
    "file": "apps/web/components/simple-link/index.tsx",
    "docs_file": "./docs/apps/web/components/simple-link/index.tsx_docs.md",
    "kw_file": "./docs/apps/web/components/simple-link/index.tsx_kw.md",
    "size": 241,
    "status": "success",
    "timestamp": "2025-11-15T20:37:33.047044Z"
  },
  {
    "file": "apps/web/components/simple-pricing-table/inline-styles.tsx",
    "docs_file": "./docs/apps/web/components/simple-pricing-table/inline-styles.tsx_docs.md",
    "kw_file": "./docs/apps/web/components/simple-pricing-table/inline-styles.tsx_kw.md",
    "size": 4585,
    "status": "success",
    "timestamp": "2025-11-15T20:37:33.048880Z"
  },
  {
    "file": "apps/web/components/simple-pricing-table/tailwind.tsx",
    "docs_file": "./docs/apps/web/components/simple-pricing-table/tailwind.tsx_docs.md",
    "kw_file": "./docs/apps/web/components/simple-pricing-table/tailwind.tsx_kw.md",
    "size": 2673,
    "status": "success",
    "timestamp": "2025-11-15T20:37:33.050588Z"
  },
  {
    "file": "apps/web/components/stats-stepped/inline-styles.tsx",
    "docs_file": "./docs/apps/web/components/stats-stepped/inline-styles.tsx_docs.md",
    "kw_file": "./docs/apps/web/components/stats-stepped/inline-styles.tsx_kw.md",
    "size": 3503,
    "status": "success",
    "timestamp": "2025-11-15T20:37:33.052147Z"
  },
  {
    "file": "apps/web/components/stats-stepped/tailwind.tsx",
    "docs_file": "./docs/apps/web/components/stats-stepped/tailwind.tsx_docs.md",
    "kw_file": "./docs/apps/web/components/stats-stepped/tailwind.tsx_kw.md",
    "size": 1979,
    "status": "success",
    "timestamp": "2025-11-15T20:37:33.053799Z"
  },
  {
    "file": "apps/web/components/simple-rating-survey/inline-styles.tsx",
    "docs_file": "./docs/apps/web/components/simple-rating-survey/inline-styles.tsx_docs.md",
    "kw_file": "./docs/apps/web/components/simple-rating-survey/inline-styles.tsx_kw.md",
    "size": 4028,
    "status": "success",
    "timestamp": "2025-11-15T20:37:33.055403Z"
  },
  {
    "file": "apps/web/components/simple-rating-survey/tailwind.tsx",
    "docs_file": "./docs/apps/web/components/simple-rating-survey/tailwind.tsx_docs.md",
    "kw_file": "./docs/apps/web/components/simple-rating-survey/tailwind.tsx_kw.md",
    "size": 2506,
    "status": "success",
    "timestamp": "2025-11-15T20:37:33.056951Z"
  },
  {
    "file": "apps/web/components/simple-markdown/index.tsx",
    "docs_file": "./docs/apps/web/components/simple-markdown/index.tsx_docs.md",
    "kw_file": "./docs/apps/web/components/simple-markdown/index.tsx_kw.md",
    "size": 384,
    "status": "success",
    "timestamp": "2025-11-15T20:37:33.058000Z"
  },
  {
    "file": "apps/web/components/article-with-multiple-authors/inline-styles.tsx",
    "docs_file": "./docs/apps/web/components/article-with-multiple-authors/inline-styles.tsx_docs.md",
    "kw_file": "./docs/apps/web/components/article-with-multiple-authors/inline-styles.tsx_kw.md",
    "size": 4162,
    "status": "success",
    "timestamp": "2025-11-15T20:37:33.059525Z"
  },
  {
    "file": "apps/web/components/article-with-multiple-authors/tailwind.tsx",
    "docs_file": "./docs/apps/web/components/article-with-multiple-authors/tailwind.tsx_docs.md",
    "kw_file": "./docs/apps/web/components/article-with-multiple-authors/tailwind.tsx_kw.md",
    "size": 2752,
    "status": "success",
    "timestamp": "2025-11-15T20:37:33.061018Z"
  },
  {
    "file": "apps/web/components/footer-with-two-columns/inline-styles.tsx",
    "docs_file": "./docs/apps/web/components/footer-with-two-columns/inline-styles.tsx_docs.md",
    "kw_file": "./docs/apps/web/components/footer-with-two-columns/inline-styles.tsx_kw.md",
    "size": 2698,
    "status": "success",
    "timestamp": "2025-11-15T20:37:33.062421Z"
  },
  {
    "file": "apps/web/components/footer-with-two-columns/tailwind.tsx",
    "docs_file": "./docs/apps/web/components/footer-with-two-columns/tailwind.tsx_docs.md",
    "kw_file": "./docs/apps/web/components/footer-with-two-columns/tailwind.tsx_kw.md",
    "size": 1940,
    "status": "success",
    "timestamp": "2025-11-15T20:37:33.063810Z"
  },
  {
    "file": "apps/web/components/simple-section/index.tsx",
    "docs_file": "./docs/apps/web/components/simple-section/index.tsx_docs.md",
    "kw_file": "./docs/apps/web/components/simple-section/index.tsx_kw.md",
    "size": 262,
    "status": "success",
    "timestamp": "2025-11-15T20:37:33.064759Z"
  },
  {
    "file": "apps/web/components/avatars-group-stacked/inline-styles.tsx",
    "docs_file": "./docs/apps/web/components/avatars-group-stacked/inline-styles.tsx_docs.md",
    "kw_file": "./docs/apps/web/components/avatars-group-stacked/inline-styles.tsx_kw.md",
    "size": 3105,
    "status": "success",
    "timestamp": "2025-11-15T20:37:33.066331Z"
  },
  {
    "file": "apps/web/components/avatars-group-stacked/tailwind.tsx",
    "docs_file": "./docs/apps/web/components/avatars-group-stacked/tailwind.tsx_docs.md",
    "kw_file": "./docs/apps/web/components/avatars-group-stacked/tailwind.tsx_kw.md",
    "size": 1883,
    "status": "success",
    "timestamp": "2025-11-15T20:37:33.067843Z"
  },
  {
    "file": "apps/web/components/four-images-in-a-grid/inline-styles.tsx",
    "docs_file": "./docs/apps/web/components/four-images-in-a-grid/inline-styles.tsx_docs.md",
    "kw_file": "./docs/apps/web/components/four-images-in-a-grid/inline-styles.tsx_kw.md",
    "size": 3124,
    "status": "success",
    "timestamp": "2025-11-15T20:37:33.069381Z"
  },
  {
    "file": "apps/web/components/four-images-in-a-grid/tailwind.tsx",
    "docs_file": "./docs/apps/web/components/four-images-in-a-grid/tailwind.tsx_docs.md",
    "kw_file": "./docs/apps/web/components/four-images-in-a-grid/tailwind.tsx_kw.md",
    "size": 2358,
    "status": "success",
    "timestamp": "2025-11-15T20:37:33.070924Z"
  },
  {
    "file": "apps/web/components/_components/layout.tsx",
    "docs_file": "./docs/apps/web/components/_components/layout.tsx_docs.md",
    "kw_file": "./docs/apps/web/components/_components/layout.tsx_kw.md",
    "size": 1967,
    "status": "success",
    "timestamp": "2025-11-15T20:37:33.072207Z"
  },
  {
    "file": "apps/web/components/header-with-social-icons/inline-styles.tsx",
    "docs_file": "./docs/apps/web/components/header-with-social-icons/inline-styles.tsx_docs.md",
    "kw_file": "./docs/apps/web/components/header-with-social-icons/inline-styles.tsx_kw.md",
    "size": 1718,
    "status": "success",
    "timestamp": "2025-11-15T20:37:33.073426Z"
  },
  {
    "file": "apps/web/components/header-with-social-icons/tailwind.tsx",
    "docs_file": "./docs/apps/web/components/header-with-social-icons/tailwind.tsx_docs.md",
    "kw_file": "./docs/apps/web/components/header-with-social-icons/tailwind.tsx_kw.md",
    "size": 1459,
    "status": "success",
    "timestamp": "2025-11-15T20:37:33.074664Z"
  },
  {
    "file": "apps/web/components/code-inline-with-different-colors/inline-styles.tsx",
    "docs_file": "./docs/apps/web/components/code-inline-with-different-colors/inline-styles.tsx_docs.md",
    "kw_file": "./docs/apps/web/components/code-inline-with-different-colors/inline-styles.tsx_kw.md",
    "size": 556,
    "status": "success",
    "timestamp": "2025-11-15T20:37:33.075657Z"
  },
  {
    "file": "apps/web/components/code-inline-with-different-colors/tailwind.tsx",
    "docs_file": "./docs/apps/web/components/code-inline-with-different-colors/tailwind.tsx_docs.md",
    "kw_file": "./docs/apps/web/components/code-inline-with-different-colors/tailwind.tsx_kw.md",
    "size": 408,
    "status": "success",
    "timestamp": "2025-11-15T20:37:33.076747Z"
  },
  {
    "file": "apps/web/components/stats-simple/inline-styles.tsx",
    "docs_file": "./docs/apps/web/components/stats-simple/inline-styles.tsx_docs.md",
    "kw_file": "./docs/apps/web/components/stats-simple/inline-styles.tsx_kw.md",
    "size": 2012,
    "status": "success",
    "timestamp": "2025-11-15T20:37:33.077996Z"
  },
  {
    "file": "apps/web/components/stats-simple/tailwind.tsx",
    "docs_file": "./docs/apps/web/components/stats-simple/tailwind.tsx_docs.md",
    "kw_file": "./docs/apps/web/components/stats-simple/tailwind.tsx_kw.md",
    "size": 1172,
    "status": "success",
    "timestamp": "2025-11-15T20:37:33.079260Z"
  },
  {
    "file": "apps/web/components/images-on-vertical-grid/inline-styles.tsx",
    "docs_file": "./docs/apps/web/components/images-on-vertical-grid/inline-styles.tsx_docs.md",
    "kw_file": "./docs/apps/web/components/images-on-vertical-grid/inline-styles.tsx_kw.md",
    "size": 2366,
    "status": "success",
    "timestamp": "2025-11-15T20:37:33.080629Z"
  },
  {
    "file": "apps/web/components/images-on-vertical-grid/tailwind.tsx",
    "docs_file": "./docs/apps/web/components/images-on-vertical-grid/tailwind.tsx_docs.md",
    "kw_file": "./docs/apps/web/components/images-on-vertical-grid/tailwind.tsx_kw.md",
    "size": 1875,
    "status": "success",
    "timestamp": "2025-11-15T20:37:33.082126Z"
  },
  {
    "file": "apps/web/components/multiple-headings/inline-styles.tsx",
    "docs_file": "./docs/apps/web/components/multiple-headings/inline-styles.tsx_docs.md",
    "kw_file": "./docs/apps/web/components/multiple-headings/inline-styles.tsx_kw.md",
    "size": 729,
    "status": "success",
    "timestamp": "2025-11-15T20:37:33.083264Z"
  },
  {
    "file": "apps/web/components/multiple-headings/tailwind.tsx",
    "docs_file": "./docs/apps/web/components/multiple-headings/tailwind.tsx_docs.md",
    "kw_file": "./docs/apps/web/components/multiple-headings/tailwind.tsx_kw.md",
    "size": 681,
    "status": "success",
    "timestamp": "2025-11-15T20:37:33.084327Z"
  },
  {
    "file": "apps/web/components/avatars-circular/inline-styles.tsx",
    "docs_file": "./docs/apps/web/components/avatars-circular/inline-styles.tsx_docs.md",
    "kw_file": "./docs/apps/web/components/avatars-circular/inline-styles.tsx_kw.md",
    "size": 1566,
    "status": "success",
    "timestamp": "2025-11-15T20:37:33.085555Z"
  },
  {
    "file": "apps/web/components/avatars-circular/tailwind.tsx",
    "docs_file": "./docs/apps/web/components/avatars-circular/tailwind.tsx_docs.md",
    "kw_file": "./docs/apps/web/components/avatars-circular/tailwind.tsx_kw.md",
    "size": 1230,
    "status": "success",
    "timestamp": "2025-11-15T20:37:33.086804Z"
  },
  {
    "file": "apps/web/components/simple-code-inline/inline-styles.tsx",
    "docs_file": "./docs/apps/web/components/simple-code-inline/inline-styles.tsx_docs.md",
    "kw_file": "./docs/apps/web/components/simple-code-inline/inline-styles.tsx_kw.md",
    "size": 556,
    "status": "success",
    "timestamp": "2025-11-15T20:37:33.087786Z"
  },
  {
    "file": "apps/web/components/simple-code-inline/tailwind.tsx",
    "docs_file": "./docs/apps/web/components/simple-code-inline/tailwind.tsx_docs.md",
    "kw_file": "./docs/apps/web/components/simple-code-inline/tailwind.tsx_kw.md",
    "size": 407,
    "status": "success",
    "timestamp": "2025-11-15T20:37:33.088812Z"
  },
  {
    "file": "apps/web/components/list-with-image-on-left/inline-styles.tsx",
    "docs_file": "./docs/apps/web/components/list-with-image-on-left/inline-styles.tsx_docs.md",
    "kw_file": "./docs/apps/web/components/list-with-image-on-left/inline-styles.tsx_kw.md",
    "size": 5286,
    "status": "success",
    "timestamp": "2025-11-15T20:37:33.090774Z"
  },
  {
    "file": "apps/web/components/list-with-image-on-left/tailwind.tsx",
    "docs_file": "./docs/apps/web/components/list-with-image-on-left/tailwind.tsx_docs.md",
    "kw_file": "./docs/apps/web/components/list-with-image-on-left/tailwind.tsx_kw.md",
    "size": 3658,
    "status": "success",
    "timestamp": "2025-11-15T20:37:33.092677Z"
  },
  {
    "file": "apps/web/components/title-three-cards-in-a-row/inline-styles.tsx",
    "docs_file": "./docs/apps/web/components/title-three-cards-in-a-row/inline-styles.tsx_docs.md",
    "kw_file": "./docs/apps/web/components/title-three-cards-in-a-row/inline-styles.tsx_kw.md",
    "size": 6038,
    "status": "success",
    "timestamp": "2025-11-15T20:37:33.094664Z"
  },
  {
    "file": "apps/web/components/title-three-cards-in-a-row/tailwind.tsx",
    "docs_file": "./docs/apps/web/components/title-three-cards-in-a-row/tailwind.tsx_docs.md",
    "kw_file": "./docs/apps/web/components/title-three-cards-in-a-row/tailwind.tsx_kw.md",
    "size": 3443,
    "status": "success",
    "timestamp": "2025-11-15T20:37:33.096455Z"
  },
  {
    "file": "apps/web/components/header-and-four-paragraphs/inline-styles.tsx",
    "docs_file": "./docs/apps/web/components/header-and-four-paragraphs/inline-styles.tsx_docs.md",
    "kw_file": "./docs/apps/web/components/header-and-four-paragraphs/inline-styles.tsx_kw.md",
    "size": 5289,
    "status": "success",
    "timestamp": "2025-11-15T20:37:33.098403Z"
  },
  {
    "file": "apps/web/components/header-and-four-paragraphs/tailwind.tsx",
    "docs_file": "./docs/apps/web/components/header-and-four-paragraphs/tailwind.tsx_docs.md",
    "kw_file": "./docs/apps/web/components/header-and-four-paragraphs/tailwind.tsx_kw.md",
    "size": 3723,
    "status": "success",
    "timestamp": "2025-11-15T20:37:33.100454Z"
  },
  {
    "file": "apps/web/components/image-with-varying-sizes/inline-styles.tsx",
    "docs_file": "./docs/apps/web/components/image-with-varying-sizes/inline-styles.tsx_docs.md",
    "kw_file": "./docs/apps/web/components/image-with-varying-sizes/inline-styles.tsx_kw.md",
    "size": 731,
    "status": "success",
    "timestamp": "2025-11-15T20:37:33.101772Z"
  },
  {
    "file": "apps/web/components/image-with-varying-sizes/tailwind.tsx",
    "docs_file": "./docs/apps/web/components/image-with-varying-sizes/tailwind.tsx_docs.md",
    "kw_file": "./docs/apps/web/components/image-with-varying-sizes/tailwind.tsx_kw.md",
    "size": 755,
    "status": "success",
    "timestamp": "2025-11-15T20:37:33.103021Z"
  },
  {
    "file": "apps/web/components/text-with-styling/inline-styles.tsx",
    "docs_file": "./docs/apps/web/components/text-with-styling/inline-styles.tsx_docs.md",
    "kw_file": "./docs/apps/web/components/text-with-styling/inline-styles.tsx_kw.md",
    "size": 484,
    "status": "success",
    "timestamp": "2025-11-15T20:37:33.104023Z"
  },
  {
    "file": "apps/web/components/text-with-styling/tailwind.tsx",
    "docs_file": "./docs/apps/web/components/text-with-styling/tailwind.tsx_docs.md",
    "kw_file": "./docs/apps/web/components/text-with-styling/tailwind.tsx_kw.md",
    "size": 414,
    "status": "success",
    "timestamp": "2025-11-15T20:37:33.105018Z"
  },
  {
    "file": "apps/web/components/images-on-horizontal-grid/inline-styles.tsx",
    "docs_file": "./docs/apps/web/components/images-on-horizontal-grid/inline-styles.tsx_docs.md",
    "kw_file": "./docs/apps/web/components/images-on-horizontal-grid/inline-styles.tsx_kw.md",
    "size": 2811,
    "status": "success",
    "timestamp": "2025-11-15T20:37:33.106411Z"
  },
  {
    "file": "apps/web/components/images-on-horizontal-grid/tailwind.tsx",
    "docs_file": "./docs/apps/web/components/images-on-horizontal-grid/tailwind.tsx_docs.md",
    "kw_file": "./docs/apps/web/components/images-on-horizontal-grid/tailwind.tsx_kw.md",
    "size": 2007,
    "status": "success",
    "timestamp": "2025-11-15T20:37:33.107733Z"
  },
  {
    "file": "apps/web/components/avatars-rounded/inline-styles.tsx",
    "docs_file": "./docs/apps/web/components/avatars-rounded/inline-styles.tsx_docs.md",
    "kw_file": "./docs/apps/web/components/avatars-rounded/inline-styles.tsx_kw.md",
    "size": 1530,
    "status": "success",
    "timestamp": "2025-11-15T20:37:33.108920Z"
  },
  {
    "file": "apps/web/components/avatars-rounded/tailwind.tsx",
    "docs_file": "./docs/apps/web/components/avatars-rounded/tailwind.tsx_docs.md",
    "kw_file": "./docs/apps/web/components/avatars-rounded/tailwind.tsx_kw.md",
    "size": 1198,
    "status": "success",
    "timestamp": "2025-11-15T20:37:33.110075Z"
  },
  {
    "file": "apps/web/components/one-row-two-columns/inline-styles.tsx",
    "docs_file": "./docs/apps/web/components/one-row-two-columns/inline-styles.tsx_docs.md",
    "kw_file": "./docs/apps/web/components/one-row-two-columns/inline-styles.tsx_kw.md",
    "size": 1073,
    "status": "success",
    "timestamp": "2025-11-15T20:37:33.111150Z"
  },
  {
    "file": "apps/web/components/one-row-two-columns/tailwind.tsx",
    "docs_file": "./docs/apps/web/components/one-row-two-columns/tailwind.tsx_docs.md",
    "kw_file": "./docs/apps/web/components/one-row-two-columns/tailwind.tsx_kw.md",
    "size": 674,
    "status": "success",
    "timestamp": "2025-11-15T20:37:33.112245Z"
  },
  {
    "file": "apps/web/components/simple-container/inline-styles.tsx",
    "docs_file": "./docs/apps/web/components/simple-container/inline-styles.tsx_docs.md",
    "kw_file": "./docs/apps/web/components/simple-container/inline-styles.tsx_kw.md",
    "size": 533,
    "status": "success",
    "timestamp": "2025-11-15T20:37:33.113338Z"
  },
  {
    "file": "apps/web/components/simple-container/tailwind.tsx",
    "docs_file": "./docs/apps/web/components/simple-container/tailwind.tsx_docs.md",
    "kw_file": "./docs/apps/web/components/simple-container/tailwind.tsx_kw.md",
    "size": 458,
    "status": "success",
    "timestamp": "2025-11-15T20:37:33.114921Z"
  },
  {
    "file": "apps/web/components/simple-heading/inline-styles.tsx",
    "docs_file": "./docs/apps/web/components/simple-heading/inline-styles.tsx_docs.md",
    "kw_file": "./docs/apps/web/components/simple-heading/inline-styles.tsx_kw.md",
    "size": 263,
    "status": "success",
    "timestamp": "2025-11-15T20:37:33.115999Z"
  },
  {
    "file": "apps/web/components/simple-heading/tailwind.tsx",
    "docs_file": "./docs/apps/web/components/simple-heading/tailwind.tsx_docs.md",
    "kw_file": "./docs/apps/web/components/simple-heading/tailwind.tsx_kw.md",
    "size": 255,
    "status": "success",
    "timestamp": "2025-11-15T20:37:33.116991Z"
  },
  {
    "file": "apps/web/components/title-four-cards/inline-styles.tsx",
    "docs_file": "./docs/apps/web/components/title-four-cards/inline-styles.tsx_docs.md",
    "kw_file": "./docs/apps/web/components/title-four-cards/inline-styles.tsx_kw.md",
    "size": 8257,
    "status": "success",
    "timestamp": "2025-11-15T20:37:33.119031Z"
  },
  {
    "file": "apps/web/components/title-four-cards/tailwind.tsx",
    "docs_file": "./docs/apps/web/components/title-four-cards/tailwind.tsx_docs.md",
    "kw_file": "./docs/apps/web/components/title-four-cards/tailwind.tsx_kw.md",
    "size": 4579,
    "status": "success",
    "timestamp": "2025-11-15T20:37:33.121078Z"
  },
  {
    "file": "apps/web/components/simple-image/inline-styles.tsx",
    "docs_file": "./docs/apps/web/components/simple-image/inline-styles.tsx_docs.md",
    "kw_file": "./docs/apps/web/components/simple-image/inline-styles.tsx_kw.md",
    "size": 349,
    "status": "success",
    "timestamp": "2025-11-15T20:37:33.122002Z"
  },
  {
    "file": "apps/web/components/simple-image/tailwind.tsx",
    "docs_file": "./docs/apps/web/components/simple-image/tailwind.tsx_docs.md",
    "kw_file": "./docs/apps/web/components/simple-image/tailwind.tsx_kw.md",
    "size": 317,
    "status": "success",
    "timestamp": "2025-11-15T20:37:33.123007Z"
  },
  {
    "file": "apps/web/components/bento-grid/inline-styles.tsx",
    "docs_file": "./docs/apps/web/components/bento-grid/inline-styles.tsx_docs.md",
    "kw_file": "./docs/apps/web/components/bento-grid/inline-styles.tsx_kw.md",
    "size": 5151,
    "status": "success",
    "timestamp": "2025-11-15T20:37:33.124890Z"
  },
  {
    "file": "apps/web/components/bento-grid/tailwind.tsx",
    "docs_file": "./docs/apps/web/components/bento-grid/tailwind.tsx_docs.md",
    "kw_file": "./docs/apps/web/components/bento-grid/tailwind.tsx_kw.md",
    "size": 3302,
    "status": "success",
    "timestamp": "2025-11-15T20:37:33.126809Z"
  },
  {
    "file": "apps/web/components/checkout/inline-styles.tsx",
    "docs_file": "./docs/apps/web/components/checkout/inline-styles.tsx_docs.md",
    "kw_file": "./docs/apps/web/components/checkout/inline-styles.tsx_kw.md",
    "size": 6444,
    "status": "success",
    "timestamp": "2025-11-15T20:37:33.128574Z"
  },
  {
    "file": "apps/web/components/checkout/tailwind.tsx",
    "docs_file": "./docs/apps/web/components/checkout/tailwind.tsx_docs.md",
    "kw_file": "./docs/apps/web/components/checkout/tailwind.tsx_kw.md",
    "size": 3565,
    "status": "success",
    "timestamp": "2025-11-15T20:37:33.130199Z"
  },
  {
    "file": "apps/web/components/code-block-with-line-numbers/index.tsx",
    "docs_file": "./docs/apps/web/components/code-block-with-line-numbers/index.tsx_docs.md",
    "kw_file": "./docs/apps/web/components/code-block-with-line-numbers/index.tsx_kw.md",
    "size": 772,
    "status": "success",
    "timestamp": "2025-11-15T20:37:33.131221Z"
  },
  {
    "file": "apps/web/components/markdown-with-container-styles/index.tsx",
    "docs_file": "./docs/apps/web/components/markdown-with-container-styles/index.tsx_docs.md",
    "kw_file": "./docs/apps/web/components/markdown-with-container-styles/index.tsx_kw.md",
    "size": 448,
    "status": "success",
    "timestamp": "2025-11-15T20:37:33.132164Z"
  },
  {
    "file": "apps/web/components/article-with-two-cards/inline-styles.tsx",
    "docs_file": "./docs/apps/web/components/article-with-two-cards/inline-styles.tsx_docs.md",
    "kw_file": "./docs/apps/web/components/article-with-two-cards/inline-styles.tsx_kw.md",
    "size": 3874,
    "status": "success",
    "timestamp": "2025-11-15T20:37:33.133813Z"
  },
  {
    "file": "apps/web/components/article-with-two-cards/tailwind.tsx",
    "docs_file": "./docs/apps/web/components/article-with-two-cards/tailwind.tsx_docs.md",
    "kw_file": "./docs/apps/web/components/article-with-two-cards/tailwind.tsx_kw.md",
    "size": 2611,
    "status": "success",
    "timestamp": "2025-11-15T20:37:33.135443Z"
  },
  {
    "file": "apps/web/components/download-buttons/inline-styles.tsx",
    "docs_file": "./docs/apps/web/components/download-buttons/inline-styles.tsx_docs.md",
    "kw_file": "./docs/apps/web/components/download-buttons/inline-styles.tsx_kw.md",
    "size": 1575,
    "status": "success",
    "timestamp": "2025-11-15T20:37:33.136652Z"
  },
  {
    "file": "apps/web/components/download-buttons/tailwind.tsx",
    "docs_file": "./docs/apps/web/components/download-buttons/tailwind.tsx_docs.md",
    "kw_file": "./docs/apps/web/components/download-buttons/tailwind.tsx_kw.md",
    "size": 1410,
    "status": "success",
    "timestamp": "2025-11-15T20:37:33.137872Z"
  },
  {
    "file": "apps/web/components/divider-between-rows-and-columns/inline-styles.tsx",
    "docs_file": "./docs/apps/web/components/divider-between-rows-and-columns/inline-styles.tsx_docs.md",
    "kw_file": "./docs/apps/web/components/divider-between-rows-and-columns/inline-styles.tsx_kw.md",
    "size": 532,
    "status": "success",
    "timestamp": "2025-11-15T20:37:33.138915Z"
  },
  {
    "file": "apps/web/components/divider-between-rows-and-columns/tailwind.tsx",
    "docs_file": "./docs/apps/web/components/divider-between-rows-and-columns/tailwind.tsx_docs.md",
    "kw_file": "./docs/apps/web/components/divider-between-rows-and-columns/tailwind.tsx_kw.md",
    "size": 452,
    "status": "success",
    "timestamp": "2025-11-15T20:37:33.140147Z"
  },
  {
    "file": "apps/web/components/header-and-four-paragraphs-and-two-columns/inline-styles.tsx",
    "docs_file": "./docs/apps/web/components/header-and-four-paragraphs-and-two-columns/inline-styles.tsx_docs.md",
    "kw_file": "./docs/apps/web/components/header-and-four-paragraphs-and-two-columns/inline-styles.tsx_kw.md",
    "size": 5113,
    "status": "success",
    "timestamp": "2025-11-15T20:37:33.141985Z"
  },
  {
    "file": "apps/web/components/header-and-four-paragraphs-and-two-columns/tailwind.tsx",
    "docs_file": "./docs/apps/web/components/header-and-four-paragraphs-and-two-columns/tailwind.tsx_docs.md",
    "kw_file": "./docs/apps/web/components/header-and-four-paragraphs-and-two-columns/tailwind.tsx_kw.md",
    "size": 3259,
    "status": "success",
    "timestamp": "2025-11-15T20:37:33.144145Z"
  },
  {
    "file": "apps/web/components/testimonial-simple-centered/inline-styles.tsx",
    "docs_file": "./docs/apps/web/components/testimonial-simple-centered/inline-styles.tsx_docs.md",
    "kw_file": "./docs/apps/web/components/testimonial-simple-centered/inline-styles.tsx_kw.md",
    "size": 2125,
    "status": "success",
    "timestamp": "2025-11-15T20:37:33.145665Z"
  },
  {
    "file": "apps/web/components/testimonial-simple-centered/tailwind.tsx",
    "docs_file": "./docs/apps/web/components/testimonial-simple-centered/tailwind.tsx_docs.md",
    "kw_file": "./docs/apps/web/components/testimonial-simple-centered/tailwind.tsx_kw.md",
    "size": 1502,
    "status": "success",
    "timestamp": "2025-11-15T20:37:33.147153Z"
  },
  {
    "file": "apps/web/public/js/web-streams-polyfill.js",
    "docs_file": "./docs/apps/web/public/js/web-streams-polyfill.js_docs.md",
    "kw_file": "./docs/apps/web/public/js/web-streams-polyfill.js_kw.md",
    "size": 63667,
    "status": "success",
    "timestamp": "2025-11-15T20:37:33.160716Z"
  },
  {
    "file": "apps/demo/.gitignore",
    "docs_file": "./docs/apps/demo/.gitignore_docs.md",
    "kw_file": "./docs/apps/demo/.gitignore_kw.md",
    "size": 21,
    "status": "success",
    "timestamp": "2025-11-15T20:37:33.161523Z"
  },
  {
    "file": "apps/demo/license.md",
    "docs_file": "./docs/apps/demo/license.md_docs.md",
    "kw_file": "./docs/apps/demo/license.md_kw.md",
    "size": 1059,
    "status": "success",
    "timestamp": "2025-11-15T20:37:33.162524Z"
  },
  {
    "file": "apps/demo/package.json",
    "docs_file": "./docs/apps/demo/package.json_docs.md",
    "kw_file": "./docs/apps/demo/package.json_kw.md",
    "size": 510,
    "status": "success",
    "timestamp": "2025-11-15T20:37:33.163407Z"
  },
  {
    "file": "apps/demo/emails/tailwind.config.ts",
    "docs_file": "./docs/apps/demo/emails/tailwind.config.ts_docs.md",
    "kw_file": "./docs/apps/demo/emails/tailwind.config.ts_kw.md",
    "size": 3092,
    "status": "success",
    "timestamp": "2025-11-15T20:37:33.164809Z"
  },
  {
    "file": "apps/demo/emails/notifications/github-access-token.tsx",
    "docs_file": "./docs/apps/demo/emails/notifications/github-access-token.tsx_docs.md",
    "kw_file": "./docs/apps/demo/emails/notifications/github-access-token.tsx_kw.md",
    "size": 2354,
    "status": "success",
    "timestamp": "2025-11-15T20:37:33.166366Z"
  },
  {
    "file": "apps/demo/emails/notifications/papermark-year-in-review.tsx",
    "docs_file": "./docs/apps/demo/emails/notifications/papermark-year-in-review.tsx_docs.md",
    "kw_file": "./docs/apps/demo/emails/notifications/papermark-year-in-review.tsx_kw.md",
    "size": 9125,
    "status": "success",
    "timestamp": "2025-11-15T20:37:33.169053Z"
  },
  {
    "file": "apps/demo/emails/notifications/vercel-invite-user.tsx",
    "docs_file": "./docs/apps/demo/emails/notifications/vercel-invite-user.tsx_docs.md",
    "kw_file": "./docs/apps/demo/emails/notifications/vercel-invite-user.tsx_kw.md",
    "size": 5099,
    "status": "success",
    "timestamp": "2025-11-15T20:37:33.171014Z"
  },
  {
    "file": "apps/demo/emails/notifications/yelp-recent-login.tsx",
    "docs_file": "./docs/apps/demo/emails/notifications/yelp-recent-login.tsx_docs.md",
    "kw_file": "./docs/apps/demo/emails/notifications/yelp-recent-login.tsx_kw.md",
    "size": 4236,
    "status": "success",
    "timestamp": "2025-11-15T20:37:33.172786Z"
  },
  {
    "file": "apps/demo/emails/magic-links/aws-verify-email.tsx",
    "docs_file": "./docs/apps/demo/emails/magic-links/aws-verify-email.tsx_docs.md",
    "kw_file": "./docs/apps/demo/emails/magic-links/aws-verify-email.tsx_kw.md",
    "size": 3696,
    "status": "success",
    "timestamp": "2025-11-15T20:37:33.174517Z"
  },
  {
    "file": "apps/demo/emails/magic-links/linear-login-code.tsx",
    "docs_file": "./docs/apps/demo/emails/magic-links/linear-login-code.tsx_docs.md",
    "kw_file": "./docs/apps/demo/emails/magic-links/linear-login-code.tsx_kw.md",
    "size": 2300,
    "status": "success",
    "timestamp": "2025-11-15T20:37:33.176521Z"
  },
  {
    "file": "apps/demo/emails/magic-links/notion-magic-link.tsx",
    "docs_file": "./docs/apps/demo/emails/magic-links/notion-magic-link.tsx_docs.md",
    "kw_file": "./docs/apps/demo/emails/magic-links/notion-magic-link.tsx_kw.md",
    "size": 2446,
    "status": "success",
    "timestamp": "2025-11-15T20:37:33.178518Z"
  },
  {
    "file": "apps/demo/emails/magic-links/plaid-verify-identity.tsx",
    "docs_file": "./docs/apps/demo/emails/magic-links/plaid-verify-identity.tsx_docs.md",
    "kw_file": "./docs/apps/demo/emails/magic-links/plaid-verify-identity.tsx_kw.md",
    "size": 2611,
    "status": "success",
    "timestamp": "2025-11-15T20:37:33.180163Z"
  },
  {
    "file": "apps/demo/emails/magic-links/raycast-magic-link.tsx",
    "docs_file": "./docs/apps/demo/emails/magic-links/raycast-magic-link.tsx_docs.md",
    "kw_file": "./docs/apps/demo/emails/magic-links/raycast-magic-link.tsx_kw.md",
    "size": 2376,
    "status": "success",
    "timestamp": "2025-11-15T20:37:33.182010Z"
  },
  {
    "file": "apps/demo/emails/magic-links/slack-confirm.tsx",
    "docs_file": "./docs/apps/demo/emails/magic-links/slack-confirm.tsx_docs.md",
    "kw_file": "./docs/apps/demo/emails/magic-links/slack-confirm.tsx_kw.md",
    "size": 4762,
    "status": "success",
    "timestamp": "2025-11-15T20:37:33.184198Z"
  },
  {
    "file": "apps/demo/emails/receipts/apple-receipt.tsx",
    "docs_file": "./docs/apps/demo/emails/receipts/apple-receipt.tsx_docs.md",
    "kw_file": "./docs/apps/demo/emails/receipts/apple-receipt.tsx_kw.md",
    "size": 13681,
    "status": "success",
    "timestamp": "2025-11-15T20:37:33.188228Z"
  },
  {
    "file": "apps/demo/emails/receipts/nike-receipt.tsx",
    "docs_file": "./docs/apps/demo/emails/receipts/nike-receipt.tsx_docs.md",
    "kw_file": "./docs/apps/demo/emails/receipts/nike-receipt.tsx_kw.md",
    "size": 13505,
    "status": "success",
    "timestamp": "2025-11-15T20:37:33.192863Z"
  },
  {
    "file": "apps/demo/emails/newsletters/codepen-challengers.tsx",
    "docs_file": "./docs/apps/demo/emails/newsletters/codepen-challengers.tsx_docs.md",
    "kw_file": "./docs/apps/demo/emails/newsletters/codepen-challengers.tsx_kw.md",
    "size": 12086,
    "status": "success",
    "timestamp": "2025-11-15T20:37:33.197024Z"
  },
  {
    "file": "apps/demo/emails/newsletters/google-play-policy-update.tsx",
    "docs_file": "./docs/apps/demo/emails/newsletters/google-play-policy-update.tsx_docs.md",
    "kw_file": "./docs/apps/demo/emails/newsletters/google-play-policy-update.tsx_kw.md",
    "size": 6573,
    "status": "success",
    "timestamp": "2025-11-15T20:37:33.199491Z"
  },
  {
    "file": "apps/demo/emails/newsletters/stack-overflow-tips.tsx",
    "docs_file": "./docs/apps/demo/emails/newsletters/stack-overflow-tips.tsx_docs.md",
    "kw_file": "./docs/apps/demo/emails/newsletters/stack-overflow-tips.tsx_kw.md",
    "size": 6427,
    "status": "success",
    "timestamp": "2025-11-15T20:37:33.202183Z"
  },
  {
    "file": "apps/demo/emails/reviews/airbnb-review.tsx",
    "docs_file": "./docs/apps/demo/emails/reviews/airbnb-review.tsx_docs.md",
    "kw_file": "./docs/apps/demo/emails/reviews/airbnb-review.tsx_kw.md",
    "size": 4660,
    "status": "success",
    "timestamp": "2025-11-15T20:37:33.204300Z"
  },
  {
    "file": "apps/demo/emails/reviews/amazon-review.tsx",
    "docs_file": "./docs/apps/demo/emails/reviews/amazon-review.tsx_docs.md",
    "kw_file": "./docs/apps/demo/emails/reviews/amazon-review.tsx_kw.md",
    "size": 6316,
    "status": "success",
    "timestamp": "2025-11-15T20:37:33.207260Z"
  },
  {
    "file": "apps/demo/emails/welcome/koala-welcome.tsx",
    "docs_file": "./docs/apps/demo/emails/welcome/koala-welcome.tsx_docs.md",
    "kw_file": "./docs/apps/demo/emails/welcome/koala-welcome.tsx_kw.md",
    "size": 2039,
    "status": "success",
    "timestamp": "2025-11-15T20:37:33.208718Z"
  },
  {
    "file": "apps/demo/emails/welcome/netlify-welcome.tsx",
    "docs_file": "./docs/apps/demo/emails/welcome/netlify-welcome.tsx_docs.md",
    "kw_file": "./docs/apps/demo/emails/welcome/netlify-welcome.tsx_kw.md",
    "size": 4953,
    "status": "success",
    "timestamp": "2025-11-15T20:37:33.211027Z"
  },
  {
    "file": "apps/demo/emails/welcome/stripe-welcome.tsx",
    "docs_file": "./docs/apps/demo/emails/welcome/stripe-welcome.tsx_docs.md",
    "kw_file": "./docs/apps/demo/emails/welcome/stripe-welcome.tsx_kw.md",
    "size": 4267,
    "status": "success",
    "timestamp": "2025-11-15T20:37:33.213151Z"
  },
  {
    "file": "apps/demo/emails/reset-password/dropbox-reset-password.tsx",
    "docs_file": "./docs/apps/demo/emails/reset-password/dropbox-reset-password.tsx_docs.md",
    "kw_file": "./docs/apps/demo/emails/reset-password/dropbox-reset-password.tsx_kw.md",
    "size": 2844,
    "status": "success",
    "timestamp": "2025-11-15T20:37:33.214850Z"
  },
  {
    "file": "apps/demo/emails/reset-password/twitch-reset-password.tsx",
    "docs_file": "./docs/apps/demo/emails/reset-password/twitch-reset-password.tsx_docs.md",
    "kw_file": "./docs/apps/demo/emails/reset-password/twitch-reset-password.tsx_kw.md",
    "size": 4233,
    "status": "success",
    "timestamp": "2025-11-15T20:37:33.216909Z"
  },
  {
    "file": "benchmarks/preview-server/bench-results-30-iterations.json",
    "docs_file": "./docs/benchmarks/preview-server/bench-results-30-iterations.json_docs.md",
    "kw_file": "./docs/benchmarks/preview-server/bench-results-30-iterations.json_kw.md",
    "size": 2350,
    "status": "success",
    "timestamp": "2025-11-15T20:37:33.218229Z"
  },
  {
    "file": "benchmarks/preview-server/package.json",
    "docs_file": "./docs/benchmarks/preview-server/package.json_docs.md",
    "kw_file": "./docs/benchmarks/preview-server/package.json_kw.md",
    "size": 710,
    "status": "success",
    "timestamp": "2025-11-15T20:37:33.219285Z"
  },
  {
    "file": "benchmarks/preview-server/startup-bench-results-30-iterations.json",
    "docs_file": "./docs/benchmarks/preview-server/startup-bench-results-30-iterations.json_docs.md",
    "kw_file": "./docs/benchmarks/preview-server/startup-bench-results-30-iterations.json_kw.md",
    "size": 2336,
    "status": "success",
    "timestamp": "2025-11-15T20:37:33.220236Z"
  },
  {
    "file": "benchmarks/preview-server/src/local-vs-2.1.7-canary.2-on-startup.ts",
    "docs_file": "./docs/benchmarks/preview-server/src/local-vs-2.1.7-canary.2-on-startup.ts_docs.md",
    "kw_file": "./docs/benchmarks/preview-server/src/local-vs-2.1.7-canary.2-on-startup.ts_kw.md",
    "size": 1077,
    "status": "success",
    "timestamp": "2025-11-15T20:37:33.221303Z"
  },
  {
    "file": "benchmarks/preview-server/src/local-vs-2.1.7-canary.2.ts",
    "docs_file": "./docs/benchmarks/preview-server/src/local-vs-2.1.7-canary.2.ts_docs.md",
    "kw_file": "./docs/benchmarks/preview-server/src/local-vs-2.1.7-canary.2.ts_kw.md",
    "size": 1217,
    "status": "success",
    "timestamp": "2025-11-15T20:37:33.222512Z"
  },
  {
    "file": "benchmarks/preview-server/src/utils/run-server-and-fetch-preview-page.ts",
    "docs_file": "./docs/benchmarks/preview-server/src/utils/run-server-and-fetch-preview-page.ts_docs.md",
    "kw_file": "./docs/benchmarks/preview-server/src/utils/run-server-and-fetch-preview-page.ts_kw.md",
    "size": 1169,
    "status": "success",
    "timestamp": "2025-11-15T20:37:33.223698Z"
  },
  {
    "file": "benchmarks/preview-server/src/utils/run-server.ts",
    "docs_file": "./docs/benchmarks/preview-server/src/utils/run-server.ts_docs.md",
    "kw_file": "./docs/benchmarks/preview-server/src/utils/run-server.ts_kw.md",
    "size": 1103,
    "status": "success",
    "timestamp": "2025-11-15T20:37:33.225102Z"
  },
  {
    "file": "benchmarks/preview-server/src/utils/sleep.ts",
    "docs_file": "./docs/benchmarks/preview-server/src/utils/sleep.ts_docs.md",
    "kw_file": "./docs/benchmarks/preview-server/src/utils/sleep.ts_kw.md",
    "size": 98,
    "status": "success",
    "timestamp": "2025-11-15T20:37:33.226269Z"
  },
  {
    "file": "benchmarks/tailwind-component/.gitignore",
    "docs_file": "./docs/benchmarks/tailwind-component/.gitignore_docs.md",
    "kw_file": "./docs/benchmarks/tailwind-component/.gitignore_kw.md",
    "size": 51,
    "status": "success",
    "timestamp": "2025-11-15T20:37:33.227086Z"
  },
  {
    "file": "benchmarks/tailwind-component/README.md",
    "docs_file": "./docs/benchmarks/tailwind-component/README.md_docs.md",
    "kw_file": "./docs/benchmarks/tailwind-component/README.md_kw.md",
    "size": 1733,
    "status": "success",
    "timestamp": "2025-11-15T20:37:33.228512Z"
  },
  {
    "file": "benchmarks/tailwind-component/bench-results-100-iterations.json",
    "docs_file": "./docs/benchmarks/tailwind-component/bench-results-100-iterations.json_docs.md",
    "kw_file": "./docs/benchmarks/tailwind-component/bench-results-100-iterations.json_kw.md",
    "size": 5437,
    "status": "success",
    "timestamp": "2025-11-15T20:37:33.229569Z"
  },
  {
    "file": "benchmarks/tailwind-component/package.json",
    "docs_file": "./docs/benchmarks/tailwind-component/package.json_docs.md",
    "kw_file": "./docs/benchmarks/tailwind-component/package.json_kw.md",
    "size": 1205,
    "status": "success",
    "timestamp": "2025-11-15T20:37:33.230729Z"
  },
  {
    "file": "benchmarks/tailwind-component/tailwind.config.js",
    "docs_file": "./docs/benchmarks/tailwind-component/tailwind.config.js_docs.md",
    "kw_file": "./docs/benchmarks/tailwind-component/tailwind.config.js_kw.md",
    "size": 0,
    "status": "success",
    "timestamp": "2025-11-15T20:37:33.231724Z"
  },
  {
    "file": "benchmarks/tailwind-component/tsconfig.json",
    "docs_file": "./docs/benchmarks/tailwind-component/tsconfig.json_docs.md",
    "kw_file": "./docs/benchmarks/tailwind-component/tsconfig.json_kw.md",
    "size": 400,
    "status": "success",
    "timestamp": "2025-11-15T20:37:33.232805Z"
  },
  {
    "file": "benchmarks/tailwind-component/src/benchmark-0.0.12-vs-local-version.tsx",
    "docs_file": "./docs/benchmarks/tailwind-component/src/benchmark-0.0.12-vs-local-version.tsx_docs.md",
    "kw_file": "./docs/benchmarks/tailwind-component/src/benchmark-0.0.12-vs-local-version.tsx_kw.md",
    "size": 915,
    "status": "success",
    "timestamp": "2025-11-15T20:37:33.234123Z"
  },
  {
    "file": "benchmarks/tailwind-component/src/benchmark-0.0.17-vs-local-version.tsx",
    "docs_file": "./docs/benchmarks/tailwind-component/src/benchmark-0.0.17-vs-local-version.tsx_docs.md",
    "kw_file": "./docs/benchmarks/tailwind-component/src/benchmark-0.0.17-vs-local-version.tsx_kw.md",
    "size": 895,
    "status": "success",
    "timestamp": "2025-11-15T20:37:33.235424Z"
  },
  {
    "file": "benchmarks/tailwind-component/src/benchmark-with-vs-without.tsx",
    "docs_file": "./docs/benchmarks/tailwind-component/src/benchmark-with-vs-without.tsx_docs.md",
    "kw_file": "./docs/benchmarks/tailwind-component/src/benchmark-with-vs-without.tsx_kw.md",
    "size": 832,
    "status": "success",
    "timestamp": "2025-11-15T20:37:33.236774Z"
  },
  {
    "file": "benchmarks/tailwind-component/src/tailwind-render.tsx",
    "docs_file": "./docs/benchmarks/tailwind-component/src/tailwind-render.tsx_docs.md",
    "kw_file": "./docs/benchmarks/tailwind-component/src/tailwind-render.tsx_kw.md",
    "size": 239,
    "status": "success",
    "timestamp": "2025-11-15T20:37:33.237817Z"
  },
  {
    "file": "benchmarks/tailwind-component/src/emails/with-tailwind.tsx",
    "docs_file": "./docs/benchmarks/tailwind-component/src/emails/with-tailwind.tsx_docs.md",
    "kw_file": "./docs/benchmarks/tailwind-component/src/emails/with-tailwind.tsx_kw.md",
    "size": 6783,
    "status": "success",
    "timestamp": "2025-11-15T20:37:33.240613Z"
  },
  {
    "file": "benchmarks/tailwind-component/src/emails/without-tailwind.tsx",
    "docs_file": "./docs/benchmarks/tailwind-component/src/emails/without-tailwind.tsx_docs.md",
    "kw_file": "./docs/benchmarks/tailwind-component/src/emails/without-tailwind.tsx_kw.md",
    "size": 6610,
    "status": "success",
    "timestamp": "2025-11-15T20:37:33.243365Z"
  },
  {
    "file": "playground/CHANGELOG.md",
    "docs_file": "./docs/playground/CHANGELOG.md_docs.md",
    "kw_file": "./docs/playground/CHANGELOG.md_kw.md",
    "size": 1312,
    "status": "success",
    "timestamp": "2025-11-15T20:37:33.244382Z"
  },
  {
    "file": "playground/README.md",
    "docs_file": "./docs/playground/README.md_docs.md",
    "kw_file": "./docs/playground/README.md_kw.md",
    "size": 876,
    "status": "success",
    "timestamp": "2025-11-15T20:37:33.245294Z"
  },
  {
    "file": "playground/components.ts",
    "docs_file": "./docs/playground/components.ts_docs.md",
    "kw_file": "./docs/playground/components.ts_kw.md",
    "size": 757,
    "status": "success",
    "timestamp": "2025-11-15T20:37:33.246279Z"
  },
  {
    "file": "playground/package.json",
    "docs_file": "./docs/playground/package.json_docs.md",
    "kw_file": "./docs/playground/package.json_kw.md",
    "size": 452,
    "status": "success",
    "timestamp": "2025-11-15T20:37:33.247071Z"
  },
  {
    "file": "playground/tsconfig.json",
    "docs_file": "./docs/playground/tsconfig.json_docs.md",
    "kw_file": "./docs/playground/tsconfig.json_kw.md",
    "size": 169,
    "status": "success",
    "timestamp": "2025-11-15T20:37:33.247874Z"
  },
  {
    "file": "playground/emails/.gitignore",
    "docs_file": "./docs/playground/emails/.gitignore_docs.md",
    "kw_file": "./docs/playground/emails/.gitignore_kw.md",
    "size": 22,
    "status": "success",
    "timestamp": "2025-11-15T20:37:33.248648Z"
  },
  {
    "file": "playground/emails/example.tsx",
    "docs_file": "./docs/playground/emails/example.tsx_docs.md",
    "kw_file": "./docs/playground/emails/example.tsx_kw.md",
    "size": 670,
    "status": "success",
    "timestamp": "2025-11-15T20:37:33.249750Z"
  },
  {
    "file": "packages/preview-server/src/app/favicon.ico",
    "docs_file": "./docs/packages/preview-server/src/app/favicon.ico_docs.md",
    "type": "binary",
    "size": 15406,
    "status": "success",
    "timestamp": "2025-11-15T20:37:33.250507Z"
  },
  {
    "file": "packages/preview-server/src/app/logo.png",
    "docs_file": "./docs/packages/preview-server/src/app/logo.png_docs.md",
    "type": "binary",
    "size": 116494,
    "status": "success",
    "timestamp": "2025-11-15T20:37:33.251172Z"
  },
  {
    "file": "packages/preview-server/src/app/fonts/SFMono/SFMonoBold.otf",
    "docs_file": "./docs/packages/preview-server/src/app/fonts/SFMono/SFMonoBold.otf_docs.md",
    "type": "binary",
    "size": 93808,
    "status": "success",
    "timestamp": "2025-11-15T20:37:33.252055Z"
  },
  {
    "file": "packages/preview-server/src/app/fonts/SFMono/SFMonoBoldItalic.otf",
    "docs_file": "./docs/packages/preview-server/src/app/fonts/SFMono/SFMonoBoldItalic.otf_docs.md",
    "type": "binary",
    "size": 90496,
    "status": "success",
    "timestamp": "2025-11-15T20:37:33.252660Z"
  },
  {
    "file": "packages/preview-server/src/app/fonts/SFMono/SFMonoHeavy.otf",
    "docs_file": "./docs/packages/preview-server/src/app/fonts/SFMono/SFMonoHeavy.otf_docs.md",
    "type": "binary",
    "size": 87452,
    "status": "success",
    "timestamp": "2025-11-15T20:37:33.253217Z"
  },
  {
    "file": "packages/preview-server/src/app/fonts/SFMono/SFMonoHeavyItalic.otf",
    "docs_file": "./docs/packages/preview-server/src/app/fonts/SFMono/SFMonoHeavyItalic.otf_docs.md",
    "type": "binary",
    "size": 81636,
    "status": "success",
    "timestamp": "2025-11-15T20:37:33.253773Z"
  },
  {
    "file": "packages/preview-server/src/app/fonts/SFMono/SFMonoLight.otf",
    "docs_file": "./docs/packages/preview-server/src/app/fonts/SFMono/SFMonoLight.otf_docs.md",
    "type": "binary",
    "size": 86872,
    "status": "success",
    "timestamp": "2025-11-15T20:37:33.254304Z"
  },
  {
    "file": "packages/preview-server/src/app/fonts/SFMono/SFMonoLightItalic.otf",
    "docs_file": "./docs/packages/preview-server/src/app/fonts/SFMono/SFMonoLightItalic.otf_docs.md",
    "type": "binary",
    "size": 82448,
    "status": "success",
    "timestamp": "2025-11-15T20:37:33.254890Z"
  },
  {
    "file": "packages/preview-server/src/app/fonts/SFMono/SFMonoMedium.otf",
    "docs_file": "./docs/packages/preview-server/src/app/fonts/SFMono/SFMonoMedium.otf_docs.md",
    "type": "binary",
    "size": 94216,
    "status": "success",
    "timestamp": "2025-11-15T20:37:33.255587Z"
  },
  {
    "file": "packages/preview-server/src/app/fonts/SFMono/SFMonoMediumItalic.otf",
    "docs_file": "./docs/packages/preview-server/src/app/fonts/SFMono/SFMonoMediumItalic.otf_docs.md",
    "type": "binary",
    "size": 90848,
    "status": "success",
    "timestamp": "2025-11-15T20:37:33.256300Z"
  },
  {
    "file": "packages/preview-server/src/app/fonts/SFMono/SFMonoRegular.otf",
    "docs_file": "./docs/packages/preview-server/src/app/fonts/SFMono/SFMonoRegular.otf_docs.md",
    "type": "binary",
    "size": 93944,
    "status": "success",
    "timestamp": "2025-11-15T20:37:33.256931Z"
  },
  {
    "file": "packages/preview-server/src/app/fonts/SFMono/SFMonoRegularItalic.otf",
    "docs_file": "./docs/packages/preview-server/src/app/fonts/SFMono/SFMonoRegularItalic.otf_docs.md",
    "type": "binary",
    "size": 91296,
    "status": "success",
    "timestamp": "2025-11-15T20:37:33.257660Z"
  },
  {
    "file": "packages/preview-server/src/app/fonts/SFMono/SFMonoSemibold.otf",
    "docs_file": "./docs/packages/preview-server/src/app/fonts/SFMono/SFMonoSemibold.otf_docs.md",
    "type": "binary",
    "size": 93852,
    "status": "success",
    "timestamp": "2025-11-15T20:37:33.258471Z"
  },
  {
    "file": "packages/preview-server/src/app/fonts/SFMono/SFMonoSemiboldItalic.otf",
    "docs_file": "./docs/packages/preview-server/src/app/fonts/SFMono/SFMonoSemiboldItalic.otf_docs.md",
    "type": "binary",
    "size": 91788,
    "status": "success",
    "timestamp": "2025-11-15T20:37:33.259180Z"
  },
  {
    "file": "packages/create-email/template/emails/static/notion-logo.png",
    "docs_file": "./docs/packages/create-email/template/emails/static/notion-logo.png_docs.md",
    "type": "binary",
    "size": 1929,
    "status": "success",
    "timestamp": "2025-11-15T20:37:33.260037Z"
  },
  {
    "file": "packages/create-email/template/emails/static/plaid-logo.png",
    "docs_file": "./docs/packages/create-email/template/emails/static/plaid-logo.png_docs.md",
    "type": "binary",
    "size": 3987,
    "status": "success",
    "timestamp": "2025-11-15T20:37:33.260763Z"
  },
  {
    "file": "packages/create-email/template/emails/static/plaid.png",
    "docs_file": "./docs/packages/create-email/template/emails/static/plaid.png_docs.md",
    "type": "binary",
    "size": 3987,
    "status": "success",
    "timestamp": "2025-11-15T20:37:33.261654Z"
  },
  {
    "file": "packages/create-email/template/emails/static/stripe-logo.png",
    "docs_file": "./docs/packages/create-email/template/emails/static/stripe-logo.png_docs.md",
    "type": "binary",
    "size": 1813,
    "status": "success",
    "timestamp": "2025-11-15T20:37:33.262361Z"
  },
  {
    "file": "packages/create-email/template/emails/static/vercel-arrow.png",
    "docs_file": "./docs/packages/create-email/template/emails/static/vercel-arrow.png_docs.md",
    "type": "binary",
    "size": 426,
    "status": "success",
    "timestamp": "2025-11-15T20:37:33.263035Z"
  },
  {
    "file": "packages/create-email/template/emails/static/vercel-logo.png",
    "docs_file": "./docs/packages/create-email/template/emails/static/vercel-logo.png_docs.md",
    "type": "binary",
    "size": 1178,
    "status": "success",
    "timestamp": "2025-11-15T20:37:33.263774Z"
  },
  {
    "file": "packages/create-email/template/emails/static/vercel-team.png",
    "docs_file": "./docs/packages/create-email/template/emails/static/vercel-team.png_docs.md",
    "type": "binary",
    "size": 3122,
    "status": "success",
    "timestamp": "2025-11-15T20:37:33.264612Z"
  },
  {
    "file": "packages/create-email/template/emails/static/vercel-user.png",
    "docs_file": "./docs/packages/create-email/template/emails/static/vercel-user.png_docs.md",
    "type": "binary",
    "size": 55726,
    "status": "success",
    "timestamp": "2025-11-15T20:37:33.265339Z"
  },
  {
    "file": "packages/tailwind/integrations/nextjs/src/app/favicon.ico",
    "docs_file": "./docs/packages/tailwind/integrations/nextjs/src/app/favicon.ico_docs.md",
    "type": "binary",
    "size": 25931,
    "status": "success",
    "timestamp": "2025-11-15T20:37:33.266240Z"
  },
  {
    "file": "packages/tailwind/integrations/vite/public/vite.svg",
    "docs_file": "./docs/packages/tailwind/integrations/vite/public/vite.svg_docs.md",
    "type": "binary",
    "size": 1497,
    "status": "success",
    "timestamp": "2025-11-15T20:37:33.267159Z"
  },
  {
    "file": "apps/docs/favicon.png",
    "docs_file": "./docs/apps/docs/favicon.png_docs.md",
    "type": "binary",
    "size": 2883,
    "status": "success",
    "timestamp": "2025-11-15T20:37:33.267938Z"
  },
  {
    "file": "apps/docs/images/background.png",
    "docs_file": "./docs/apps/docs/images/background.png_docs.md",
    "type": "binary",
    "size": 238020,
    "status": "success",
    "timestamp": "2025-11-15T20:37:33.268507Z"
  },
  {
    "file": "apps/docs/images/bg.png",
    "docs_file": "./docs/apps/docs/images/bg.png_docs.md",
    "type": "binary",
    "size": 1787736,
    "status": "success",
    "timestamp": "2025-11-15T20:37:33.269019Z"
  },
  {
    "file": "apps/docs/images/local-dev.jpg",
    "docs_file": "./docs/apps/docs/images/local-dev.jpg_docs.md",
    "type": "binary",
    "size": 383208,
    "status": "success",
    "timestamp": "2025-11-15T20:37:33.269523Z"
  },
  {
    "file": "apps/docs/images/preview-server-vercel-settings.png",
    "docs_file": "./docs/apps/docs/images/preview-server-vercel-settings.png_docs.md",
    "type": "binary",
    "size": 533004,
    "status": "success",
    "timestamp": "2025-11-15T20:37:33.270053Z"
  },
  {
    "file": "apps/docs/logo/dark.svg",
    "docs_file": "./docs/apps/docs/logo/dark.svg_docs.md",
    "type": "binary",
    "size": 11434,
    "status": "success",
    "timestamp": "2025-11-15T20:37:33.270714Z"
  },
  {
    "file": "apps/docs/logo/light.svg",
    "docs_file": "./docs/apps/docs/logo/light.svg_docs.md",
    "type": "binary",
    "size": 11434,
    "status": "success",
    "timestamp": "2025-11-15T20:37:33.271227Z"
  },
  {
    "file": "apps/web/components/static/atmos-vacuum-canister.jpg",
    "docs_file": "./docs/apps/web/components/static/atmos-vacuum-canister.jpg_docs.md",
    "type": "binary",
    "size": 78764,
    "status": "success",
    "timestamp": "2025-11-15T20:37:33.271749Z"
  },
  {
    "file": "apps/web/components/static/braun-analogue-clock.jpg",
    "docs_file": "./docs/apps/web/components/static/braun-analogue-clock.jpg_docs.md",
    "type": "binary",
    "size": 277573,
    "status": "success",
    "timestamp": "2025-11-15T20:37:33.272285Z"
  },
  {
    "file": "apps/web/components/static/braun-classic-watch.jpg",
    "docs_file": "./docs/apps/web/components/static/braun-classic-watch.jpg_docs.md",
    "type": "binary",
    "size": 392256,
    "status": "success",
    "timestamp": "2025-11-15T20:37:33.273061Z"
  },
  {
    "file": "apps/web/components/static/braun-collection.jpg",
    "docs_file": "./docs/apps/web/components/static/braun-collection.jpg_docs.md",
    "type": "binary",
    "size": 40306,
    "status": "success",
    "timestamp": "2025-11-15T20:37:33.273726Z"
  },
  {
    "file": "apps/web/components/static/braun-vintage.jpg",
    "docs_file": "./docs/apps/web/components/static/braun-vintage.jpg_docs.md",
    "type": "binary",
    "size": 1108698,
    "status": "success",
    "timestamp": "2025-11-15T20:37:33.274338Z"
  },
  {
    "file": "apps/web/components/static/braun-wall-clock.jpg",
    "docs_file": "./docs/apps/web/components/static/braun-wall-clock.jpg_docs.md",
    "type": "binary",
    "size": 44994,
    "status": "success",
    "timestamp": "2025-11-15T20:37:33.274900Z"
  },
  {
    "file": "apps/web/components/static/braun-wireless-alarm.jpg",
    "docs_file": "./docs/apps/web/components/static/braun-wireless-alarm.jpg_docs.md",
    "type": "binary",
    "size": 35558,
    "status": "success",
    "timestamp": "2025-11-15T20:37:33.275370Z"
  },
  {
    "file": "apps/web/components/static/bundle-collection.jpg",
    "docs_file": "./docs/apps/web/components/static/bundle-collection.jpg_docs.md",
    "type": "binary",
    "size": 563326,
    "status": "success",
    "timestamp": "2025-11-15T20:37:33.276058Z"
  },
  {
    "file": "apps/web/components/static/clara-french-press.jpg",
    "docs_file": "./docs/apps/web/components/static/clara-french-press.jpg_docs.md",
    "type": "binary",
    "size": 128277,
    "status": "success",
    "timestamp": "2025-11-15T20:37:33.276643Z"
  },
  {
    "file": "apps/web/components/static/clyde-electric-kettle.jpg",
    "docs_file": "./docs/apps/web/components/static/clyde-electric-kettle.jpg_docs.md",
    "type": "binary",
    "size": 26930,
    "status": "success",
    "timestamp": "2025-11-15T20:37:33.277203Z"
  },
  {
    "file": "apps/web/components/static/coffee-bean-storage.jpg",
    "docs_file": "./docs/apps/web/components/static/coffee-bean-storage.jpg_docs.md",
    "type": "binary",
    "size": 725941,
    "status": "success",
    "timestamp": "2025-11-15T20:37:33.277804Z"
  },
  {
    "file": "apps/web/components/static/cube-icon.png",
    "docs_file": "./docs/apps/web/components/static/cube-icon.png_docs.md",
    "type": "binary",
    "size": 2720,
    "status": "success",
    "timestamp": "2025-11-15T20:37:33.278444Z"
  },
  {
    "file": "apps/web/components/static/download-on-the-app-store.png",
    "docs_file": "./docs/apps/web/components/static/download-on-the-app-store.png_docs.md",
    "type": "binary",
    "size": 3200,
    "status": "success",
    "timestamp": "2025-11-15T20:37:33.278993Z"
  },
  {
    "file": "apps/web/components/static/facebook-logo.png",
    "docs_file": "./docs/apps/web/components/static/facebook-logo.png_docs.md",
    "type": "binary",
    "size": 11319,
    "status": "success",
    "timestamp": "2025-11-15T20:37:33.279667Z"
  },
  {
    "file": "apps/web/components/static/get-it-on-google-play.png",
    "docs_file": "./docs/apps/web/components/static/get-it-on-google-play.png_docs.md",
    "type": "binary",
    "size": 4698,
    "status": "success",
    "timestamp": "2025-11-15T20:37:33.280185Z"
  },
  {
    "file": "apps/web/components/static/grinder-collection.jpg",
    "docs_file": "./docs/apps/web/components/static/grinder-collection.jpg_docs.md",
    "type": "binary",
    "size": 341510,
    "status": "success",
    "timestamp": "2025-11-15T20:37:33.280747Z"
  },
  {
    "file": "apps/web/components/static/heart-icon.png",
    "docs_file": "./docs/apps/web/components/static/heart-icon.png_docs.md",
    "type": "binary",
    "size": 2546,
    "status": "success",
    "timestamp": "2025-11-15T20:37:33.281367Z"
  },
  {
    "file": "apps/web/components/static/herman-miller-chair.jpg",
    "docs_file": "./docs/apps/web/components/static/herman-miller-chair.jpg_docs.md",
    "type": "binary",
    "size": 2024747,
    "status": "success",
    "timestamp": "2025-11-15T20:37:33.282165Z"
  },
  {
    "file": "apps/web/components/static/in-icon.png",
    "docs_file": "./docs/apps/web/components/static/in-icon.png_docs.md",
    "type": "binary",
    "size": 719,
    "status": "success",
    "timestamp": "2025-11-15T20:37:33.282790Z"
  },
  {
    "file": "apps/web/components/static/instagram-logo.png",
    "docs_file": "./docs/apps/web/components/static/instagram-logo.png_docs.md",
    "type": "binary",
    "size": 13368,
    "status": "success",
    "timestamp": "2025-11-15T20:37:33.283327Z"
  },
  {
    "file": "apps/web/components/static/logo-without-background.png",
    "docs_file": "./docs/apps/web/components/static/logo-without-background.png_docs.md",
    "type": "binary",
    "size": 1763,
    "status": "success",
    "timestamp": "2025-11-15T20:37:33.283831Z"
  },
  {
    "file": "apps/web/components/static/megaphone-icon.png",
    "docs_file": "./docs/apps/web/components/static/megaphone-icon.png_docs.md",
    "type": "binary",
    "size": 3271,
    "status": "success",
    "timestamp": "2025-11-15T20:37:33.284499Z"
  },
  {
    "file": "apps/web/components/static/monty-art-cup-1.jpg",
    "docs_file": "./docs/apps/web/components/static/monty-art-cup-1.jpg_docs.md",
    "type": "binary",
    "size": 59288,
    "status": "success",
    "timestamp": "2025-11-15T20:37:33.285163Z"
  },
  {
    "file": "apps/web/components/static/monty-art-cup-2.jpg",
    "docs_file": "./docs/apps/web/components/static/monty-art-cup-2.jpg_docs.md",
    "type": "binary",
    "size": 78084,
    "status": "success",
    "timestamp": "2025-11-15T20:37:33.285760Z"
  },
  {
    "file": "apps/web/components/static/mugs-collection.jpg",
    "docs_file": "./docs/apps/web/components/static/mugs-collection.jpg_docs.md",
    "type": "binary",
    "size": 24030,
    "status": "success",
    "timestamp": "2025-11-15T20:37:33.286371Z"
  },
  {
    "file": "apps/web/components/static/ode-grinder.jpg",
    "docs_file": "./docs/apps/web/components/static/ode-grinder.jpg_docs.md",
    "type": "binary",
    "size": 45536,
    "status": "success",
    "timestamp": "2025-11-15T20:37:33.286994Z"
  },
  {
    "file": "apps/web/components/static/outdoor-living.jpg",
    "docs_file": "./docs/apps/web/components/static/outdoor-living.jpg_docs.md",
    "type": "binary",
    "size": 2651637,
    "status": "success",
    "timestamp": "2025-11-15T20:37:33.287642Z"
  },
  {
    "file": "apps/web/components/static/rocket-icon.png",
    "docs_file": "./docs/apps/web/components/static/rocket-icon.png_docs.md",
    "type": "binary",
    "size": 3648,
    "status": "success",
    "timestamp": "2025-11-15T20:37:33.288253Z"
  },
  {
    "file": "apps/web/components/static/stagg-eletric-kettle.jpg",
    "docs_file": "./docs/apps/web/components/static/stagg-eletric-kettle.jpg_docs.md",
    "type": "binary",
    "size": 65602,
    "status": "success",
    "timestamp": "2025-11-15T20:37:33.288898Z"
  },
  {
    "file": "apps/web/components/static/steve-jobs.jpg",
    "docs_file": "./docs/apps/web/components/static/steve-jobs.jpg_docs.md",
    "type": "binary",
    "size": 1811110,
    "status": "success",
    "timestamp": "2025-11-15T20:37:33.289462Z"
  },
  {
    "file": "apps/web/components/static/steve-wozniak.jpg",
    "docs_file": "./docs/apps/web/components/static/steve-wozniak.jpg_docs.md",
    "type": "binary",
    "size": 1348949,
    "status": "success",
    "timestamp": "2025-11-15T20:37:33.290056Z"
  },
  {
    "file": "apps/web/components/static/vacuum-canister-clear-glass-bundle.jpg",
    "docs_file": "./docs/apps/web/components/static/vacuum-canister-clear-glass-bundle.jpg_docs.md",
    "type": "binary",
    "size": 282519,
    "status": "success",
    "timestamp": "2025-11-15T20:37:33.290558Z"
  },
  {
    "file": "apps/web/components/static/versatile-comfort.jpg",
    "docs_file": "./docs/apps/web/components/static/versatile-comfort.jpg_docs.md",
    "type": "binary",
    "size": 2404997,
    "status": "success",
    "timestamp": "2025-11-15T20:37:33.291048Z"
  },
  {
    "file": "apps/web/components/static/x-icon.png",
    "docs_file": "./docs/apps/web/components/static/x-icon.png_docs.md",
    "type": "binary",
    "size": 1313,
    "status": "success",
    "timestamp": "2025-11-15T20:37:33.291512Z"
  },
  {
    "file": "apps/web/components/static/x-logo.png",
    "docs_file": "./docs/apps/web/components/static/x-logo.png_docs.md",
    "type": "binary",
    "size": 9428,
    "status": "success",
    "timestamp": "2025-11-15T20:37:33.291986Z"
  },
  {
    "file": "apps/web/public/static/atmos-vacuum-canister.jpg",
    "docs_file": "./docs/apps/web/public/static/atmos-vacuum-canister.jpg_docs.md",
    "type": "binary",
    "size": 78764,
    "status": "success",
    "timestamp": "2025-11-15T20:37:33.292409Z"
  },
  {
    "file": "apps/web/public/static/bg.png",
    "docs_file": "./docs/apps/web/public/static/bg.png_docs.md",
    "type": "binary",
    "size": 1787171,
    "status": "success",
    "timestamp": "2025-11-15T20:37:33.292923Z"
  },
  {
    "file": "apps/web/public/static/braun-analogue-clock.jpg",
    "docs_file": "./docs/apps/web/public/static/braun-analogue-clock.jpg_docs.md",
    "type": "binary",
    "size": 277573,
    "status": "success",
    "timestamp": "2025-11-15T20:37:33.293368Z"
  },
  {
    "file": "apps/web/public/static/braun-classic-watch.jpg",
    "docs_file": "./docs/apps/web/public/static/braun-classic-watch.jpg_docs.md",
    "type": "binary",
    "size": 392256,
    "status": "success",
    "timestamp": "2025-11-15T20:37:33.293846Z"
  },
  {
    "file": "apps/web/public/static/braun-collection.jpg",
    "docs_file": "./docs/apps/web/public/static/braun-collection.jpg_docs.md",
    "type": "binary",
    "size": 40306,
    "status": "success",
    "timestamp": "2025-11-15T20:37:33.294269Z"
  },
  {
    "file": "apps/web/public/static/braun-vintage.jpg",
    "docs_file": "./docs/apps/web/public/static/braun-vintage.jpg_docs.md",
    "type": "binary",
    "size": 1108698,
    "status": "success",
    "timestamp": "2025-11-15T20:37:33.294712Z"
  },
  {
    "file": "apps/web/public/static/braun-wall-clock.jpg",
    "docs_file": "./docs/apps/web/public/static/braun-wall-clock.jpg_docs.md",
    "type": "binary",
    "size": 44994,
    "status": "success",
    "timestamp": "2025-11-15T20:37:33.295152Z"
  },
  {
    "file": "apps/web/public/static/braun-wireless-alarm.jpg",
    "docs_file": "./docs/apps/web/public/static/braun-wireless-alarm.jpg_docs.md",
    "type": "binary",
    "size": 35558,
    "status": "success",
    "timestamp": "2025-11-15T20:37:33.295567Z"
  },
  {
    "file": "apps/web/public/static/bundle-collection.jpg",
    "docs_file": "./docs/apps/web/public/static/bundle-collection.jpg_docs.md",
    "type": "binary",
    "size": 563326,
    "status": "success",
    "timestamp": "2025-11-15T20:37:33.296106Z"
  },
  {
    "file": "apps/web/public/static/clara-french-press.jpg",
    "docs_file": "./docs/apps/web/public/static/clara-french-press.jpg_docs.md",
    "type": "binary",
    "size": 128277,
    "status": "success",
    "timestamp": "2025-11-15T20:37:33.296618Z"
  },
  {
    "file": "apps/web/public/static/clyde-electric-kettle.jpg",
    "docs_file": "./docs/apps/web/public/static/clyde-electric-kettle.jpg_docs.md",
    "type": "binary",
    "size": 26930,
    "status": "success",
    "timestamp": "2025-11-15T20:37:33.297069Z"
  },
  {
    "file": "apps/web/public/static/coffee-bean-storage.jpg",
    "docs_file": "./docs/apps/web/public/static/coffee-bean-storage.jpg_docs.md",
    "type": "binary",
    "size": 725941,
    "status": "success",
    "timestamp": "2025-11-15T20:37:33.297559Z"
  },
  {
    "file": "apps/web/public/static/cube-icon.png",
    "docs_file": "./docs/apps/web/public/static/cube-icon.png_docs.md",
    "type": "binary",
    "size": 2720,
    "status": "success",
    "timestamp": "2025-11-15T20:37:33.298172Z"
  },
  {
    "file": "apps/web/public/static/demo-example.png",
    "docs_file": "./docs/apps/web/public/static/demo-example.png_docs.md",
    "type": "binary",
    "size": 85157,
    "status": "success",
    "timestamp": "2025-11-15T20:37:33.298638Z"
  },
  {
    "file": "apps/web/public/static/download-on-the-app-store.png",
    "docs_file": "./docs/apps/web/public/static/download-on-the-app-store.png_docs.md",
    "type": "binary",
    "size": 3200,
    "status": "success",
    "timestamp": "2025-11-15T20:37:33.299068Z"
  },
  {
    "file": "apps/web/public/static/facebook-logo.png",
    "docs_file": "./docs/apps/web/public/static/facebook-logo.png_docs.md",
    "type": "binary",
    "size": 11319,
    "status": "success",
    "timestamp": "2025-11-15T20:37:33.299480Z"
  },
  {
    "file": "apps/web/public/static/get-it-on-google-play.png",
    "docs_file": "./docs/apps/web/public/static/get-it-on-google-play.png_docs.md",
    "type": "binary",
    "size": 4698,
    "status": "success",
    "timestamp": "2025-11-15T20:37:33.299930Z"
  },
  {
    "file": "apps/web/public/static/gmail.svg",
    "docs_file": "./docs/apps/web/public/static/gmail.svg_docs.md",
    "type": "binary",
    "size": 771,
    "status": "success",
    "timestamp": "2025-11-15T20:37:33.300349Z"
  },
  {
    "file": "apps/web/public/static/grinder-collection.jpg",
    "docs_file": "./docs/apps/web/public/static/grinder-collection.jpg_docs.md",
    "type": "binary",
    "size": 341510,
    "status": "success",
    "timestamp": "2025-11-15T20:37:33.300808Z"
  },
  {
    "file": "apps/web/public/static/heart-icon.png",
    "docs_file": "./docs/apps/web/public/static/heart-icon.png_docs.md",
    "type": "binary",
    "size": 2546,
    "status": "success",
    "timestamp": "2025-11-15T20:37:33.301237Z"
  },
  {
    "file": "apps/web/public/static/herman-miller-chair.jpg",
    "docs_file": "./docs/apps/web/public/static/herman-miller-chair.jpg_docs.md",
    "type": "binary",
    "size": 2024747,
    "status": "success",
    "timestamp": "2025-11-15T20:37:33.301708Z"
  },
  {
    "file": "apps/web/public/static/in-icon.png",
    "docs_file": "./docs/apps/web/public/static/in-icon.png_docs.md",
    "type": "binary",
    "size": 719,
    "status": "success",
    "timestamp": "2025-11-15T20:37:33.302185Z"
  },
  {
    "file": "apps/web/public/static/instagram-logo.png",
    "docs_file": "./docs/apps/web/public/static/instagram-logo.png_docs.md",
    "type": "binary",
    "size": 13368,
    "status": "success",
    "timestamp": "2025-11-15T20:37:33.302628Z"
  },
  {
    "file": "apps/web/public/static/lee-robinson.jpg",
    "docs_file": "./docs/apps/web/public/static/lee-robinson.jpg_docs.md",
    "type": "binary",
    "size": 13965,
    "status": "success",
    "timestamp": "2025-11-15T20:37:33.303074Z"
  },
  {
    "file": "apps/web/public/static/logo-without-background.png",
    "docs_file": "./docs/apps/web/public/static/logo-without-background.png_docs.md",
    "type": "binary",
    "size": 1763,
    "status": "success",
    "timestamp": "2025-11-15T20:37:33.303665Z"
  },
  {
    "file": "apps/web/public/static/megaphone-icon.png",
    "docs_file": "./docs/apps/web/public/static/megaphone-icon.png_docs.md",
    "type": "binary",
    "size": 3271,
    "status": "success",
    "timestamp": "2025-11-15T20:37:33.304304Z"
  },
  {
    "file": "apps/web/public/static/monty-art-cup-1.jpg",
    "docs_file": "./docs/apps/web/public/static/monty-art-cup-1.jpg_docs.md",
    "type": "binary",
    "size": 59288,
    "status": "success",
    "timestamp": "2025-11-15T20:37:33.304925Z"
  },
  {
    "file": "apps/web/public/static/monty-art-cup-2.jpg",
    "docs_file": "./docs/apps/web/public/static/monty-art-cup-2.jpg_docs.md",
    "type": "binary",
    "size": 78084,
    "status": "success",
    "timestamp": "2025-11-15T20:37:33.305563Z"
  },
  {
    "file": "apps/web/public/static/mugs-collection.jpg",
    "docs_file": "./docs/apps/web/public/static/mugs-collection.jpg_docs.md",
    "type": "binary",
    "size": 24030,
    "status": "success",
    "timestamp": "2025-11-15T20:37:33.306409Z"
  },
  {
    "file": "apps/web/public/static/ode-grinder.jpg",
    "docs_file": "./docs/apps/web/public/static/ode-grinder.jpg_docs.md",
    "type": "binary",
    "size": 45536,
    "status": "success",
    "timestamp": "2025-11-15T20:37:33.307046Z"
  },
  {
    "file": "apps/web/public/static/outdoor-living.jpg",
    "docs_file": "./docs/apps/web/public/static/outdoor-living.jpg_docs.md",
    "type": "binary",
    "size": 2651637,
    "status": "success",
    "timestamp": "2025-11-15T20:37:33.307672Z"
  },
  {
    "file": "apps/web/public/static/resend-wallpaper.jpg",
    "docs_file": "./docs/apps/web/public/static/resend-wallpaper.jpg_docs.md",
    "type": "binary",
    "size": 9795208,
    "status": "success",
    "timestamp": "2025-11-15T20:37:33.308282Z"
  },
  {
    "file": "apps/web/public/static/rocket-icon.png",
    "docs_file": "./docs/apps/web/public/static/rocket-icon.png_docs.md",
    "type": "binary",
    "size": 3648,
    "status": "success",
    "timestamp": "2025-11-15T20:37:33.308863Z"
  },
  {
    "file": "apps/web/public/static/stagg-eletric-kettle.jpg",
    "docs_file": "./docs/apps/web/public/static/stagg-eletric-kettle.jpg_docs.md",
    "type": "binary",
    "size": 65602,
    "status": "success",
    "timestamp": "2025-11-15T20:37:33.309500Z"
  },
  {
    "file": "apps/web/public/static/steve-jobs.jpg",
    "docs_file": "./docs/apps/web/public/static/steve-jobs.jpg_docs.md",
    "type": "binary",
    "size": 1811110,
    "status": "success",
    "timestamp": "2025-11-15T20:37:33.309969Z"
  },
  {
    "file": "apps/web/public/static/steve-wozniak.jpg",
    "docs_file": "./docs/apps/web/public/static/steve-wozniak.jpg_docs.md",
    "type": "binary",
    "size": 1348949,
    "status": "success",
    "timestamp": "2025-11-15T20:37:33.310430Z"
  },
  {
    "file": "apps/web/public/static/vacuum-canister-clear-glass-bundle.jpg",
    "docs_file": "./docs/apps/web/public/static/vacuum-canister-clear-glass-bundle.jpg_docs.md",
    "type": "binary",
    "size": 282519,
    "status": "success",
    "timestamp": "2025-11-15T20:37:33.310895Z"
  },
  {
    "file": "apps/web/public/static/versatile-comfort.jpg",
    "docs_file": "./docs/apps/web/public/static/versatile-comfort.jpg_docs.md",
    "type": "binary",
    "size": 2404997,
    "status": "success",
    "timestamp": "2025-11-15T20:37:33.311318Z"
  },
  {
    "file": "apps/web/public/static/x-icon.png",
    "docs_file": "./docs/apps/web/public/static/x-icon.png_docs.md",
    "type": "binary",
    "size": 1313,
    "status": "success",
    "timestamp": "2025-11-15T20:37:33.311773Z"
  },
  {
    "file": "apps/web/public/static/x-logo.png",
    "docs_file": "./docs/apps/web/public/static/x-logo.png_docs.md",
    "type": "binary",
    "size": 9428,
    "status": "success",
    "timestamp": "2025-11-15T20:37:33.312298Z"
  },
  {
    "file": "apps/web/public/static/icons/apple-mail.svg",
    "docs_file": "./docs/apps/web/public/static/icons/apple-mail.svg_docs.md",
    "type": "binary",
    "size": 1990,
    "status": "success",
    "timestamp": "2025-11-15T20:37:33.312823Z"
  },
  {
    "file": "apps/web/public/static/icons/gmail.svg",
    "docs_file": "./docs/apps/web/public/static/icons/gmail.svg_docs.md",
    "type": "binary",
    "size": 940,
    "status": "success",
    "timestamp": "2025-11-15T20:37:33.313341Z"
  },
  {
    "file": "apps/web/public/static/icons/hey.svg",
    "docs_file": "./docs/apps/web/public/static/icons/hey.svg_docs.md",
    "type": "binary",
    "size": 155345,
    "status": "success",
    "timestamp": "2025-11-15T20:37:33.313883Z"
  },
  {
    "file": "apps/web/public/static/icons/outlook.svg",
    "docs_file": "./docs/apps/web/public/static/icons/outlook.svg_docs.md",
    "type": "binary",
    "size": 2179,
    "status": "success",
    "timestamp": "2025-11-15T20:37:33.314365Z"
  },
  {
    "file": "apps/web/public/static/icons/superhuman.svg",
    "docs_file": "./docs/apps/web/public/static/icons/superhuman.svg_docs.md",
    "type": "binary",
    "size": 164259,
    "status": "success",
    "timestamp": "2025-11-15T20:37:33.314867Z"
  },
  {
    "file": "apps/web/public/static/icons/yahoo-mail.svg",
    "docs_file": "./docs/apps/web/public/static/icons/yahoo-mail.svg_docs.md",
    "type": "binary",
    "size": 753,
    "status": "success",
    "timestamp": "2025-11-15T20:37:33.315338Z"
  },
  {
    "file": "apps/web/public/static/covers/button.png",
    "docs_file": "./docs/apps/web/public/static/covers/button.png_docs.md",
    "type": "binary",
    "size": 877127,
    "status": "success",
    "timestamp": "2025-11-15T20:37:33.315812Z"
  },
  {
    "file": "apps/web/public/static/covers/code-block.png",
    "docs_file": "./docs/apps/web/public/static/covers/code-block.png_docs.md",
    "type": "binary",
    "size": 898078,
    "status": "success",
    "timestamp": "2025-11-15T20:37:33.316307Z"
  },
  {
    "file": "apps/web/public/static/covers/code-inline.png",
    "docs_file": "./docs/apps/web/public/static/covers/code-inline.png_docs.md",
    "type": "binary",
    "size": 896613,
    "status": "success",
    "timestamp": "2025-11-15T20:37:33.316821Z"
  },
  {
    "file": "apps/web/public/static/covers/column.png",
    "docs_file": "./docs/apps/web/public/static/covers/column.png_docs.md",
    "type": "binary",
    "size": 888624,
    "status": "success",
    "timestamp": "2025-11-15T20:37:33.317325Z"
  },
  {
    "file": "apps/web/public/static/covers/components.png",
    "docs_file": "./docs/apps/web/public/static/covers/components.png_docs.md",
    "type": "binary",
    "size": 826538,
    "status": "success",
    "timestamp": "2025-11-15T20:37:33.317817Z"
  },
  {
    "file": "apps/web/public/static/covers/container.png",
    "docs_file": "./docs/apps/web/public/static/covers/container.png_docs.md",
    "type": "binary",
    "size": 880208,
    "status": "success",
    "timestamp": "2025-11-15T20:37:33.318441Z"
  },
  {
    "file": "apps/web/public/static/covers/create-email.png",
    "docs_file": "./docs/apps/web/public/static/covers/create-email.png_docs.md",
    "type": "binary",
    "size": 809820,
    "status": "success",
    "timestamp": "2025-11-15T20:37:33.318982Z"
  },
  {
    "file": "apps/web/public/static/covers/font.png",
    "docs_file": "./docs/apps/web/public/static/covers/font.png_docs.md",
    "type": "binary",
    "size": 875734,
    "status": "success",
    "timestamp": "2025-11-15T20:37:33.319470Z"
  },
  {
    "file": "apps/web/public/static/covers/head.png",
    "docs_file": "./docs/apps/web/public/static/covers/head.png_docs.md",
    "type": "binary",
    "size": 872393,
    "status": "success",
    "timestamp": "2025-11-15T20:37:33.320007Z"
  },
  {
    "file": "apps/web/public/static/covers/heading.png",
    "docs_file": "./docs/apps/web/public/static/covers/heading.png_docs.md",
    "type": "binary",
    "size": 861658,
    "status": "success",
    "timestamp": "2025-11-15T20:37:33.320504Z"
  },
  {
    "file": "apps/web/public/static/covers/hr.png",
    "docs_file": "./docs/apps/web/public/static/covers/hr.png_docs.md",
    "type": "binary",
    "size": 869086,
    "status": "success",
    "timestamp": "2025-11-15T20:37:33.320981Z"
  },
  {
    "file": "apps/web/public/static/covers/html.png",
    "docs_file": "./docs/apps/web/public/static/covers/html.png_docs.md",
    "type": "binary",
    "size": 866959,
    "status": "success",
    "timestamp": "2025-11-15T20:37:33.321484Z"
  },
  {
    "file": "apps/web/public/static/covers/img.png",
    "docs_file": "./docs/apps/web/public/static/covers/img.png_docs.md",
    "type": "binary",
    "size": 873305,
    "status": "success",
    "timestamp": "2025-11-15T20:37:33.321975Z"
  },
  {
    "file": "apps/web/public/static/covers/link.png",
    "docs_file": "./docs/apps/web/public/static/covers/link.png_docs.md",
    "type": "binary",
    "size": 876016,
    "status": "success",
    "timestamp": "2025-11-15T20:37:33.322492Z"
  },
  {
    "file": "apps/web/public/static/covers/markdown.png",
    "docs_file": "./docs/apps/web/public/static/covers/markdown.png_docs.md",
    "type": "binary",
    "size": 891034,
    "status": "success",
    "timestamp": "2025-11-15T20:37:33.322994Z"
  },
  {
    "file": "apps/web/public/static/covers/patterns.png",
    "docs_file": "./docs/apps/web/public/static/covers/patterns.png_docs.md",
    "type": "binary",
    "size": 954922,
    "status": "success",
    "timestamp": "2025-11-15T20:37:33.323493Z"
  },
  {
    "file": "apps/web/public/static/covers/preview.png",
    "docs_file": "./docs/apps/web/public/static/covers/preview.png_docs.md",
    "type": "binary",
    "size": 878194,
    "status": "success",
    "timestamp": "2025-11-15T20:37:33.324040Z"
  },
  {
    "file": "apps/web/public/static/covers/react-email.png",
    "docs_file": "./docs/apps/web/public/static/covers/react-email.png_docs.md",
    "type": "binary",
    "size": 848933,
    "status": "success",
    "timestamp": "2025-11-15T20:37:33.324663Z"
  },
  {
    "file": "apps/web/public/static/covers/render.png",
    "docs_file": "./docs/apps/web/public/static/covers/render.png_docs.md",
    "type": "binary",
    "size": 811742,
    "status": "success",
    "timestamp": "2025-11-15T20:37:33.325181Z"
  },
  {
    "file": "apps/web/public/static/covers/row.png",
    "docs_file": "./docs/apps/web/public/static/covers/row.png_docs.md",
    "type": "binary",
    "size": 883462,
    "status": "success",
    "timestamp": "2025-11-15T20:37:33.325712Z"
  },
  {
    "file": "apps/web/public/static/covers/section.png",
    "docs_file": "./docs/apps/web/public/static/covers/section.png_docs.md",
    "type": "binary",
    "size": 876778,
    "status": "success",
    "timestamp": "2025-11-15T20:37:33.326216Z"
  },
  {
    "file": "apps/web/public/static/covers/tailwind.png",
    "docs_file": "./docs/apps/web/public/static/covers/tailwind.png_docs.md",
    "type": "binary",
    "size": 868203,
    "status": "success",
    "timestamp": "2025-11-15T20:37:33.326762Z"
  },
  {
    "file": "apps/web/public/static/covers/text.png",
    "docs_file": "./docs/apps/web/public/static/covers/text.png_docs.md",
    "type": "binary",
    "size": 866826,
    "status": "success",
    "timestamp": "2025-11-15T20:37:33.327320Z"
  },
  {
    "file": "apps/web/public/static/components/0.jpeg",
    "docs_file": "./docs/apps/web/public/static/components/0.jpeg_docs.md",
    "type": "binary",
    "size": 73316,
    "status": "success",
    "timestamp": "2025-11-15T20:37:33.327921Z"
  },
  {
    "file": "apps/web/public/static/components/1.jpeg",
    "docs_file": "./docs/apps/web/public/static/components/1.jpeg_docs.md",
    "type": "binary",
    "size": 56969,
    "status": "success",
    "timestamp": "2025-11-15T20:37:33.328482Z"
  },
  {
    "file": "apps/web/public/static/components/2.jpeg",
    "docs_file": "./docs/apps/web/public/static/components/2.jpeg_docs.md",
    "type": "binary",
    "size": 56777,
    "status": "success",
    "timestamp": "2025-11-15T20:37:33.329011Z"
  },
  {
    "file": "apps/web/public/static/components/3.jpeg",
    "docs_file": "./docs/apps/web/public/static/components/3.jpeg_docs.md",
    "type": "binary",
    "size": 58659,
    "status": "success",
    "timestamp": "2025-11-15T20:37:33.329537Z"
  },
  {
    "file": "apps/web/public/static/components/4.jpeg",
    "docs_file": "./docs/apps/web/public/static/components/4.jpeg_docs.md",
    "type": "binary",
    "size": 56819,
    "status": "success",
    "timestamp": "2025-11-15T20:37:33.330135Z"
  },
  {
    "file": "apps/web/public/brand/example-logo.png",
    "docs_file": "./docs/apps/web/public/brand/example-logo.png_docs.md",
    "type": "binary",
    "size": 10976,
    "status": "success",
    "timestamp": "2025-11-15T20:37:33.330696Z"
  },
  {
    "file": "apps/web/public/brand/logo-without-background.png",
    "docs_file": "./docs/apps/web/public/brand/logo-without-background.png_docs.md",
    "type": "binary",
    "size": 520,
    "status": "success",
    "timestamp": "2025-11-15T20:37:33.331348Z"
  },
  {
    "file": "apps/web/public/brand/logo.png",
    "docs_file": "./docs/apps/web/public/brand/logo.png_docs.md",
    "type": "binary",
    "size": 116494,
    "status": "success",
    "timestamp": "2025-11-15T20:37:33.331868Z"
  },
  {
    "file": "apps/web/public/brand/resend.png",
    "docs_file": "./docs/apps/web/public/brand/resend.png_docs.md",
    "type": "binary",
    "size": 26221,
    "status": "success",
    "timestamp": "2025-11-15T20:37:33.332352Z"
  },
  {
    "file": "apps/web/public/meta/apple-touch-icon.png",
    "docs_file": "./docs/apps/web/public/meta/apple-touch-icon.png_docs.md",
    "type": "binary",
    "size": 3649,
    "status": "success",
    "timestamp": "2025-11-15T20:37:33.332814Z"
  },
  {
    "file": "apps/web/public/meta/cover.png",
    "docs_file": "./docs/apps/web/public/meta/cover.png_docs.md",
    "type": "binary",
    "size": 609261,
    "status": "success",
    "timestamp": "2025-11-15T20:37:33.333324Z"
  },
  {
    "file": "apps/web/public/meta/favicon.ico",
    "docs_file": "./docs/apps/web/public/meta/favicon.ico_docs.md",
    "type": "binary",
    "size": 4286,
    "status": "success",
    "timestamp": "2025-11-15T20:37:33.333834Z"
  },
  {
    "file": "apps/web/public/meta/favicon.svg",
    "docs_file": "./docs/apps/web/public/meta/favicon.svg_docs.md",
    "type": "binary",
    "size": 2771,
    "status": "success",
    "timestamp": "2025-11-15T20:37:33.334293Z"
  },
  {
    "file": "apps/web/public/examples/airbnb-review.png",
    "docs_file": "./docs/apps/web/public/examples/airbnb-review.png_docs.md",
    "type": "binary",
    "size": 103004,
    "status": "success",
    "timestamp": "2025-11-15T20:37:33.334782Z"
  },
  {
    "file": "apps/web/public/examples/apple-receipt.png",
    "docs_file": "./docs/apps/web/public/examples/apple-receipt.png_docs.md",
    "type": "binary",
    "size": 56605,
    "status": "success",
    "timestamp": "2025-11-15T20:37:33.335285Z"
  },
  {
    "file": "apps/web/public/examples/aws-verify-email.png",
    "docs_file": "./docs/apps/web/public/examples/aws-verify-email.png_docs.md",
    "type": "binary",
    "size": 123670,
    "status": "success",
    "timestamp": "2025-11-15T20:37:33.335859Z"
  },
  {
    "file": "apps/web/public/examples/demo.png",
    "docs_file": "./docs/apps/web/public/examples/demo.png_docs.md",
    "type": "binary",
    "size": 292854,
    "status": "success",
    "timestamp": "2025-11-15T20:37:33.336318Z"
  },
  {
    "file": "apps/web/public/examples/dropbox-reset-password.png",
    "docs_file": "./docs/apps/web/public/examples/dropbox-reset-password.png_docs.md",
    "type": "binary",
    "size": 68884,
    "status": "success",
    "timestamp": "2025-11-15T20:37:33.336789Z"
  },
  {
    "file": "apps/web/public/examples/github-access-token.png",
    "docs_file": "./docs/apps/web/public/examples/github-access-token.png_docs.md",
    "type": "binary",
    "size": 84519,
    "status": "success",
    "timestamp": "2025-11-15T20:37:33.337234Z"
  },
  {
    "file": "apps/web/public/examples/google-play-policy-update.png",
    "docs_file": "./docs/apps/web/public/examples/google-play-policy-update.png_docs.md",
    "type": "binary",
    "size": 101953,
    "status": "success",
    "timestamp": "2025-11-15T20:37:33.337808Z"
  },
  {
    "file": "apps/web/public/examples/koala-welcome.png",
    "docs_file": "./docs/apps/web/public/examples/koala-welcome.png_docs.md",
    "type": "binary",
    "size": 53042,
    "status": "success",
    "timestamp": "2025-11-15T20:37:33.338257Z"
  },
  {
    "file": "apps/web/public/examples/linear-login-code.png",
    "docs_file": "./docs/apps/web/public/examples/linear-login-code.png_docs.md",
    "type": "binary",
    "size": 70964,
    "status": "success",
    "timestamp": "2025-11-15T20:37:33.338736Z"
  },
  {
    "file": "apps/web/public/examples/nike-receipt.png",
    "docs_file": "./docs/apps/web/public/examples/nike-receipt.png_docs.md",
    "type": "binary",
    "size": 71347,
    "status": "success",
    "timestamp": "2025-11-15T20:37:33.339162Z"
  },
  {
    "file": "apps/web/public/examples/notion-magic-link.png",
    "docs_file": "./docs/apps/web/public/examples/notion-magic-link.png_docs.md",
    "type": "binary",
    "size": 105984,
    "status": "success",
    "timestamp": "2025-11-15T20:37:33.339607Z"
  },
  {
    "file": "apps/web/public/examples/plaid-verify-identity.png",
    "docs_file": "./docs/apps/web/public/examples/plaid-verify-identity.png_docs.md",
    "type": "binary",
    "size": 124936,
    "status": "success",
    "timestamp": "2025-11-15T20:37:33.340035Z"
  },
  {
    "file": "apps/web/public/examples/raycast-magic-link.png",
    "docs_file": "./docs/apps/web/public/examples/raycast-magic-link.png_docs.md",
    "type": "binary",
    "size": 93897,
    "status": "success",
    "timestamp": "2025-11-15T20:37:33.340492Z"
  },
  {
    "file": "apps/web/public/examples/slack-confirm.png",
    "docs_file": "./docs/apps/web/public/examples/slack-confirm.png_docs.md",
    "type": "binary",
    "size": 65886,
    "status": "success",
    "timestamp": "2025-11-15T20:37:33.340920Z"
  },
  {
    "file": "apps/web/public/examples/stack-overflow-tips.png",
    "docs_file": "./docs/apps/web/public/examples/stack-overflow-tips.png_docs.md",
    "type": "binary",
    "size": 48277,
    "status": "success",
    "timestamp": "2025-11-15T20:37:33.341345Z"
  },
  {
    "file": "apps/web/public/examples/stripe-welcome.png",
    "docs_file": "./docs/apps/web/public/examples/stripe-welcome.png_docs.md",
    "type": "binary",
    "size": 124455,
    "status": "success",
    "timestamp": "2025-11-15T20:37:33.341790Z"
  },
  {
    "file": "apps/web/public/examples/twitch-reset-password.png",
    "docs_file": "./docs/apps/web/public/examples/twitch-reset-password.png_docs.md",
    "type": "binary",
    "size": 47718,
    "status": "success",
    "timestamp": "2025-11-15T20:37:33.342226Z"
  },
  {
    "file": "apps/web/public/examples/vercel-invite-user.png",
    "docs_file": "./docs/apps/web/public/examples/vercel-invite-user.png_docs.md",
    "type": "binary",
    "size": 113334,
    "status": "success",
    "timestamp": "2025-11-15T20:37:33.342665Z"
  },
  {
    "file": "apps/web/public/examples/yelp-recent-login.png",
    "docs_file": "./docs/apps/web/public/examples/yelp-recent-login.png_docs.md",
    "type": "binary",
    "size": 39228,
    "status": "success",
    "timestamp": "2025-11-15T20:37:33.343119Z"
  },
  {
    "file": "apps/web/public/examples/authors/EmersonGarrido.png",
    "docs_file": "./docs/apps/web/public/examples/authors/EmersonGarrido.png_docs.md",
    "type": "binary",
    "size": 12851,
    "status": "success",
    "timestamp": "2025-11-15T20:37:33.343628Z"
  },
  {
    "file": "apps/web/public/examples/authors/Rychillie.png",
    "docs_file": "./docs/apps/web/public/examples/authors/Rychillie.png_docs.md",
    "type": "binary",
    "size": 660205,
    "status": "success",
    "timestamp": "2025-11-15T20:37:33.344167Z"
  },
  {
    "file": "apps/web/public/examples/authors/abhinandanwadwa.png",
    "docs_file": "./docs/apps/web/public/examples/authors/abhinandanwadwa.png_docs.md",
    "type": "binary",
    "size": 34271,
    "status": "success",
    "timestamp": "2025-11-15T20:37:33.344663Z"
  },
  {
    "file": "apps/web/public/examples/authors/bruno88cabral.png",
    "docs_file": "./docs/apps/web/public/examples/authors/bruno88cabral.png_docs.md",
    "type": "binary",
    "size": 58920,
    "status": "success",
    "timestamp": "2025-11-15T20:37:33.345204Z"
  },
  {
    "file": "apps/web/public/examples/authors/bukinoshita.png",
    "docs_file": "./docs/apps/web/public/examples/authors/bukinoshita.png_docs.md",
    "type": "binary",
    "size": 208024,
    "status": "success",
    "timestamp": "2025-11-15T20:37:33.345869Z"
  },
  {
    "file": "apps/web/public/examples/authors/c0dr.png",
    "docs_file": "./docs/apps/web/public/examples/authors/c0dr.png_docs.md",
    "type": "binary",
    "size": 36072,
    "status": "success",
    "timestamp": "2025-11-15T20:37:33.346419Z"
  },
  {
    "file": "apps/web/public/examples/authors/camillegachido.png",
    "docs_file": "./docs/apps/web/public/examples/authors/camillegachido.png_docs.md",
    "type": "binary",
    "size": 17979,
    "status": "success",
    "timestamp": "2025-11-15T20:37:33.346973Z"
  },
  {
    "file": "apps/web/public/examples/authors/joaom00.png",
    "docs_file": "./docs/apps/web/public/examples/authors/joaom00.png_docs.md",
    "type": "binary",
    "size": 7610,
    "status": "success",
    "timestamp": "2025-11-15T20:37:33.347489Z"
  },
  {
    "file": "apps/web/public/examples/authors/nettofarah.png",
    "docs_file": "./docs/apps/web/public/examples/authors/nettofarah.png_docs.md",
    "type": "binary",
    "size": 23187,
    "status": "success",
    "timestamp": "2025-11-15T20:37:33.348049Z"
  },
  {
    "file": "apps/web/public/examples/authors/relferreira.png",
    "docs_file": "./docs/apps/web/public/examples/authors/relferreira.png_docs.md",
    "type": "binary",
    "size": 36314,
    "status": "success",
    "timestamp": "2025-11-15T20:37:33.348533Z"
  },
  {
    "file": "apps/web/public/examples/authors/ribeiroevandro.png",
    "docs_file": "./docs/apps/web/public/examples/authors/ribeiroevandro.png_docs.md",
    "type": "binary",
    "size": 18290,
    "status": "success",
    "timestamp": "2025-11-15T20:37:33.349061Z"
  },
  {
    "file": "apps/web/public/examples/authors/thecodeinfluencer.png",
    "docs_file": "./docs/apps/web/public/examples/authors/thecodeinfluencer.png_docs.md",
    "type": "binary",
    "size": 18910,
    "status": "success",
    "timestamp": "2025-11-15T20:37:33.349568Z"
  },
  {
    "file": "apps/web/public/examples/authors/zenorocha.png",
    "docs_file": "./docs/apps/web/public/examples/authors/zenorocha.png_docs.md",
    "type": "binary",
    "size": 21209,
    "status": "success",
    "timestamp": "2025-11-15T20:37:33.350103Z"
  },
  {
    "file": "apps/web/public/fonts/inter/inter.ttf",
    "docs_file": "./docs/apps/web/public/fonts/inter/inter.ttf_docs.md",
    "type": "binary",
    "size": 804612,
    "status": "success",
    "timestamp": "2025-11-15T20:37:33.350874Z"
  },
  {
    "file": "apps/web/public/fonts/shantell-sans/shantell-sans-italic.ttf",
    "docs_file": "./docs/apps/web/public/fonts/shantell-sans/shantell-sans-italic.ttf_docs.md",
    "type": "binary",
    "size": 1519640,
    "status": "success",
    "timestamp": "2025-11-15T20:37:33.351433Z"
  },
  {
    "file": "apps/web/public/fonts/shantell-sans/shantell-sans-regular.ttf",
    "docs_file": "./docs/apps/web/public/fonts/shantell-sans/shantell-sans-regular.ttf_docs.md",
    "type": "binary",
    "size": 1247376,
    "status": "success",
    "timestamp": "2025-11-15T20:37:33.352017Z"
  },
  {
    "file": "apps/web/public/fonts/commit-mono/commit-mono-italic.ttf",
    "docs_file": "./docs/apps/web/public/fonts/commit-mono/commit-mono-italic.ttf_docs.md",
    "type": "binary",
    "size": 257668,
    "status": "success",
    "timestamp": "2025-11-15T20:37:33.352577Z"
  },
  {
    "file": "apps/web/public/fonts/commit-mono/commit-mono-regular.ttf",
    "docs_file": "./docs/apps/web/public/fonts/commit-mono/commit-mono-regular.ttf_docs.md",
    "type": "binary",
    "size": 249204,
    "status": "success",
    "timestamp": "2025-11-15T20:37:33.353149Z"
  },
  {
    "file": "apps/demo/emails/static/airbnb-logo.png",
    "docs_file": "./docs/apps/demo/emails/static/airbnb-logo.png_docs.md",
    "type": "binary",
    "size": 6096,
    "status": "success",
    "timestamp": "2025-11-15T20:37:33.353614Z"
  },
  {
    "file": "apps/demo/emails/static/airbnb-review-user.jpg",
    "docs_file": "./docs/apps/demo/emails/static/airbnb-review-user.jpg_docs.md",
    "type": "binary",
    "size": 6856,
    "status": "success",
    "timestamp": "2025-11-15T20:37:33.354127Z"
  },
  {
    "file": "apps/demo/emails/static/amazon-book.jpg",
    "docs_file": "./docs/apps/demo/emails/static/amazon-book.jpg_docs.md",
    "type": "binary",
    "size": 29952,
    "status": "success",
    "timestamp": "2025-11-15T20:37:33.354573Z"
  },
  {
    "file": "apps/demo/emails/static/amazon-facebook.jpg",
    "docs_file": "./docs/apps/demo/emails/static/amazon-facebook.jpg_docs.md",
    "type": "binary",
    "size": 2656,
    "status": "success",
    "timestamp": "2025-11-15T20:37:33.355000Z"
  },
  {
    "file": "apps/demo/emails/static/amazon-instagram.jpg",
    "docs_file": "./docs/apps/demo/emails/static/amazon-instagram.jpg_docs.md",
    "type": "binary",
    "size": 4729,
    "status": "success",
    "timestamp": "2025-11-15T20:37:33.355413Z"
  },
  {
    "file": "apps/demo/emails/static/amazon-logo.png",
    "docs_file": "./docs/apps/demo/emails/static/amazon-logo.png_docs.md",
    "type": "binary",
    "size": 14523,
    "status": "success",
    "timestamp": "2025-11-15T20:37:33.355796Z"
  },
  {
    "file": "apps/demo/emails/static/amazon-prime-logo.png",
    "docs_file": "./docs/apps/demo/emails/static/amazon-prime-logo.png_docs.md",
    "type": "binary",
    "size": 7011,
    "status": "success",
    "timestamp": "2025-11-15T20:37:33.356188Z"
  },
  {
    "file": "apps/demo/emails/static/amazon-rating.gif",
    "docs_file": "./docs/apps/demo/emails/static/amazon-rating.gif_docs.md",
    "type": "binary",
    "size": 510,
    "status": "success",
    "timestamp": "2025-11-15T20:37:33.356581Z"
  },
  {
    "file": "apps/demo/emails/static/amazon-twitter.jpg",
    "docs_file": "./docs/apps/demo/emails/static/amazon-twitter.jpg_docs.md",
    "type": "binary",
    "size": 2945,
    "status": "success",
    "timestamp": "2025-11-15T20:37:33.356969Z"
  },
  {
    "file": "apps/demo/emails/static/apple-card-icon.png",
    "docs_file": "./docs/apps/demo/emails/static/apple-card-icon.png_docs.md",
    "type": "binary",
    "size": 2733,
    "status": "success",
    "timestamp": "2025-11-15T20:37:33.357398Z"
  },
  {
    "file": "apps/demo/emails/static/apple-hbo-max-icon.jpeg",
    "docs_file": "./docs/apps/demo/emails/static/apple-hbo-max-icon.jpeg_docs.md",
    "type": "binary",
    "size": 6316,
    "status": "success",
    "timestamp": "2025-11-15T20:37:33.357816Z"
  },
  {
    "file": "apps/demo/emails/static/apple-logo.png",
    "docs_file": "./docs/apps/demo/emails/static/apple-logo.png_docs.md",
    "type": "binary",
    "size": 658,
    "status": "success",
    "timestamp": "2025-11-15T20:37:33.358222Z"
  },
  {
    "file": "apps/demo/emails/static/apple-wallet.png",
    "docs_file": "./docs/apps/demo/emails/static/apple-wallet.png_docs.md",
    "type": "binary",
    "size": 6442,
    "status": "success",
    "timestamp": "2025-11-15T20:37:33.358752Z"
  },
  {
    "file": "apps/demo/emails/static/aws-logo.png",
    "docs_file": "./docs/apps/demo/emails/static/aws-logo.png_docs.md",
    "type": "binary",
    "size": 89379,
    "status": "success",
    "timestamp": "2025-11-15T20:37:33.359343Z"
  },
  {
    "file": "apps/demo/emails/static/codepen-challengers.png",
    "docs_file": "./docs/apps/demo/emails/static/codepen-challengers.png_docs.md",
    "type": "binary",
    "size": 111922,
    "status": "success",
    "timestamp": "2025-11-15T20:37:33.359931Z"
  },
  {
    "file": "apps/demo/emails/static/codepen-cube.png",
    "docs_file": "./docs/apps/demo/emails/static/codepen-cube.png_docs.md",
    "type": "binary",
    "size": 250648,
    "status": "success",
    "timestamp": "2025-11-15T20:37:33.360663Z"
  },
  {
    "file": "apps/demo/emails/static/codepen-pro.png",
    "docs_file": "./docs/apps/demo/emails/static/codepen-pro.png_docs.md",
    "type": "binary",
    "size": 4357,
    "status": "success",
    "timestamp": "2025-11-15T20:37:33.361318Z"
  },
  {
    "file": "apps/demo/emails/static/dropbox-logo.png",
    "docs_file": "./docs/apps/demo/emails/static/dropbox-logo.png_docs.md",
    "type": "binary",
    "size": 2586,
    "status": "success",
    "timestamp": "2025-11-15T20:37:33.361932Z"
  },
  {
    "file": "apps/demo/emails/static/github.png",
    "docs_file": "./docs/apps/demo/emails/static/github.png_docs.md",
    "type": "binary",
    "size": 2279,
    "status": "success",
    "timestamp": "2025-11-15T20:37:33.362477Z"
  },
  {
    "file": "apps/demo/emails/static/google-play-academy.png",
    "docs_file": "./docs/apps/demo/emails/static/google-play-academy.png_docs.md",
    "type": "binary",
    "size": 2422,
    "status": "success",
    "timestamp": "2025-11-15T20:37:33.362979Z"
  },
  {
    "file": "apps/demo/emails/static/google-play-chat.png",
    "docs_file": "./docs/apps/demo/emails/static/google-play-chat.png_docs.md",
    "type": "binary",
    "size": 2266,
    "status": "success",
    "timestamp": "2025-11-15T20:37:33.363471Z"
  },
  {
    "file": "apps/demo/emails/static/google-play-footer.png",
    "docs_file": "./docs/apps/demo/emails/static/google-play-footer.png_docs.md",
    "type": "binary",
    "size": 24850,
    "status": "success",
    "timestamp": "2025-11-15T20:37:33.364063Z"
  },
  {
    "file": "apps/demo/emails/static/google-play-header.png",
    "docs_file": "./docs/apps/demo/emails/static/google-play-header.png_docs.md",
    "type": "binary",
    "size": 9992,
    "status": "success",
    "timestamp": "2025-11-15T20:37:33.364622Z"
  },
  {
    "file": "apps/demo/emails/static/google-play-icon.png",
    "docs_file": "./docs/apps/demo/emails/static/google-play-icon.png_docs.md",
    "type": "binary",
    "size": 4388,
    "status": "success",
    "timestamp": "2025-11-15T20:37:33.365152Z"
  },
  {
    "file": "apps/demo/emails/static/google-play-logo.png",
    "docs_file": "./docs/apps/demo/emails/static/google-play-logo.png_docs.md",
    "type": "binary",
    "size": 9344,
    "status": "success",
    "timestamp": "2025-11-15T20:37:33.365587Z"
  },
  {
    "file": "apps/demo/emails/static/google-play-pl.png",
    "docs_file": "./docs/apps/demo/emails/static/google-play-pl.png_docs.md",
    "type": "binary",
    "size": 4388,
    "status": "success",
    "timestamp": "2025-11-15T20:37:33.366069Z"
  },
  {
    "file": "apps/demo/emails/static/google-play.png",
    "docs_file": "./docs/apps/demo/emails/static/google-play.png_docs.md",
    "type": "binary",
    "size": 9344,
    "status": "success",
    "timestamp": "2025-11-15T20:37:33.366568Z"
  },
  {
    "file": "apps/demo/emails/static/koala-logo.png",
    "docs_file": "./docs/apps/demo/emails/static/koala-logo.png_docs.md",
    "type": "binary",
    "size": 98923,
    "status": "success",
    "timestamp": "2025-11-15T20:37:33.366989Z"
  },
  {
    "file": "apps/demo/emails/static/linear-logo.png",
    "docs_file": "./docs/apps/demo/emails/static/linear-logo.png_docs.md",
    "type": "binary",
    "size": 2387,
    "status": "success",
    "timestamp": "2025-11-15T20:37:33.367424Z"
  },
  {
    "file": "apps/demo/emails/static/netlify-logo.png",
    "docs_file": "./docs/apps/demo/emails/static/netlify-logo.png_docs.md",
    "type": "binary",
    "size": 2191,
    "status": "success",
    "timestamp": "2025-11-15T20:37:33.367843Z"
  },
  {
    "file": "apps/demo/emails/static/nike-logo.png",
    "docs_file": "./docs/apps/demo/emails/static/nike-logo.png_docs.md",
    "type": "binary",
    "size": 58986,
    "status": "success",
    "timestamp": "2025-11-15T20:37:33.368246Z"
  },
  {
    "file": "apps/demo/emails/static/nike-phone.png",
    "docs_file": "./docs/apps/demo/emails/static/nike-phone.png_docs.md",
    "type": "binary",
    "size": 18280,
    "status": "success",
    "timestamp": "2025-11-15T20:37:33.368689Z"
  },
  {
    "file": "apps/demo/emails/static/nike-product.png",
    "docs_file": "./docs/apps/demo/emails/static/nike-product.png_docs.md",
    "type": "binary",
    "size": 238758,
    "status": "success",
    "timestamp": "2025-11-15T20:37:33.369106Z"
  },
  {
    "file": "apps/demo/emails/static/nike-recomendation-1.png",
    "docs_file": "./docs/apps/demo/emails/static/nike-recomendation-1.png_docs.md",
    "type": "binary",
    "size": 73478,
    "status": "success",
    "timestamp": "2025-11-15T20:37:33.369511Z"
  },
  {
    "file": "apps/demo/emails/static/nike-recomendation-2.png",
    "docs_file": "./docs/apps/demo/emails/static/nike-recomendation-2.png_docs.md",
    "type": "binary",
    "size": 102114,
    "status": "success",
    "timestamp": "2025-11-15T20:37:33.369949Z"
  },
  {
    "file": "apps/demo/emails/static/nike-recomendation-3.png",
    "docs_file": "./docs/apps/demo/emails/static/nike-recomendation-3.png_docs.md",
    "type": "binary",
    "size": 57050,
    "status": "success",
    "timestamp": "2025-11-15T20:37:33.370396Z"
  },
  {
    "file": "apps/demo/emails/static/nike-recomendation-4.png",
    "docs_file": "./docs/apps/demo/emails/static/nike-recomendation-4.png_docs.md",
    "type": "binary",
    "size": 184252,
    "status": "success",
    "timestamp": "2025-11-15T20:37:33.370856Z"
  },
  {
    "file": "apps/demo/emails/static/notion-logo.png",
    "docs_file": "./docs/apps/demo/emails/static/notion-logo.png_docs.md",
    "type": "binary",
    "size": 1929,
    "status": "success",
    "timestamp": "2025-11-15T20:37:33.371293Z"
  },
  {
    "file": "apps/demo/emails/static/plaid-logo.png",
    "docs_file": "./docs/apps/demo/emails/static/plaid-logo.png_docs.md",
    "type": "binary",
    "size": 3987,
    "status": "success",
    "timestamp": "2025-11-15T20:37:33.371724Z"
  },
  {
    "file": "apps/demo/emails/static/raycast-bg.png",
    "docs_file": "./docs/apps/demo/emails/static/raycast-bg.png_docs.md",
    "type": "binary",
    "size": 167204,
    "status": "success",
    "timestamp": "2025-11-15T20:37:33.372164Z"
  },
  {
    "file": "apps/demo/emails/static/raycast-logo.png",
    "docs_file": "./docs/apps/demo/emails/static/raycast-logo.png_docs.md",
    "type": "binary",
    "size": 11615,
    "status": "success",
    "timestamp": "2025-11-15T20:37:33.372557Z"
  },
  {
    "file": "apps/demo/emails/static/slack-facebook.png",
    "docs_file": "./docs/apps/demo/emails/static/slack-facebook.png_docs.md",
    "type": "binary",
    "size": 547,
    "status": "success",
    "timestamp": "2025-11-15T20:37:33.373008Z"
  },
  {
    "file": "apps/demo/emails/static/slack-linkedin.png",
    "docs_file": "./docs/apps/demo/emails/static/slack-linkedin.png_docs.md",
    "type": "binary",
    "size": 585,
    "status": "success",
    "timestamp": "2025-11-15T20:37:33.373470Z"
  },
  {
    "file": "apps/demo/emails/static/slack-logo.png",
    "docs_file": "./docs/apps/demo/emails/static/slack-logo.png_docs.md",
    "type": "binary",
    "size": 3652,
    "status": "success",
    "timestamp": "2025-11-15T20:37:33.373938Z"
  },
  {
    "file": "apps/demo/emails/static/slack-twitter.png",
    "docs_file": "./docs/apps/demo/emails/static/slack-twitter.png_docs.md",
    "type": "binary",
    "size": 617,
    "status": "success",
    "timestamp": "2025-11-15T20:37:33.374516Z"
  },
  {
    "file": "apps/demo/emails/static/stack-overflow-header.png",
    "docs_file": "./docs/apps/demo/emails/static/stack-overflow-header.png_docs.md",
    "type": "binary",
    "size": 6802,
    "status": "success",
    "timestamp": "2025-11-15T20:37:33.375105Z"
  },
  {
    "file": "apps/demo/emails/static/stack-overflow-logo-sm.png",
    "docs_file": "./docs/apps/demo/emails/static/stack-overflow-logo-sm.png_docs.md",
    "type": "binary",
    "size": 6449,
    "status": "success",
    "timestamp": "2025-11-15T20:37:33.375569Z"
  },
  {
    "file": "apps/demo/emails/static/stack-overflow-logo.png",
    "docs_file": "./docs/apps/demo/emails/static/stack-overflow-logo.png_docs.md",
    "type": "binary",
    "size": 1785,
    "status": "success",
    "timestamp": "2025-11-15T20:37:33.376047Z"
  },
  {
    "file": "apps/demo/emails/static/stripe-logo.png",
    "docs_file": "./docs/apps/demo/emails/static/stripe-logo.png_docs.md",
    "type": "binary",
    "size": 1813,
    "status": "success",
    "timestamp": "2025-11-15T20:37:33.376500Z"
  },
  {
    "file": "apps/demo/emails/static/twitch-icon-facebook.png",
    "docs_file": "./docs/apps/demo/emails/static/twitch-icon-facebook.png_docs.md",
    "type": "binary",
    "size": 213,
    "status": "success",
    "timestamp": "2025-11-15T20:37:33.376993Z"
  },
  {
    "file": "apps/demo/emails/static/twitch-icon-twitter.png",
    "docs_file": "./docs/apps/demo/emails/static/twitch-icon-twitter.png_docs.md",
    "type": "binary",
    "size": 327,
    "status": "success",
    "timestamp": "2025-11-15T20:37:33.377478Z"
  },
  {
    "file": "apps/demo/emails/static/twitch-logo.png",
    "docs_file": "./docs/apps/demo/emails/static/twitch-logo.png_docs.md",
    "type": "binary",
    "size": 1566,
    "status": "success",
    "timestamp": "2025-11-15T20:37:33.378024Z"
  },
  {
    "file": "apps/demo/emails/static/vercel-arrow.png",
    "docs_file": "./docs/apps/demo/emails/static/vercel-arrow.png_docs.md",
    "type": "binary",
    "size": 426,
    "status": "success",
    "timestamp": "2025-11-15T20:37:33.378501Z"
  },
  {
    "file": "apps/demo/emails/static/vercel-logo.png",
    "docs_file": "./docs/apps/demo/emails/static/vercel-logo.png_docs.md",
    "type": "binary",
    "size": 1178,
    "status": "success",
    "timestamp": "2025-11-15T20:37:33.379070Z"
  },
  {
    "file": "apps/demo/emails/static/vercel-team.png",
    "docs_file": "./docs/apps/demo/emails/static/vercel-team.png_docs.md",
    "type": "binary",
    "size": 3122,
    "status": "success",
    "timestamp": "2025-11-15T20:37:33.379572Z"
  },
  {
    "file": "apps/demo/emails/static/vercel-user.png",
    "docs_file": "./docs/apps/demo/emails/static/vercel-user.png_docs.md",
    "type": "binary",
    "size": 478920,
    "status": "success",
    "timestamp": "2025-11-15T20:37:33.380063Z"
  },
  {
    "file": "apps/demo/emails/static/yelp-footer.png",
    "docs_file": "./docs/apps/demo/emails/static/yelp-footer.png_docs.md",
    "type": "binary",
    "size": 25402,
    "status": "success",
    "timestamp": "2025-11-15T20:37:33.380524Z"
  },
  {
    "file": "apps/demo/emails/static/yelp-header.png",
    "docs_file": "./docs/apps/demo/emails/static/yelp-header.png_docs.md",
    "type": "binary",
    "size": 7533,
    "status": "success",
    "timestamp": "2025-11-15T20:37:33.380991Z"
  },
  {
    "file": "apps/demo/emails/static/yelp-logo.png",
    "docs_file": "./docs/apps/demo/emails/static/yelp-logo.png_docs.md",
    "type": "binary",
    "size": 1900,
    "status": "success",
    "timestamp": "2025-11-15T20:37:33.381424Z"
  }
]